﻿<Counter>
  <Author>IFS RnD</Author>
  <CopiedFrom>26b0c3e7-a726-4c9e-9617-2c152017cc32</CopiedFrom>
  <DescriptiveText>This indicated the vouchers created with status 'error'</DescriptiveText>
  <LastModified>2019-08-29-11.23.33</LastModified>
  <Locked>true</Locked>
  <Title>VOUCHERS WITH ERRORS</Title>
  <ClientTypes>Web</ClientTypes>
  <Background>#FF006996</Background>
  <BackgroundOpacity>0.8</BackgroundOpacity>
  <Name>FI Aurena Vouchers with Errors, AR</Name>
  <ID>53769211-d0a2-4ec3-b400-52d3e6479f3c</ID>
  <WebUrl>page/VouchersAnalysis/List?contexts=Company:$Company$&amp;$filter=Objstate eq IfsApp.VouchersAnalysis.VoucherState'Error' and VoucherUpdatedDb eq 'N' and (FunctionGroup eq 'B' or FunctionGroup  eq 'CB' or FunctionGroup  eq 'D' or FunctionGroup  eq 'F' or FunctionGroup  eq 'G' or FunctionGroup  eq 'K' or FunctionGroup  eq 'M' or FunctionGroup  eq 'N')</WebUrl>
  <PassDataToForm>false</PassDataToForm>
  <FormMappings />
  <DataSourceId>a5f22a7a-0386-4873-a078-780fb5395e7c</DataSourceId>
  <ColumnMapping>
    <MappedColumns>
      <MappedColumn>
        <Column>COUNT(voucher_no)</Column>
        <ConditionalFormats />
      </MappedColumn>
    </MappedColumns>
  </ColumnMapping>
  <UseThousandSeparator>true</UseThousandSeparator>
</Counter>