﻿<Image>
  <Author>IFS RnD</Author>
  <CopiedFrom>5d63224e-6ba9-4c2b-b501-26633ec6804f</CopiedFrom>
  <LastModified>2019-08-29-11.32.54</LastModified>
  <Locked>true</Locked>
  <ColumnSpan>2</ColumnSpan>
  <Title>ACCOUNTS RECEIVABLES</Title>
  <TitleVisible>false</TitleVisible>
  <ClientTypes>Web</ClientTypes>
  <Background>#00FFFFFF</Background>
  <Image>local:Element/element_backdrop_27.jpg</Image>
  <Name>FI Aurena Image 1 AR</Name>
  <ID>f1e06636-35cf-4f2e-9c39-1006fa972238</ID>
  <FormMappings />
</Image>