﻿<SQLDataSource>
  <Author>IFS RnD</Author>
  <LastModified>2015-08-24-11.20.16</LastModified>
  <Locked>true</Locked>
  <Name>FI Overdue Customer Balance</Name>
  <ID>FI Overdue Customer Balance</ID>
  <Select>
    <DataColumn>
      <Column>identity</Column>
      <Name>Customer ID</Name>
    </DataColumn>
    <DataColumn>
      <Column>SUM(gross_amount)</Column>
      <Name>Total Gross Amount</Name>
      <DataType>Currency</DataType>
    </DataColumn>
    <DataColumn>
      <Column>SUM(gross_dom_amount)</Column>
      <Name>Total Gross Dom Amount</Name>
      <DataType>Currency</DataType>
    </DataColumn>
  </Select>
  <Where>company = '$COMPANY$' AND objstate &lt;&gt; 'Cancelled' AND objstate &lt;&gt; 'PaidPosted' AND TRUNC(due_date) &lt; TRUNC(sysdate)</Where>
  <View>OUTGOING_INVOICE2</View>
  <OrderBy>SUM(gross_dom_amount) DESC</OrderBy>
  <GroupBy>identity</GroupBy>
</SQLDataSource>