﻿<Text>
  <Author>IFS RnD</Author>
  <CopiedFrom>88a67c86-0b8a-4fe4-be33-9a3cfeae6972</CopiedFrom>
  <Keywords>ratios for accounts receivable</Keywords>
  <DescriptiveText>This is a manually entered text element</DescriptiveText>
  <LastModified>2019-08-29-11.35.45</LastModified>
  <Locked>true</Locked>
  <ColumnSpan>2</ColumnSpan>
  <Title>RATIOS</Title>
  <ClientTypes>Web</ClientTypes>
  <BackgroundOpacity>0.8</BackgroundOpacity>
  <ImageOpacity>0.2</ImageOpacity>
  <Name>FI Aurena Ratios, AR</Name>
  <ID>f0e25081-faa8-4096-a8db-cbba9c21e6d9</ID>
  <PassDataToForm>false</PassDataToForm>
  <FormMappings />
  <BodyText>
Current Ratio: 2.6
Quick Ratio: 1.3
Cash Ratio: 0.4
Debt Ratio: 18%
Int. Coverage: 74
FA T/O Ratio: 4.9
</BodyText>
  <VerticalAlignment>Center</VerticalAlignment>
</Text>