﻿<Image>
  <Author>IFS RnD</Author>
  <CopiedFrom>0c601545-41d0-4440-a4ac-18b39523507c</CopiedFrom>
  <LastModified>2019-08-29-11.34.42</LastModified>
  <Locked>true</Locked>
  <RowSpan>2</RowSpan>
  <ColumnSpan>2</ColumnSpan>
  <Title>ACCOUNTS RECEIVABLES</Title>
  <TitleVisible>false</TitleVisible>
  <ClientTypes>Web</ClientTypes>
  <Background>#00FFFFFF</Background>
  <Image>local:Element/element_backdrop_45.jpg</Image>
  <Name>FI Aurena Image 2 AR</Name>
  <ID>829ae64e-0d38-4b38-b2e9-c0d60412740d</ID>
  <FormMappings />
</Image>