﻿<SQLDataSource>
  <Author>IFS RnD</Author>
  <CopiedFrom>cf24f1a3-0941-4cf6-bb73-d3c7a873c540</CopiedFrom>
  <LastModified>2015-08-24-11.17.42</LastModified>
  <Locked>true</Locked>
  <Name>FI External Payments Waiting to be Created - AR</Name>
  <ID>a05e7516-6cdd-4d88-9baa-620b10f7aa58</ID>
  <Select>
    <DataColumn>
      <Column>count(LOAD_ID)</Column>
      <Name>count</Name>
      <DataType>Number</DataType>
    </DataColumn>
  </Select>
  <Where>company = '$COMPANY$' AND objstate != 'Used'</Where>
  <View>ext_payment_head</View>
</SQLDataSource>