﻿<Counter>
  <Author>IFS RnD</Author>
  <CopiedFrom>958a4110-c67e-4ee4-8fe0-8bd3d1ac722e</CopiedFrom>
  <Keywords>customer advance payments</Keywords>
  <DescriptiveText>Customer advance payments</DescriptiveText>
  <LastModified>2019-08-29-11.28.44</LastModified>
  <Locked>true</Locked>
  <Title>ADVANCE PAYMENT AMOUNT</Title>
  <ClientTypes>Web</ClientTypes>
  <Background>#FF4B4A4D</Background>
  <BackgroundOpacity>0.8</BackgroundOpacity>
  <ImageOpacity>0.1</ImageOpacity>
  <Name>FI Aurena Customer Advance Payments, Amount</Name>
  <ID>be43a10d-e9c5-4d1e-b5ac-ceda8cc16562</ID>
  <WebUrl>page/ReceivablesAnalysis/List?contexts=Company:$Company$</WebUrl>
  <PassDataToForm>false</PassDataToForm>
  <FormMappings />
  <DataSourceId>a81f4e46-788c-4ed8-98c7-309d8bcd159b</DataSourceId>
  <ColumnMapping>
    <MappedColumns>
      <MappedColumn>
        <Column>ABS(SUM(pre_payment_balance))</Column>
        <ConditionalFormats />
      </MappedColumn>
    </MappedColumns>
  </ColumnMapping>
  <UseThousandSeparator>true</UseThousandSeparator>
</Counter>