﻿<SQLDataSource>
  <Author>IFS RnD</Author>
  <CopiedFrom>9866beab-ba1a-4657-81b1-a6fb97af6d70</CopiedFrom>
  <LastModified>2015-08-24-11.21.42</LastModified>
  <Locked>true</Locked>
  <Name>FI Vouchers with Errors, AR</Name>
  <ID>a5f22a7a-0386-4873-a078-780fb5395e7c</ID>
  <Select>
    <DataColumn>
      <Column>COUNT(voucher_no)</Column>
      <Name>Count</Name>
      <DataType>Number</DataType>
    </DataColumn>
  </Select>
  <Where>company = '$COMPANY$' AND objstate = 'Error' AND voucher_updated_db ='N' AND function_group IN ('B', 'CB', 'D', 'F', 'G', 'K', 'M', 'N')</Where>
  <View>VOUCHER</View>
</SQLDataSource>