﻿<SQLDataSource>
  <Author>IFS RnD</Author>
  <CopiedFrom>ec14bd45-f8b7-482d-b084-9eddf3d0be39</CopiedFrom>
  <LastModified>2015-08-24-11.18.58</LastModified>
  <Locked>true</Locked>
  <Name>FI Not Approved Cashbox Transactions - AR</Name>
  <ID>16606e5c-8d93-4561-bb70-6e9e078908fa</ID>
  <Select>
    <DataColumn>
      <Column>COUNT(mixed_payment_id)</Column>
      <Name>Count</Name>
      <DataType>Number</DataType>
    </DataColumn>
  </Select>
  <Where>company = '$COMPANY$' AND objstate = 'Entered'</Where>
  <View>CASH_BOX</View>
</SQLDataSource>