﻿<Counter>
  <Author>IFS RnD</Author>
  <CopiedFrom>9c847574-0348-4fa9-8c0e-4302314387cf</CopiedFrom>
  <DescriptiveText>Customer Invoice Write-off at payment for the AR</DescriptiveText>
  <LastModified>2019-08-29-11.27.09</LastModified>
  <Locked>true</Locked>
  <Title>PAYMENT WRITE-OFF</Title>
  <ClientTypes>Web</ClientTypes>
  <Background>#FF4B4A4D</Background>
  <BackgroundOpacity>0.8</BackgroundOpacity>
  <Name>FI Aurena Customer Write-off Total - AR</Name>
  <ID>0208a89d-4ff5-40fb-abfb-e88eab81053b</ID>
  <PassDataToForm>false</PassDataToForm>
  <FormMappings />
  <DataSourceId>e12787df-65bc-414c-b8a7-a4ae7d3b2c4a</DataSourceId>
  <ColumnMapping>
    <MappedColumns>
      <MappedColumn>
        <Column>NVL(SUM(amount), 0)</Column>
        <ConditionalFormats />
      </MappedColumn>
    </MappedColumns>
  </ColumnMapping>
  <DecimalPlaces>2</DecimalPlaces>
  <RoundValue>true</RoundValue>
</Counter>