﻿<Counter>
  <Author>IFS RnD</Author>
  <CopiedFrom>3b4966ad-bae4-4342-be6f-3276531dec3d</CopiedFrom>
  <DescriptiveText>Not approved mixed payment transactions - month end process</DescriptiveText>
  <LastModified>2020-03-03-19.56.21</LastModified>
  <Locked>true</Locked>
  <Title>NOT APPROVED MIXED PAYMENTS</Title>
  <ClientTypes>Web</ClientTypes>
  <Background>#FFFFFFFF</Background>
  <BackgroundOpacity>0.8</BackgroundOpacity>
  <Foreground>#FF4B4A4D</Foreground>
  <Name>FI Aurena Not Approved Mixed Payment Transactions - AR</Name>
  <ID>a04e4159-6e81-46be-99ff-ccb388054b5d</ID>
  <WebUrl>page/MixedPaymentsAnalysis/List?contexts=Company:$Company$&amp;searchcontext=CallingFromLobby:'AR'</WebUrl>
  <PassDataToForm>false</PassDataToForm>
  <FormMappings />
  <DataSourceId>402e4772-dcc6-4c9e-9cd3-c61d25458ace</DataSourceId>
  <ColumnMapping>
    <MappedColumns>
      <MappedColumn>
        <Column>COUNT(mixed_payment_id)</Column>
        <ConditionalFormats />
      </MappedColumn>
    </MappedColumns>
  </ColumnMapping>
  <UseThousandSeparator>true</UseThousandSeparator>
</Counter>