﻿<List>
  <Author>IFS RnD</Author>
  <CopiedFrom>aed10a3c-ec07-4298-8d44-7401c69ead8b</CopiedFrom>
  <LastModified>2019-08-29-11.35.11</LastModified>
  <Locked>true</Locked>
  <ColumnSpan>2</ColumnSpan>
  <Title>CUSTOMERS WITH NEGATIVE BALANCE</Title>
  <ClientTypes>Web</ClientTypes>
  <Background>#FFFFFFFF</Background>
  <BackgroundOpacity>0.8</BackgroundOpacity>
  <Foreground>#FF4B4A4D</Foreground>
  <ImageOpacity>0.1</ImageOpacity>
  <Name>FI Aurena Customers with Negative Balance</Name>
  <ID>f065fc5a-b407-431b-acc5-f911a7e28207</ID>
  <WebUrl>page/CustomerAnalysis/Form?contexts=Company:$Company$&amp;$filter=Identity eq $[identity]</WebUrl>
  <PassDataToForm>false</PassDataToForm>
  <FormMappings />
  <DataSourceId>04145074-91c2-46bb-8f21-a375a7efed9e</DataSourceId>
  <ColumnMapping>
    <MappedColumns>
      <MappedColumn>
        <Column>identity</Column>
        <Name>Customer ID</Name>
        <DisplayName>Customer</DisplayName>
        <Width>30</Width>
        <IsNavigateParam>false</IsNavigateParam>
        <NavigateTarget>identity</NavigateTarget>
        <ConditionalFormats />
      </MappedColumn>
      <MappedColumn>
        <Column>balance</Column>
        <Name>Balance</Name>
        <DisplayName>Negative Balance</DisplayName>
        <Width>50</Width>
        <IsNavigateParam>false</IsNavigateParam>
        <NavigateTarget>balance</NavigateTarget>
        <ConditionalFormats />
      </MappedColumn>
    </MappedColumns>
    <ShowColumnHeaders>true</ShowColumnHeaders>
  </ColumnMapping>
</List>