﻿<Counter>
  <Author>EntChathI</Author>
  <LastModified>2021-04-08-09.27.06</LastModified>
  <Title>Blocked Orders</Title>
  <ClientTypes>Web</ClientTypes>
  <Name>C_EA_Blocked_Orders</Name>
  <ID>8a7b67c7-80d1-4201-82f9-c84f60835eb0</ID>
  <WebUrl>page/HandleBlockedCustomerOrders/List</WebUrl>
  <PassFilterToWebPage>true</PassFilterToWebPage>
  <FormMappings />
  <DataSourceId>07d7e323-b5cb-4553-be61-e097ef740bd6</DataSourceId>
  <ColumnMapping>
    <MappedColumns>
      <MappedColumn>
        <Column>*</Column>
        <Aggregate>COUNT</Aggregate>
        <ConditionalFormats />
      </MappedColumn>
    </MappedColumns>
  </ColumnMapping>
</Counter>