﻿<SQLDataSource>
  <Author>IFS RnD</Author>
  <CopiedFrom>6c5a084b-12e3-4093-92c4-d5a3b2232c5c</CopiedFrom>
  <LastModified>2015-08-24-11.15.27</LastModified>
  <Locked>true</Locked>
  <Name>FI Credit Blocked Customers with Receivable Amount</Name>
  <ID>3a5db68c-4061-4f4a-b918-5eaa34eabb9e</ID>
  <Select>
    <DataColumn>
      <Column>identity</Column>
      <Name>Customer ID</Name>
    </DataColumn>
    <DataColumn>
      <Column>SUM(net_dom_amount + vat_dom_amount)</Column>
      <Name>Total Gross Amount</Name>
      <DataType>Currency</DataType>
    </DataColumn>
  </Select>
  <Where>company = '$COMPANY$' AND objstate NOT IN ('Cancelled','PaidPosted','PaidPrelPosted') AND EXISTS (SELECT 1 FROM &amp;AO.CUSTOMER_CREDIT_INFO c WHERE c.company = OUT_INVOICE_UTIL_INV_HEAD_PUB.company AND c.identity = OUT_INVOICE_UTIL_INV_HEAD_PUB.identity AND c.credit_block = 'TRUE')</Where>
  <View>OUT_INVOICE_UTIL_INV_HEAD_PUB</View>
  <OrderBy>SUM(net_dom_amount + vat_dom_amount) DESC</OrderBy>
  <GroupBy>identity</GroupBy>
</SQLDataSource>