﻿<Counter>
  <Author>IFS RnD</Author>
  <CopiedFrom>f45081e4-04c0-406e-949a-a1261649382c</CopiedFrom>
  <LastModified>2020-03-12-12.06.37</LastModified>
  <Locked>true</Locked>
  <Title>NOT DUE INVOICES</Title>
  <ClientTypes>Web</ClientTypes>
  <Background>#FF4B4A4D</Background>
  <BackgroundOpacity>0.8</BackgroundOpacity>
  <ImageOpacity>0.3</ImageOpacity>
  <Name>FI Aurena Customer Invoices Not Due, Count</Name>
  <ID>da708c27-7e07-4435-b6c6-78997688eca9</ID>
  <WebUrl>page/CustomerInstallmentsAnalysis/List?contexts=Company:$Company$&amp;$filter=Objstate ne IfsApp.CustomerInstallmentsAnalysis.PaymentPlanState'Paid' and Cancelled ne true and PaymentDate gt #TODAY#</WebUrl>
  <PassDataToForm>false</PassDataToForm>
  <FormMappings />
  <DataSourceId>FI Open Invoices - Customer</DataSourceId>
  <ColumnMapping>
    <MappedColumns>
      <MappedColumn>
        <Column>COUNT(DISTINCT(invoice_id))</Column>
        <ConditionalFormats />
      </MappedColumn>
    </MappedColumns>
  </ColumnMapping>
  <UseThousandSeparator>true</UseThousandSeparator>
</Counter>