﻿<Counter>
  <Author>IFS RnD</Author>
  <CopiedFrom>1906ef3f-693a-4e77-88e7-42e43443b47e</CopiedFrom>
  <DescriptiveText>Not approved cashbox transactions - month end process</DescriptiveText>
  <LastModified>2019-08-29-11.33.12</LastModified>
  <Locked>true</Locked>
  <Title>NOT APPROVED CASH BOXES</Title>
  <ClientTypes>Web</ClientTypes>
  <Background>#FFFFFFFF</Background>
  <BackgroundOpacity>0.8</BackgroundOpacity>
  <Foreground>#FF4B4A4D</Foreground>
  <Name>FI Aurena Not Approved Cashbox Transactions - AR</Name>
  <ID>c76bbf90-7261-4315-90b9-4f07bf904087</ID>
  <WebUrl>page/CashBoxesAnalysis/CashBoxesAnalysis?contexts=Company:$Company$&amp;$filter=Objstate eq IfsApp.CashBoxesAnalysis.CashBoxState'Entered'</WebUrl>
  <PassDataToForm>false</PassDataToForm>
  <FormMappings />
  <DataSourceId>16606e5c-8d93-4561-bb70-6e9e078908fa</DataSourceId>
  <ColumnMapping>
    <MappedColumns>
      <MappedColumn>
        <Column>COUNT(mixed_payment_id)</Column>
        <ConditionalFormats />
      </MappedColumn>
    </MappedColumns>
  </ColumnMapping>
  <UseThousandSeparator>true</UseThousandSeparator>
</Counter>