﻿<BarChart>
  <Author>IFS RnD</Author>
  <CopiedFrom>4ba9dfae-f8c1-40a6-a2b6-d363d935d4c3</CopiedFrom>
  <LastModified>2020-03-12-14.02.04</LastModified>
  <Locked>true</Locked>
  <RowSpan>2</RowSpan>
  <ColumnSpan>2</ColumnSpan>
  <Title>CUSTOMER AGING</Title>
  <ClientTypes>Web</ClientTypes>
  <Background>#FFFFFFFF</Background>
  <BackgroundOpacity>0.2</BackgroundOpacity>
  <Foreground>#FF4B4A4D</Foreground>
  <Name>FI Aurena Customer Aging</Name>
  <ID>85089f48-268f-432e-986b-86399fbbf814</ID>
  <WebUrl>page/CustomerAgingAnalysis/Form?contexts=Company:$Company$</WebUrl>
  <PassDataToForm>false</PassDataToForm>
  <FormMappings />
  <DataSourceId>2c31ef6f-8e56-4607-b82d-cb5ec6568b66</DataSourceId>
  <ColumnMapping>
    <MappedColumns>
      <MappedColumn>
        <Column>bucket_desc</Column>
        <Name>Bucket Name</Name>
        <DisplayName>Bucket Name</DisplayName>
        <IsNavigateParam>false</IsNavigateParam>
        <NavigateTarget>bucket_desc</NavigateTarget>
        <ConditionalFormats />
      </MappedColumn>
      <MappedColumn>
        <Column>bucket_value</Column>
        <Name>SUMBucket Value</Name>
        <DisplayName>SUMBucket Value</DisplayName>
        <Aggregate>SUM</Aggregate>
        <ConditionalFormats />
      </MappedColumn>
      <MappedColumn>
        <Column>start_day</Column>
        <Name>Start day</Name>
        <DisplayName>Start day</DisplayName>
        <NavigateTarget>start_day</NavigateTarget>
        <ConditionalFormats />
      </MappedColumn>
    </MappedColumns>
  </ColumnMapping>
  <XYDataSeries>
    <TopNOptions>
      <Enabled>false</Enabled>
    </TopNOptions>
    <XColumn>
      <Name>bucket_desc</Name>
    </XColumn>
    <YColumn>
      <Name>bucket_value</Name>
      <Aggregate>SUM</Aggregate>
    </YColumn>
    <FColumn>
      <Name>start_day</Name>
    </FColumn>
  </XYDataSeries>
  <OptionalDataSeries />
  <UseMultiSeries>true</UseMultiSeries>
  <XAxisTitle>Aging Bucket</XAxisTitle>
  <YAxisTitle>Amount</YAxisTitle>
  <Orientation>HORIZONTAL</Orientation>
</BarChart>