﻿<Counter>
  <Author>IFS RnD</Author>
  <CopiedFrom>5c6a0c4a-dbc1-4c8f-84c6-329c7cd01871</CopiedFrom>
  <DescriptiveText>This indicate the vouchers to update, related to accounts receivable.</DescriptiveText>
  <LastModified>2019-08-29-11.26.52</LastModified>
  <Locked>true</Locked>
  <Title>VOUCHERS TO UPDATE</Title>
  <ClientTypes>Web</ClientTypes>
  <Background>#FF4B4A4D</Background>
  <BackgroundOpacity>0.8</BackgroundOpacity>
  <ImageOpacity>0.1</ImageOpacity>
  <Name>FI Aurena Vouchers to Update, AR</Name>
  <ID>58b384de-abbc-40dd-820f-46c93117cbda</ID>
  <WebUrl>page/VouchersAnalysis/List?contexts=Company:$Company$&amp;$filter=VoucherUpdatedDb eq 'N' and (FunctionGroup eq 'B' or FunctionGroup  eq 'CB' or FunctionGroup  eq 'D' or FunctionGroup  eq 'F' or FunctionGroup  eq 'G' or FunctionGroup  eq 'K' or FunctionGroup  eq 'M' or FunctionGroup  eq 'N')</WebUrl>
  <PassDataToForm>false</PassDataToForm>
  <FormMappings />
  <DataSourceId>528151b8-5000-4748-8e36-70e6156fd3a0</DataSourceId>
  <ColumnMapping>
    <MappedColumns>
      <MappedColumn>
        <Column>COUNT(voucher_no)</Column>
        <ConditionalFormats />
      </MappedColumn>
    </MappedColumns>
  </ColumnMapping>
  <UseThousandSeparator>true</UseThousandSeparator>
</Counter>