﻿<Counter>
  <Author>IFS RnD</Author>
  <CopiedFrom>7c805752-5459-4de8-9a34-4b7fbb6efba1</CopiedFrom>
  <Keywords>customer invoices due today</Keywords>
  <DescriptiveText>Customer invoices due today, amount</DescriptiveText>
  <LastModified>2020-03-12-14.43.22</LastModified>
  <Locked>true</Locked>
  <Title>INVOICE AMOUNT DUE TODAY</Title>
  <ClientTypes>Web</ClientTypes>
  <Background>#FF006996</Background>
  <BackgroundOpacity>0.8</BackgroundOpacity>
  <ImageOpacity>0.3</ImageOpacity>
  <Name>FI Aurena Customer Invoices Due Today, Amount</Name>
  <ID>5e7b67a1-d0b7-496f-a58b-5132b273f6af</ID>
  <WebUrl>page/CustomerInstallmentsAnalysis/List?contexts=Company:$Company$&amp;$filter=Objstate ne IfsApp.CustomerInstallmentsAnalysis.PaymentPlanState'Paid' and Cancelled ne true and PaymentDate eq #TODAY#</WebUrl>
  <PassDataToForm>false</PassDataToForm>
  <FormMappings />
  <DataSourceId>e2581622-4345-4b5a-8985-586c5cd822a4</DataSourceId>
  <ColumnMapping>
    <MappedColumns>
      <MappedColumn>
        <Column>SUM(dom_amount - cleared_dom_amount)</Column>
        <ConditionalFormats />
      </MappedColumn>
    </MappedColumns>
  </ColumnMapping>
  <UseThousandSeparator>true</UseThousandSeparator>
</Counter>