﻿<SQLDataSource>
  <Author>IFS RnD</Author>
  <LastModified>2015-08-24-11.18.15</LastModified>
  <Locked>true</Locked>
  <Name>FI Invoices Due Today, Amount - Customer</Name>
  <ID>e2581622-4345-4b5a-8985-586c5cd822a4</ID>
  <Select>
    <DataColumn>
      <Column>SUM(curr_amount - cleared_curr_amount)</Column>
      <Name>Total Open Amount</Name>
      <DataType>Currency</DataType>
    </DataColumn>
    <DataColumn>
      <Column>SUM(dom_amount - cleared_dom_amount)</Column>
      <Name>Total Open Dom Amount</Name>
      <DataType>Currency</DataType>
    </DataColumn>
  </Select>
  <Where>company = '$COMPANY$' AND objstate &lt;&gt; 'Paid' AND cancelled &lt;&gt; 'TRUE' AND payment_date = trunc(SYSDATE) AND party_type_db = 'CUSTOMER'</Where>
  <View>PAYMENT_PLAN</View>
</SQLDataSource>