﻿<Counter>
  <Author>IFS RnD</Author>
  <CopiedFrom>1dd557fc-4ff3-4746-bb6b-7426c31ff391</CopiedFrom>
  <LastModified>2019-08-29-11.34.22</LastModified>
  <Locked>true</Locked>
  <Title>NOT APPROVED CUSTOMER PAYMENTS</Title>
  <ClientTypes>Web</ClientTypes>
  <Background>#FFFFFFFF</Background>
  <BackgroundOpacity>0.8</BackgroundOpacity>
  <Foreground>#FF4B4A4D</Foreground>
  <Name>FI Aurena Not Approved Customer Payments</Name>
  <ID>df8d1182-6222-4ba5-87a1-ffbb88230fbe</ID>
  <PassDataToForm>false</PassDataToForm>
  <FormMappings />
  <DataSourceId>4d6a230a-0d0a-4e85-9f26-22c9bd62b39d</DataSourceId>
  <ColumnMapping>
    <MappedColumns>
      <MappedColumn>
        <Column>COUNT(prel_payment_id)</Column>
        <ConditionalFormats />
      </MappedColumn>
    </MappedColumns>
  </ColumnMapping>
  <UseThousandSeparator>true</UseThousandSeparator>
</Counter>