﻿<SQLDataSource>
  <Author>IFS RnD</Author>
  <CopiedFrom>d45c7368-6542-43f8-b504-9155b4c4fd1b</CopiedFrom>
  <LastModified>2015-08-24-11.18.30</LastModified>
  <Locked>true</Locked>
  <Name>FI Invoices Overdue, Amount - Customer</Name>
  <ID>9705c5c9-878e-48c4-8622-48abcc45d9be</ID>
  <Select>
    <DataColumn>
      <Column>SUM(curr_amount - cleared_curr_amount)</Column>
      <Name>Total Open Amount</Name>
      <DataType>Currency</DataType>
    </DataColumn>
    <DataColumn>
      <Column>SUM(dom_amount - cleared_dom_amount)</Column>
      <Name>Total Open Dom Amount</Name>
      <DataType>Currency</DataType>
    </DataColumn>
  </Select>
  <Where>company = '$COMPANY$' AND objstate &lt;&gt; 'Paid' AND cancelled &lt;&gt; 'TRUE' AND payment_date &lt; trunc(SYSDATE) AND party_type_db = 'CUSTOMER'</Where>
  <View>PAYMENT_PLAN</View>
</SQLDataSource>