﻿<Counter>
  <Author>IFS RnD</Author>
  <CopiedFrom>bd110b38-7787-49fc-8e54-b04115aac4d4</CopiedFrom>
  <LastModified>2020-03-12-15.28.58</LastModified>
  <Locked>true</Locked>
  <Title>NOT DUE INVOICE AMOUNT</Title>
  <ClientTypes>Web</ClientTypes>
  <Background>#FF4B4A4D</Background>
  <BackgroundOpacity>0.8</BackgroundOpacity>
  <ImageOpacity>0.3</ImageOpacity>
  <Name>FI Aurena Customer Invoices Not Due, Amount</Name>
  <ID>2eb6a0d3-2f2c-47c3-8547-eaf292c4e7c9</ID>
  <WebUrl>page/CustomerInstallmentsAnalysis/List?contexts=Company:$Company$&amp;$filter=Objstate ne IfsApp.CustomerInstallmentsAnalysis.PaymentPlanState'Paid' and Cancelled ne true and PaymentDate gt #TODAY#</WebUrl>
  <PassDataToForm>false</PassDataToForm>
  <FormMappings />
  <DataSourceId>0e7df161-7a49-452d-a25b-207a61f57042</DataSourceId>
  <ColumnMapping>
    <MappedColumns>
      <MappedColumn>
        <Column>SUM(dom_amount - cleared_dom_amount)</Column>
        <ConditionalFormats />
      </MappedColumn>
    </MappedColumns>
  </ColumnMapping>
  <UseThousandSeparator>true</UseThousandSeparator>
</Counter>