﻿<Counter>
  <Author>IFS RnD</Author>
  <CopiedFrom>86fac139-5f47-44c9-b464-c90ec89cfa43</CopiedFrom>
  <Keywords>customer invoices due today</Keywords>
  <LastModified>2020-03-12-19.43.10</LastModified>
  <Locked>true</Locked>
  <Title>INVOICES DUE TODAY</Title>
  <ClientTypes>Web</ClientTypes>
  <Background>#FF006996</Background>
  <BackgroundOpacity>0.8</BackgroundOpacity>
  <ImageOpacity>0.3</ImageOpacity>
  <Name>FI Aurena Customer Invoices Due Today, Count</Name>
  <ID>ac475a30-ad67-4d40-a14c-3d5cffa97acd</ID>
  <WebUrl>page/CustomerInstallmentsAnalysis/List?contexts=Company:$Company$&amp;$filter=Objstate ne IfsApp.CustomerInstallmentsAnalysis.PaymentPlanState'Paid' and Cancelled ne true and PaymentDate eq #TODAY#</WebUrl>
  <PassDataToForm>false</PassDataToForm>
  <OwnProcessId>d1a33bce-0c7e-4afd-a1a6-e8080b67d39a</OwnProcessId>
  <FormMappings />
  <DataSourceId>Copy of FI Invoices due today - Customer</DataSourceId>
  <ColumnMapping>
    <MappedColumns>
      <MappedColumn>
        <Column>COUNT(DISTINCT(invoice_id))</Column>
        <ConditionalFormats />
      </MappedColumn>
    </MappedColumns>
  </ColumnMapping>
  <UseThousandSeparator>true</UseThousandSeparator>
</Counter>