﻿<Counter>
  <Author>IFS RnD</Author>
  <CopiedFrom>415010cb-078e-4e6e-b12d-02dc8a9302f4</CopiedFrom>
  <LastModified>2020-02-05-21.20.59</LastModified>
  <Locked>true</Locked>
  <Title>OVERDUE INVOICES</Title>
  <ClientTypes>Web</ClientTypes>
  <Background>#FF006996</Background>
  <BackgroundOpacity>0.8</BackgroundOpacity>
  <ImageOpacity>0.2</ImageOpacity>
  <Name>FI Aurena Customer Invoices Overdue, Count</Name>
  <ID>d2bccca7-a331-47dc-9b50-9ed3be36673b</ID>
  <WebUrl>page/CustomerInstallmentsAnalysis/List?contexts=Company:$Company$&amp;$filter=Objstate ne IfsApp.CustomerInstallmentsAnalysis.PaymentPlanState'Paid' and Cancelled ne true and PaymentDate lt #TODAY#</WebUrl>
  <PassDataToForm>false</PassDataToForm>
  <OwnProcessId>9fafafe8-a1c9-48d6-9f80-c09fe8277876</OwnProcessId>
  <FormMappings />
  <DataSourceId>d45c7368-6542-43f8-b504-9155b4c4fd1b</DataSourceId>
  <ColumnMapping>
    <MappedColumns>
      <MappedColumn>
        <Column>COUNT(DISTINCT(invoice_id))</Column>
        <ConditionalFormats />
      </MappedColumn>
    </MappedColumns>
  </ColumnMapping>
  <UseThousandSeparator>true</UseThousandSeparator>
</Counter>