﻿<Counter>
  <Author>IFS RnD</Author>
  <CopiedFrom>f5063bd4-44d3-473f-8149-790658d4f050</CopiedFrom>
  <Keywords>customer credit notes</Keywords>
  <DescriptiveText>Customer credit notes</DescriptiveText>
  <LastModified>2019-10-14-11.17.32</LastModified>
  <Locked>true</Locked>
  <Title>CREDIT INVOICE AMOUNT</Title>
  <ClientTypes>Web</ClientTypes>
  <Background>#FF4B4A4D</Background>
  <BackgroundOpacity>0.8</BackgroundOpacity>
  <ImageOpacity>0.1</ImageOpacity>
  <Name>FI Aurena Customer Credit Notes, Amount</Name>
  <ID>53ec1089-5a9f-452d-9f38-f460caff0d93</ID>
  <WebUrl>page/ArCustomerInvoicesAnalysis/List?contexts=Company:$Company$&amp;searchcontext=Identity:$[identity],CallingFromLobby:'CREDITINVOICEAMOUNT'</WebUrl>
  <PassDataToForm>false</PassDataToForm>
  <FormMappings />
  <DataSourceId>b5aed5f3-4382-4653-be79-3f13ac1dae32</DataSourceId>
  <ColumnMapping>
    <MappedColumns>
      <MappedColumn>
        <Column>SUM(ABS(open_dom_amount))</Column>
        <ConditionalFormats />
      </MappedColumn>
    </MappedColumns>
  </ColumnMapping>
  <UseThousandSeparator>true</UseThousandSeparator>
</Counter>