﻿<Counter>
  <Author>IFS RnD</Author>
  <CopiedFrom>cc6206a3-345d-4b3a-8dd5-f8bc136c7af9</CopiedFrom>
  <DescriptiveText>External payments waiting to be created - month end process</DescriptiveText>
  <LastModified>2019-10-14-10.19.57</LastModified>
  <Locked>true</Locked>
  <Title>EXT. PAYMENTS TO BE CREATED</Title>
  <ClientTypes>Web</ClientTypes>
  <Background>#FFFFFFFF</Background>
  <BackgroundOpacity>0.8</BackgroundOpacity>
  <Foreground>#FF4B4A4D</Foreground>
  <Name>FI Aurena External Payments Waiting to be Created - AR</Name>
  <ID>d2368761-5a3e-4264-8efa-02684a84e0f0</ID>
  <WebUrl>page/ExternalPayments/List?contexts=Company:$Company$&amp;$filter=Objstate ne IfsApp.ExternalPaymentsHandling.ExtPaymentHeadState'Used'</WebUrl>
  <PassDataToForm>false</PassDataToForm>
  <FormMappings />
  <DataSourceId>a05e7516-6cdd-4d88-9baa-620b10f7aa58</DataSourceId>
  <ColumnMapping>
    <MappedColumns>
      <MappedColumn>
        <Column>count(LOAD_ID)</Column>
        <ConditionalFormats />
      </MappedColumn>
    </MappedColumns>
  </ColumnMapping>
  <UseThousandSeparator>true</UseThousandSeparator>
</Counter>