﻿<SQLDataSource>
  <Author>IFS RnD</Author>
  <LastModified>2015-08-24-11.15.00</LastModified>
  <Locked>true</Locked>
  <Name>FI Bank Balances</Name>
  <ID>6b0103c2-2ec4-46f5-a4c5-0df54370b032</ID>
  <Select>
    <DataColumn>
      <Column>company</Column>
      <Name>Company</Name>
    </DataColumn>
    <DataColumn>
      <Column>short_name</Column>
      <Name>Short Name</Name>
    </DataColumn>
    <DataColumn>
      <Column>account_identity</Column>
      <Name>Account Identity</Name>
    </DataColumn>
    <DataColumn>
      <Column>institute_id</Column>
      <Name>Institute ID</Name>
    </DataColumn>
    <DataColumn>
      <Column>currency</Column>
      <Name>Currency</Name>
    </DataColumn>
    <DataColumn>
      <Column>calculated_balance</Column>
      <Name>Calculated Balance</Name>
      <DataType>Currency</DataType>
    </DataColumn>
  </Select>
  <Where>company = '$COMPANY$'</Where>
  <View>CASH_ACCOUNT_BALANCE_LOBBY</View>
  <OrderBy>calculated_balance DESC</OrderBy>
  <GroupBy />
</SQLDataSource>