﻿<SQLDataSource>
  <Author>IFS RnD</Author>
  <LastModified>2015-08-24-11.19.03</LastModified>
  <Locked>true</Locked>
  <Name>FI Not Approved Customer Payments</Name>
  <ID>4d6a230a-0d0a-4e85-9f26-22c9bd62b39d</ID>
  <Select>
    <DataColumn>
      <Column>COUNT(prel_payment_id)</Column>
      <Name>Count</Name>
      <DataType>Number</DataType>
    </DataColumn>
  </Select>
  <Where>COMPANY= '$COMPANY$' AND ((PAYMENT_TYPE_CODE_DB ='CUSTPAY' AND COMPANY = PARENT_COMPANY) OR PAYMENT_TYPE_CODE_DB='CUSTOFF')</Where>
  <View>PREL_PAYMENT</View>
</SQLDataSource>