﻿<List>
  <Author>IFS RnD</Author>
  <CopiedFrom>e49d07df-1328-400d-bae1-060154dd1052</CopiedFrom>
  <Keywords>customer credit management notes</Keywords>
  <DescriptiveText>Customer credit management notes</DescriptiveText>
  <LastModified>2019-08-29-11.35.23</LastModified>
  <Locked>true</Locked>
  <ColumnSpan>2</ColumnSpan>
  <Title>CREDIT MANAGEMENT NOTES</Title>
  <ClientTypes>Web</ClientTypes>
  <Background>#FFFFFFFF</Background>
  <BackgroundOpacity>0.8</BackgroundOpacity>
  <Foreground>#FF4B4A4D</Foreground>
  <ImageOpacity>0.1</ImageOpacity>
  <Name>FI Aurena Customer Credit Management Notes</Name>
  <ID>e276051a-a928-4098-a924-a6747e7a0748</ID>
  <WebUrl>page/CustomerCreditNotesAnalysis/CustomerCreditNotesAnalysis?contexts=Company:$Company$&amp;$filter=CustomerId eq $[customer_id] and NoteId eq $[note_id]</WebUrl>
  <PassDataToForm>false</PassDataToForm>
  <FormMappings />
  <DataSourceId>7508ae51-522b-42a4-9385-5b7b083d6e4c</DataSourceId>
  <ColumnMapping>
    <MappedColumns>
      <MappedColumn>
        <Column>customer_id</Column>
        <Name>Customer ID</Name>
        <DisplayName>Customer</DisplayName>
        <Width>40</Width>
        <IsNavigateParam>false</IsNavigateParam>
        <NavigateTarget>customer_id</NavigateTarget>
        <ConditionalFormats />
      </MappedColumn>
      <MappedColumn>
        <Column>note_text</Column>
        <Name>Note</Name>
        <DisplayName>Note</DisplayName>
        <Width>100</Width>
        <IsNavigateParam>false</IsNavigateParam>
        <NavigateTarget>note_text</NavigateTarget>
        <ConditionalFormats />
      </MappedColumn>
      <MappedColumn>
        <Column>note_id</Column>
        <Name>Note Id</Name>
        <DisplayName>Note Id</DisplayName>
        <Width>0</Width>
        <IsNavigateParam>false</IsNavigateParam>
        <NavigateTarget>note_id</NavigateTarget>
        <ConditionalFormats />
      </MappedColumn>
    </MappedColumns>
    <ShowColumnHeaders>true</ShowColumnHeaders>
  </ColumnMapping>
</List>