﻿<List>
  <Author>IFS RnD</Author>
  <CopiedFrom>c90978ed-4fcf-4db1-9236-58bfcf2b0720</CopiedFrom>
  <DescriptiveText>List of overdue customers</DescriptiveText>
  <LastModified>2019-08-29-11.24.09</LastModified>
  <Locked>true</Locked>
  <ColumnSpan>2</ColumnSpan>
  <Title>OVERDUE CUSTOMERS</Title>
  <ClientTypes>Web</ClientTypes>
  <Background>#FFFFFFFF</Background>
  <BackgroundOpacity>0.8</BackgroundOpacity>
  <Foreground>#FF4B4A4D</Foreground>
  <ImageOpacity>0.1</ImageOpacity>
  <Name>FI Aurena Overdue Customers</Name>
  <ID>bfb35c5e-19f7-41e4-a7f9-641288100d37</ID>
  <WebUrl>page/CustomerInvoicesAnalysis/List?contexts=Company:$Company$&amp;$filter=Identity eq $[identity]</WebUrl>
  <PassDataToForm>false</PassDataToForm>
  <FormMappings />
  <DataSourceId>FI Overdue Customer Balance</DataSourceId>
  <ColumnMapping>
    <MappedColumns>
      <MappedColumn>
        <Column>identity</Column>
        <Name>Customer ID</Name>
        <DisplayName>Customer ID</DisplayName>
        <IsNavigateParam>false</IsNavigateParam>
        <NavigateTarget>identity</NavigateTarget>
        <ConditionalFormats />
      </MappedColumn>
      <MappedColumn>
        <Column>SUM(gross_dom_amount)</Column>
        <Name>Total Gross Dom Amount</Name>
        <DisplayName>Overdue Amount</DisplayName>
        <IsNavigateParam>false</IsNavigateParam>
        <NavigateTarget>SUM(gross_dom_amount)</NavigateTarget>
        <ConditionalFormats />
      </MappedColumn>
    </MappedColumns>
    <ShowColumnHeaders>true</ShowColumnHeaders>
  </ColumnMapping>
</List>