﻿<List>
  <Author>IFS RnD</Author>
  <CopiedFrom>b36bb3fa-b36b-4110-a71c-8691c34b53e4</CopiedFrom>
  <LastModified>2019-10-23-09.15.19</LastModified>
  <Locked>true</Locked>
  <ColumnSpan>2</ColumnSpan>
  <Title>CREDIT BLOCKED CUSTOMERS</Title>
  <ClientTypes>Web</ClientTypes>
  <Background>#FFFFFFFF</Background>
  <BackgroundOpacity>0.8</BackgroundOpacity>
  <Foreground>#FF4B4A4D</Foreground>
  <Name>FI Aurena Credit Blocked Customers with Receivable Amount</Name>
  <ID>525d6145-1ba0-43e2-b6ff-0d06ec1b55cb</ID>
  <WebUrl>page/Customer/Form?contexts=Company:$Company$&amp;$filter=CustomerId eq $[identity]</WebUrl>
  <PassDataToForm>false</PassDataToForm>
  <FormMappings />
  <DataSourceId>3a5db68c-4061-4f4a-b918-5eaa34eabb9e</DataSourceId>
  <ColumnMapping>
    <MappedColumns>
      <MappedColumn>
        <Column>identity</Column>
        <Name>Customer ID</Name>
        <DisplayName>Customer ID</DisplayName>
        <IsNavigateParam>false</IsNavigateParam>
        <NavigateTarget>customer_id</NavigateTarget>
        <ConditionalFormats />
      </MappedColumn>
      <MappedColumn>
        <Column>SUM(net_dom_amount + vat_dom_amount)</Column>
        <Name>Total Gross Amount</Name>
        <DisplayName>Receivable Amount</DisplayName>
        <IsNavigateParam>false</IsNavigateParam>
        <NavigateTarget>SUM(net_dom_amount + vat_dom_amount)</NavigateTarget>
        <ConditionalFormats />
      </MappedColumn>
    </MappedColumns>
    <ShowColumnHeaders>true</ShowColumnHeaders>
  </ColumnMapping>
</List>