﻿<SQLDataSource>
  <Author>EntChathI</Author>
  <LastModified>2021-04-27-13.59.54</LastModified>
  <Name>C_EA_Blocked_Orders</Name>
  <ID>07d7e323-b5cb-4553-be61-e097ef740bd6</ID>
  <Select>
    <DataColumn>
      <Column>Count(*)</Column>
      <Name>COUNT</Name>
      <DataType>Number</DataType>
    </DataColumn>
  </Select>
  <Where>OBJSTATE = 'Blocked'
and company like NVL('$COMPANY$','%')
AND EXISTS (
  SELECT sc.contract_type
  FROM &amp;AO.Sc_Service_Contract_cfv sc
  WHERE sc.contract_type like NVL('$CONTRACT TYPE$','%')
    AND sc.cf$_order_id = ORDER_ID
)</Where>
  <View>&amp;AO.CUSTOMER_ORDER</View>
  <GroupBy />
</SQLDataSource>