﻿<Counter>
  <Author>IFS RnD</Author>
  <CopiedFrom>47dd8900-70c3-435d-a4ff-e722e930a99f</CopiedFrom>
  <DescriptiveText>This indicate the vouchers to update, related to accounts payable.</DescriptiveText>
  <LastModified>2019-11-13-09.38.22</LastModified>
  <Locked>true</Locked>
  <Title>INVOICES WITH POSTING ERRORS</Title>
  <ClientTypes>Web</ClientTypes>
  <Background>#FF006996</Background>
  <BackgroundOpacity>0.8</BackgroundOpacity>
  <ImageOpacity>0.1</ImageOpacity>
  <Name>FI Aurena Invoices with Posting Error</Name>
  <ID>5e55bd32-dd35-4339-af9f-70b7d84ba1c2</ID>
  <WebUrl>page/CustomerInvoicesWithErrors/List?contexts=Company:$Company$&amp;searchcontext=CallingFromLobby:'TRUE'</WebUrl>
  <PassDataToForm>false</PassDataToForm>
  <FormMappings />
  <DataSourceId>b2e54ed5-1c48-439e-ac1a-ad03d627d2f7</DataSourceId>
  <ColumnMapping>
    <MappedColumns>
      <MappedColumn>
        <Column>COUNT(invoice_id)</Column>
        <ConditionalFormats />
      </MappedColumn>
    </MappedColumns>
  </ColumnMapping>
  <UseThousandSeparator>true</UseThousandSeparator>
</Counter>