﻿<SQLDataSource>
  <Author>IFS RnD</Author>
  <LastModified>2015-08-24-11.15.30</LastModified>
  <Locked>true</Locked>
  <Name>FI Credit Management Notes</Name>
  <ID>7508ae51-522b-42a4-9385-5b7b083d6e4c</ID>
  <Select>
    <DataColumn>
      <Column>customer_id</Column>
      <Name>Customer ID</Name>
    </DataColumn>
    <DataColumn>
      <Column>note_text</Column>
      <Name>Note</Name>
    </DataColumn>
    <DataColumn>
      <Column>note_id</Column>
      <Name>Note Id</Name>
      <DataType>Number</DataType>
    </DataColumn>
  </Select>
  <Where>company='$COMPANY$' AND EXISTS (SELECT 1 FROM &amp;AO.USER_FINANCE_AUTH_PUB WHERE company = CUSTOMER_CREDIT_NOTE.company)</Where>
  <View>CUSTOMER_CREDIT_NOTE</View>
  <OrderBy>customer_id ASC</OrderBy>
</SQLDataSource>