﻿<Text>
  <Author>IFS RnD</Author>
  <CopiedFrom>3e093651-abc1-447a-84f9-507a3d3511a6</CopiedFrom>
  <Keywords>regulatory reporting, ar</Keywords>
  <DescriptiveText>This is a manually entered text element</DescriptiveText>
  <LastModified>2019-08-29-11.35.57</LastModified>
  <Locked>true</Locked>
  <ColumnSpan>2</ColumnSpan>
  <Title>REPORTING</Title>
  <ClientTypes>Web</ClientTypes>
  <BackgroundOpacity>0.8</BackgroundOpacity>
  <ImageOpacity>0.1</ImageOpacity>
  <Name>FI Aurena Regulatory Reporting, AR</Name>
  <ID>6763c5b5-118b-4664-93b9-368a74122626</ID>
  <PassDataToForm>false</PassDataToForm>
  <FormMappings />
  <BodyText>
Payment Booking, 29th May       
Period Close, 03rd June 
Tax Claim, 10th June   </BodyText>
  <FontSize>13</FontSize>
</Text>