﻿<Counter>
  <Author>IFS RnD</Author>
  <CopiedFrom>6c5b3a51-c26e-4477-aad2-800abaf48481</CopiedFrom>
  <DescriptiveText>Customer invoices overdue, amount</DescriptiveText>
  <LastModified>2020-02-05-21.24.43</LastModified>
  <Locked>true</Locked>
  <Title>OVERDUE INVOICE AMOUNT</Title>
  <ClientTypes>Web</ClientTypes>
  <Background>#FF006996</Background>
  <BackgroundOpacity>0.8</BackgroundOpacity>
  <ImageOpacity>0.2</ImageOpacity>
  <Name>FI Aurena Customer Invoices Overdue, Amount</Name>
  <ID>9ac5b0c7-2bf0-4844-94e1-7d64156dba08</ID>
  <WebUrl>page/CustomerInstallmentsAnalysis/List?contexts=Company:$Company$&amp;$filter=Objstate ne IfsApp.CustomerInstallmentsAnalysis.PaymentPlanState'Paid' and Cancelled ne true and PaymentDate lt #TODAY#</WebUrl>
  <PassDataToForm>false</PassDataToForm>
  <FormMappings />
  <DataSourceId>9705c5c9-878e-48c4-8622-48abcc45d9be</DataSourceId>
  <ColumnMapping>
    <MappedColumns>
      <MappedColumn>
        <Column>SUM(dom_amount - cleared_dom_amount)</Column>
        <ConditionalFormats />
      </MappedColumn>
    </MappedColumns>
  </ColumnMapping>
  <UseThousandSeparator>true</UseThousandSeparator>
</Counter>