﻿<SQLDataSource>
  <Author>DELL</Author>
  <LastModified>2021-06-18-09.51.31</LastModified>
  <Name>PERCENT_COMPLETED_TASKS_FAILED_SLA</Name>
  <ID>f791c341-7e34-4880-a0e3-8d6aa5193a1e</ID>
  <Select>
    <DataColumn>
      <Column>WO_NO</Column>
      <Name>WO_NO</Name>
      <DataType>Number</DataType>
    </DataColumn>
    <DataColumn>
      <Column>TASK_SEQ</Column>
      <Name>TASK_SEQ</Name>
      <DataType>Number</DataType>
    </DataColumn>
  </Select>
  <Where>WO_NO IN
       (SELECT wo_no
          FROM (SELECT wt.wo_no,
                       &amp;AO.Jt_Task_API.Get_Contract_Id(wt.task_seq) as contract_id,
                       &amp;AO.Active_Separate_API.Get_Reg_Date(wt.wo_no) as reg_date,
                       &amp;AO.Crm_Cust_Info_API.Get_Main_Representative_Id(&amp;AO.Jt_Task_API.Get_Customer_No(wt.task_seq)) representative_id
                  FROM &amp;AO.jt_task_uiv_cfv wt
                 WHERE &amp;AO.Sc_Service_Contract_API.Get_Contract_Type(&amp;AO.Jt_Task_API.Get_Contract_Id(wt.task_seq)) = 'MS'
                   AND TRUNC(wt.cf$_tunstall_sla) is not null
                   AND TRUNC(wt.actual_finish) is not null
                   AND TRUNC(wt.cf$_tunstall_sla) &lt; TRUNC(wt.actual_finish))
         WHERE REPLACE(NVL(contract_id, ' '), ' ', '%') LIKE
               REPLACE(NVL('$CONTRACT_ID$', ' '), ' ', '%')
           AND reg_date &gt;= TO_DATE(NVL('$BEGIN_DATE$', '01/01/1900'), 'dd/mm/yyyy')
           AND reg_date &lt;= TO_DATE(NVL('$END_DATE$', '31/12/2999') || ' 11:59:59 PM',
                                   'dd/mm/yyyy hh:mi:ss pm')
           AND REPLACE(NVL(representative_id, ' '), ' ', '%') LIKE
               REPLACE(NVL('$REGION_REPRESENTATIVE$', ' '), ' ', '%'))
</Where>
  <View>&amp;IAL.COMPLETED_TASKS_FAILED_SLA</View>
</SQLDataSource>