﻿<Counter>
  <Author>DELL</Author>
  <LastModified>2021-06-01-13.52.51</LastModified>
  <Title>Tasks about to Breach SLA</Title>
  <Background>#FF369B30</Background>
  <Name>WO_about_to_breach_the_SLA</Name>
  <ID>a7ea5b28-9191-41d9-8de7-e2c8cad8b6df</ID>
  <CustomUrl>ifsapf:frmWorkOrderPrepareTab</CustomUrl>
  <FormMappings />
  <DataSourceId>65b807ec-a3c5-4375-bdda-667b4265fbd1</DataSourceId>
  <ColumnMapping>
    <MappedColumns>
      <MappedColumn>
        <Column>TASK_SEQ</Column>
        <Aggregate>COUNT</Aggregate>
        <ConditionalFormats />
      </MappedColumn>
    </MappedColumns>
  </ColumnMapping>
</Counter>