﻿<SQLDataSource>
  <Author>DELL</Author>
  <LastModified>2021-06-17-15.09.33</LastModified>
  <Name>OPEN_JOBS</Name>
  <ID>fb0b303f-194d-4e26-8b87-6b69b0b4a8e0</ID>
  <Select>
    <DataColumn>
      <Column>TASK_SEQ</Column>
      <Name>TASK_SEQ</Name>
      <DataType>Number</DataType>
    </DataColumn>
  </Select>
  <Where>WO_NO IN
       (SELECT wo_no
          FROM (SELECT wt.wo_no,
                       &amp;AO.Jt_Task_API.Get_Contract_Id(wt.task_seq) as contract_id,
                       &amp;AO.Active_Separate_API.Get_Reg_Date(wt.wo_no) reg_date,
                       &amp;AO.Crm_Cust_Info_API.Get_Main_Representative_Id(&amp;AO.Jt_Task_API.Get_Customer_No(wt.task_seq)) as main_rep
                  FROM &amp;AO.jt_task_uiv wt
                 WHERE &amp;AO.Sc_Service_Contract_API.Get_Contract_Type(&amp;AO.Jt_Task_API.Get_Contract_Id(wt.task_seq)) = 'MS'
                   AND wt.state IN ('New',
                                    'Under Preparation',
                                    'Prepared',
                                    'Released',
                                    'Work Started'))
         WHERE REPLACE(NVL(contract_id, ' '), ' ', '%') LIKE
               REPLACE(NVL('$CONTRACT_ID$', ' '), ' ', '%')
           AND reg_date &gt;= TO_DATE(NVL('$BEGIN_DATE$', '01/01/1900'), 'dd/mm/yyyy')
           AND reg_date &lt;= TO_DATE(NVL('$END_DATE$', '31/12/2999') || ' 11:59:59 PM',
                                   'dd/mm/yyyy hh:mi:ss pm')
           AND REPLACE(NVL(main_rep, ' '), ' ', '%') LIKE
               REPLACE(NVL('$REGION_REPRESENTATIVE$', ' '), ' ', '%'))
</Where>
  <View>&amp;IAL.OPEN_JOBS</View>
</SQLDataSource>