﻿<Counter>
  <Author>DELL</Author>
  <LastModified>2021-06-01-13.27.25</LastModified>
  <Title>Materials Dependent: Ready to Transfer</Title>
  <Background>#FF369B30</Background>
  <Name>MATERIALS_READ_TO_TRANSFER</Name>
  <ID>c95c3bb9-9a81-4b16-bc87-5fb2087b7fa6</ID>
  <CustomUrl>ifsapf:frmWorkOrderPrepareTab</CustomUrl>
  <FormMappings />
  <DataSourceId>807b2300-db84-431e-a6fa-a7dc7df17c94</DataSourceId>
  <ColumnMapping>
    <MappedColumns>
      <MappedColumn>
        <Column>*</Column>
        <Aggregate>COUNT</Aggregate>
        <ConditionalFormats />
      </MappedColumn>
    </MappedColumns>
  </ColumnMapping>
</Counter>