﻿<SQLDataSource>
  <Author>DELL</Author>
  <LastModified>2021-06-18-09.26.47</LastModified>
  <Name>WO_about_to_breach_the_SLA</Name>
  <ID>65b807ec-a3c5-4375-bdda-667b4265fbd1</ID>
  <Select>
    <DataColumn>
      <Column>TASK_SEQ</Column>
      <Name>TASK_SEQ</Name>
      <DataType>Number</DataType>
    </DataColumn>
  </Select>
  <Where>wo_no IN
       (SELECT wo_no
          FROM (SELECT a.wo_no,
                       &amp;AO.Jt_Task_API.Get_Contract_Id(a.task_seq) as contract_id,
                       &amp;AO.Active_Separate_API.Get_Reg_Date(a.wo_no) as reg_date,
                       &amp;AO.Crm_Cust_Info_API.Get_Main_Representative_Id(&amp;AO.Jt_Task_API.Get_Customer_No(a.task_seq)) representative_id
                  FROM &amp;AO.jt_task_cfv a
                 WHERE a.state IN ('New',
                                   'Under Preparation',
                                   'Prepared',
                                   'Released',
                                   'Work Started')
                   AND (a.cf$_tunstall_sla &gt; sysdate AND
                       a.cf$_tunstall_sla &lt;= sysdate + 1))
         WHERE REPLACE(NVL(contract_id, ' '), ' ', '%') LIKE
               REPLACE(NVL('$CONTRACT_ID$', ' '), ' ', '%')
           AND reg_date &gt;=
               TO_DATE(NVL('$BEGIN_DATE$', '01/01/1900'), 'dd/mm/yyyy')
           AND reg_date &lt;=
               TO_DATE(NVL('$END_DATE$', '31/12/2999') || ' 11:59:59 PM',
                       'dd/mm/yyyy hh:mi:ss pm')
           AND REPLACE(NVL(representative_id, ' '), ' ', '%') LIKE
               REPLACE(NVL('$REGION_REPRESENTATIVE$', ' '), ' ', '%'))
</Where>
  <View>&amp;IAL.WO_ABOUT_TO_BREACH</View>
</SQLDataSource>