<?xml version="1.0"?>
<APPLICATION_CONFIGURATION>
  <EXPORT_DEF_VERSION>1</EXPORT_DEF_VERSION>
  <PACKAGE_ID>8D9E7EAA79954649A5099997898F82A2</PACKAGE_ID>
  <NAME>EA_FORECASTING</NAME>
  <DESCRIPTION>This package contains the custom objects related to following CRIMs;
 - C0034
 - C0609</DESCRIPTION>
  <AUTHOR>Tunstall Group Holdings Limited</AUTHOR>
  <VERSION/>
  <VERSION_TIME_STAMP>2021-05-27-05.57.17</VERSION_TIME_STAMP>
  <ORIGIN>TUGRPPR-307544-MC-TUGRPPR-APPS10</ORIGIN>
  <LAST_MODIFIED_DATE>2021-05-27-05.56.49</LAST_MODIFIED_DATE>
  <ITEMS>
    <ITEMS_ROW>
      <NAME>1^DUPLICATE_MS_SET^Level1PartByMsSet</NAME>
      <TYPE>CUSTOM_EVENT_ACTION</TYPE>
      <DESCRIPTION>This Event Action duplicates &quot;Ms Level 1 Part/Register Forecase&quot; record across sites excepts for site 2013</DESCRIPTION>
      <FILENAME>CustomEventAction-Level1PartByMsSet-DUPLICATE_MS_SET-1-EXECUTEONLINESQL.xml</FILENAME>
    </ITEMS_ROW>
    <ITEMS_ROW>
      <NAME>Product Code</NAME>
      <TYPE>CF_READ_ONLY</TYPE>
      <DESCRIPTION>EA - C609</DESCRIPTION>
      <FILENAME>CustomFieldReadOnly-Level1Part-PRODUCT_CODE.xml</FILENAME>
    </ITEMS_ROW>
    <ITEMS_ROW>
      <NAME>Bulk Update</NAME>
      <TYPE>CF_PERSISTENT</TYPE>
      <DESCRIPTION>This field is used by events DUPLICATE_MS_SET and &apos;DUPLICATE_MS_RECORD&apos; to identify records which needs to be duplicated across sites</DESCRIPTION>
      <FILENAME>CustomFieldPersistent-Level1PartByMsSet-BULK_UPDATE.xml</FILENAME>
    </ITEMS_ROW>
    <ITEMS_ROW>
      <NAME>DUPLICATE_MS_SET</NAME>
      <TYPE>CUSTOM_EVENT</TYPE>
      <DESCRIPTION>This Event duplicates &quot;Ms Level 1 Part&quot; record across sites excepts for site 2013</DESCRIPTION>
      <FILENAME>CustomEvent-Level1PartByMsSet-DUPLICATE_MS_SET.xml</FILENAME>
    </ITEMS_ROW>
    <ITEMS_ROW>
      <NAME>Bulk Update</NAME>
      <TYPE>CF_PERSISTENT</TYPE>
      <DESCRIPTION>This field is used by events DUPLICATE_MS_SET and &apos;DUPLICATE_MS_RECORD&apos; to identify records which needs to be duplicated across sites</DESCRIPTION>
      <FILENAME>CustomFieldPersistent-Level1Part-BULK_UPDATE.xml</FILENAME>
    </ITEMS_ROW>
    <ITEMS_ROW>
      <NAME>DUPLICATE_MS_RECORD</NAME>
      <TYPE>CUSTOM_EVENT</TYPE>
      <DESCRIPTION>This Event duplicates &quot;Ms Level 1 Part&quot; record across sites excepts for site 2013</DESCRIPTION>
      <FILENAME>CustomEvent-Level1Part-DUPLICATE_MS_RECORD.xml</FILENAME>
    </ITEMS_ROW>
    <ITEMS_ROW>
      <NAME>3^DUPLICATE_MS_RECORD^Level1Part</NAME>
      <TYPE>CUSTOM_EVENT_ACTION</TYPE>
      <DESCRIPTION>This Event Action duplicates &quot;Ms Level 1 Part&quot; record across sites excepts for site 2013</DESCRIPTION>
      <FILENAME>CustomEventAction-Level1Part-DUPLICATE_MS_RECORD-3-EXECUTEONLINESQL.xml</FILENAME>
    </ITEMS_ROW>
    <ITEMS_ROW>
      <NAME>Product Family</NAME>
      <TYPE>CF_READ_ONLY</TYPE>
      <DESCRIPTION>EA - C609</DESCRIPTION>
      <FILENAME>CustomFieldReadOnly-Level1Part-PRODUCT_FAMILY.xml</FILENAME>
    </ITEMS_ROW>
  </ITEMS>
  <ADDITIONAL_ITEMS>
    <ADDITIONAL_ITEM>
      <NAME>Views-Level1Part</NAME>
      <TYPE>CF_VIEWS</TYPE>
      <DESCRIPTION>Views Files for Level1Part</DESCRIPTION>
      <FILENAME>CustomFieldViews-Level1Part.xml</FILENAME>
    </ADDITIONAL_ITEM>
    <ADDITIONAL_ITEM>
      <NAME>Views-Level1PartByMsSet</NAME>
      <TYPE>CF_VIEWS</TYPE>
      <DESCRIPTION>Views Files for Level1PartByMsSet</DESCRIPTION>
      <FILENAME>CustomFieldViews-Level1PartByMsSet.xml</FILENAME>
    </ADDITIONAL_ITEM>
  </ADDITIONAL_ITEMS>
</APPLICATION_CONFIGURATION>
