<?xml version="1.0"?>
<CUSTOM_OBJECT>
  <NAME>1^DUPLICATE_MS_SET^Level1PartByMsSet</NAME>
  <TYPE>CUSTOM_EVENT_ACTION</TYPE>
  <DESCRIPTION>This Event Action duplicates &quot;Ms Level 1 Part/Register Forecase&quot; record across sites excepts for site 2013</DESCRIPTION>
  <CUSTOM_EVENT_ACTION EXPORT_DEF_VERSION="2">
    <EVENT_LU_NAME>Level1PartByMsSet</EVENT_LU_NAME>
    <EVENT_ID>DUPLICATE_MS_SET</EVENT_ID>
    <ACTION_NUMBER>1</ACTION_NUMBER>
    <ACTION_ENABLE>TRUE</ACTION_ENABLE>
    <ACTION_PARAMETERS>!FNDSER.EVENT_ACTION_PARAM
$SQL=DECLARE
-   objkey_ VARCHAR2(50);
-   
-   TYPE Ms_Set_Rec IS RECORD
-      (contract               VARCHAR2(100),
-       part_no                VARCHAR2(100),
-       png                    VARCHAR2(100),
-       ms_set                 NUMBER,
-       qty_onhand             NUMBER,
-       qty_allocated          NUMBER,
-       last_run_date          DATE,
-       last_run_integrated_crp VARCHAR2(100));
-       
-   ms_set_rec_ Ms_Set_Rec;
-   
-   FUNCTION Get_Ms_Set_Attr___ (
-      contract_        IN VARCHAR2,
-      ms_set_rec_ IN Ms_Set_Rec) RETURN VARCHAR2
-   IS
-      attr_ VARCHAR2(32000);
-   BEGIN
-      Client_SYS.Clear_Attr(attr_);
-      Client_SYS.Add_To_Attr(&apos;CONTRACT&apos;, contract_, attr_);      
-      Client_SYS.Add_To_Attr(&apos;PART_NO&apos;, ms_set_rec_.part_no, attr_);      
-      Client_SYS.Add_To_Attr(&apos;PNG&apos;, ms_set_rec_.png, attr_);      
-      Client_SYS.Add_To_Attr(&apos;MS_SET&apos;, ms_set_rec_.ms_set, attr_);
-      Client_SYS.Add_To_Attr(&apos;QTY_ONHAND&apos;, ms_set_rec_.qty_onhand, attr_);      
-      Client_SYS.Add_To_Attr(&apos;QTY_ALLOCATED&apos;, ms_set_rec_.qty_allocated, attr_);
-      Client_SYS.Add_To_Attr(&apos;LAST_RUN_INTEGRATED_CRP_DB&apos;, ms_set_rec_.last_run_integrated_crp, attr_);
-   RETURN attr_;
-   END Get_Ms_Set_Attr___;
-   
-   FUNCTION Get_Ms_Set_Rec___ (
-      objkey_ IN VARCHAR2) RETURN Ms_Set_Rec
-   IS
-      attr_ VARCHAR2(32000);
-      rec_ Ms_Set_Rec;
-   BEGIN
-      SELECT contract,
-             part_no,
-             png,
-             ms_set,
-             qty_onhand,
-             qty_allocated,
-             last_run_date,
-             last_run_integrated_crp_db
-        INTO rec_.contract,
-             rec_.part_no,
-             rec_.png,
-             rec_.ms_set,
-             rec_.qty_onhand,
-             rec_.qty_allocated,
-             rec_.last_run_date,
-             rec_.last_run_integrated_crp
-        FROM level_1_part_by_ms_set
-       WHERE objkey = objkey_;
-         RETURN rec_;
-   EXCEPTION
-      WHEN OTHERS THEN
-         RETURN rec_;
-   END Get_Ms_Set_Rec___;
-   
-   PROCEDURE Add_Ms_Set_Record___(
-      contract_   IN VARCHAR2,
-      ms_set_rec_ IN Ms_Set_Rec)
-   IS
-      attr_ VARCHAR2(32000);
-      info_  VARCHAR2(32000);
-      objid_ VARCHAR2(50);
-      objversion_ VARCHAR2(50);
-   BEGIN
-      attr_:= Get_Ms_Set_Attr___(contract_,ms_set_rec_);
-      Level_1_Part_By_Ms_Set_API.New__(info_,objid_,objversion_,attr_,&apos;DO&apos;);   
-   END Add_Ms_Set_Record___;
-BEGIN
-   objkey_ := &apos;&amp;NEW:ROWKEY&apos;;  
-   ms_set_rec_ := Get_Ms_Set_Rec___(objkey_);
-   DBMS_Output.Put_Line(ms_set_rec_.part_no);
-   FOR rec_ IN (SELECT contract FROM level_1_part WHERE part_no = ms_set_rec_.part_no AND png = ms_set_rec_.png AND contract != ms_set_rec_.contract) LOOP
-      BEGIN
-         Add_Ms_Set_Record___(rec_.contract,ms_set_rec_);
-      EXCEPTION
-         WHEN OTHERS THEN
-            DBMS_Output.Put_Line(&apos;An error was encountered - &apos;||SQLCODE||&apos; -ERROR- &apos;||SQLERRM);
-      END;
-   END LOOP;   
-EXCEPTION
-   WHEN OTHERS THEN      
-      DBMS_Output.Put_Line(&apos;An error was encountered - &apos;||SQLCODE||&apos; -ERROR- &apos;||SQLERRM);
-END;
$ATTACH=!ATTACHMENTS
</ACTION_PARAMETERS>
    <FND_EVENT_ACTION_TYPE_DB>EXECUTEONLINESQL</FND_EVENT_ACTION_TYPE_DB>
    <CONDITION_TYPE>!EVENT_ACTION_COND_TYPE
$NEW:CF$_BULK_UPDATE=
$NEW:ROWKEY=
</CONDITION_TYPE>
    <CONDITION_VALUE>!EVENT_ACTION_COND_VALUE
$NEW:CF$_BULK_UPDATE=
$NEW:ROWKEY=
</CONDITION_VALUE>
    <DESCRIPTION>This Event Action duplicates &quot;Ms Level 1 Part/Register Forecase&quot; record across sites excepts for site 2013</DESCRIPTION>
    <SUBSCRIBABLE>FALSE</SUBSCRIBABLE>
    <SYSTEM_DEFINED>FALSE</SYSTEM_DEFINED>
    <ROLE/>
    <DEFINITION_MODIFIED_DATE>2021-03-29-12.06.09</DEFINITION_MODIFIED_DATE>
    <OBJKEY>20C102E3C7144B98B742EEB3941B3B56</OBJKEY>
  </CUSTOM_EVENT_ACTION>
</CUSTOM_OBJECT>
