<?xml version="1.0"?>
<CUSTOM_OBJECT>
  <NAME>Simulate Availability for Shop Order Materials</NAME>
  <TYPE>QUICK_REPORT</TYPE>
  <DESCRIPTION/>
  <QUICK_REPORT EXPORT_DEF_VERSION="1">
    <QUICK_REPORT_ID>92159</QUICK_REPORT_ID>
    <DESCRIPTION>Simulate Availability for Shop Order Materials</DESCRIPTION>
    <SQL_EXPRESSION>select a.supplier,
       a.supplier_name,
       a.approved,
       a.item,
       a.warehouse,
       a.buyer,
       a.description,
       a.on_hand,
       a.lead_time,
       b.order_no po_number,
       b.buy_qty_due quantity,
       b.confirm_date
from   (select distinct (select pps.vendor_no
                         from   &amp;AO.purchase_part_supplier pps
                         where  pps.part_no = ps.component_part
                         and    pps.contract = ps.contract
                         and    pps.primary_vendor_db = &apos;Y&apos;) supplier,
                        (select &amp;AO.Supplier_API.GET_Vendor_Name(pps.vendor_no) vendor_name
                         from   &amp;AO.purchase_part_supplier pps
                         where  pps.part_no = ps.component_part
                         and    pps.contract = ps.contract
                         and    pps.primary_vendor_db = &apos;Y&apos;) supplier_name,
                        (select sr.cf$_supplier_approved
                         from   &amp;AO.supplier_regulations_clv sr
                         where  sr.cf$_supplier_id = (select pps2.vendor_no
                                                      from   &amp;AO.purchase_part_supplier pps2
                                                      where  pps2.part_no = ps.component_part
                                                      and    pps2.contract = ps.contract
                                                      and    pps2.primary_vendor_db = &apos;Y&apos;)) approved,
                         ps.component_part item,
                       (select &amp;AO.Inventory_Location_API.Get_Warehouse(ipdl.contract, ipdl.location_no) warehouse
                        from   &amp;AO.inventory_part_def_loc ipdl
                        where  ipdl.part_no = ps.component_part
                        and    ipdl.contract = ps.contract
                        and    ipdl.location_type = &apos;Picking&apos;) warehouse,
                        &amp;AO.Inventory_Part_API.Get_Planner_Buyer(ps.contract, ps.component_part) buyer,
                        &amp;AO.Inventory_Part_API.Get_Description(ps.contract, ps.component_part) description,
                        &amp;AO.Inventory_Part_In_Stock_API.Get_Inventory_Qty_Onhand(ps.contract, ps.component_part, NULL) on_hand,
                       (select pps1.vendor_manuf_leadtime
                        from   &amp;AO.purchase_part_supplier pps1
                        where  pps1.part_no = ps.component_part
                        and    pps1.contract = ps.contract
                        and    pps1.vendor_no = (select pps2.vendor_no
                                                 from   &amp;AO.purchase_part_supplier pps2
                                                 where  pps2.part_no = ps.component_part
                                                 and    pps2.contract = ps.contract
                                                 and    pps2.primary_vendor_db = &apos;Y&apos;)) lead_time
         from    &amp;AO.MANUF_STRUCTURE ps
         CONNECT BY PRIOR ps.COMPONENT_PART = ps.PART_NO
                AND PRIOR ps.CONTRACT = ps.CONTRACT
                AND PRIOR ps.STOP_BOM_EXPLOSION_DB = &apos;FALSE&apos;
                AND ps.BOM_TYPE_DB = PRIOR ps.BOM_TYPE_DB
                AND ps.eff_phase_in_date &lt;= sysdate
                AND nvl(ps.eff_phase_out_date, sysdate) &gt;= sysdate
                AND (ps.objtype != &apos;RecipeStructure&apos; OR
                    NVL(&amp;AO.Recipe_Struct_Alternate_API.Get_Rework_Alternate_Db(PRIOR
                                                                                  ps.contract,
                                                                                 PRIOR
                                                                                  ps.part_no,
                                                                                 PRIOR
                                                                                  ps.eng_chg_level,
                                                                                 PRIOR
                                                                                  ps.bom_type,
                                                                                 PRIOR
                                                                                  ps.alternative_no),
                         &apos;FALSE&apos;) = &apos;FALSE&apos;)
          START WITH ps.PART_NO = &apos;&amp;PART_NO&apos;
                 and ps.CONTRACT = &apos;&amp;SITE&apos;
                 and ps.BOM_TYPE_DB = &apos;M&apos;
                 and ps.ENG_CHG_LEVEL = &amp;AO.Part_Revision_API.Get_Latest_Revision(ps.contract, ps.part_no)
                 and ps.ALTERNATIVE_NO = &apos;*&apos;
                 AND (ps.objtype != &apos;RecipeStructure&apos; OR
                     NVL(&amp;AO.Recipe_Struct_Alternate_API.Get_Rework_Alternate_Db(ps.contract,
                                                                                  ps.part_no,
                                                                                  ps.eng_chg_level,
                                                                                  ps.bom_type,
                                                                                  ps.alternative_no),&apos;FALSE&apos;) = &apos;FALSE&apos;)) a
          left outer join
          (select pol.order_no,
                  pol.part_no,
                  pol.buy_qty_due,
                  pol.promised_delivery_date confirm_date
           from   &amp;AO.purchase_order_line_part pol
           where  &amp;AO.Inventory_Part_In_Stock_API.Get_Inventory_Qty_Onhand(pol.contract, pol.part_no, NULL) = 0
           and    pol.state = &apos;Confirmed&apos;) b
on  a.item = b.part_no</SQL_EXPRESSION>
    <COMMENTS/>
    <CATEGORY_ID>69</CATEGORY_ID>
    <CATEGORY_DESCRIPTION>Shop Order</CATEGORY_DESCRIPTION>
    <FILE_NAME/>
    <QR_TYPE>SQL</QR_TYPE>
    <PO_ID>repQUICK_REPORT92159</PO_ID>
    <QUERY/>
    <ROW_TYPE/>
    <OBJKEY>34C0BA3FF7C54D16B1A0297E06EBDA51</OBJKEY>
    <OBJVERSION>20210728045305</OBJVERSION>
    <DEFINITION_MODIFIED_DATE>2021-07-28-04.38.43</DEFINITION_MODIFIED_DATE>
  </QUICK_REPORT>
</CUSTOM_OBJECT>
