<?xml version="1.0"?>
<CUSTOM_OBJECT>
  <NAME>Views -Level1 Part By Ms Set</NAME>
  <TYPE>CF_VIEWS</TYPE>
  <DESCRIPTION>Custom Field Views of Logical Unit Level1 Part By Ms Set</DESCRIPTION>
  <CUSTOM_FIELD_VIEWS EXPORT_DEF_VERSION="1">
    <LU>Level1PartByMsSet</LU>
    <TABLE_NAME>LEVEL1_PART_BY_MS_SET_CFT</TABLE_NAME>
    <VIEW_NAME>LEVEL_1_PART_BY_MS_SET_CFV</VIEW_NAME>
    <PACKAGE_NAME>LEVEL1_PART_BY_MS_SET_CFP</PACKAGE_NAME>
    <DEFINITION_MODIFIED_DATE>2021-02-23-03.19.57</DEFINITION_MODIFIED_DATE>
    <EXPORT_DATE>2021-07-23-07.18.54</EXPORT_DATE>
    <USED_DB>TRUE</USED_DB>
    <ROWKEY>61369A6F5B2F46D49DAF88EAA011D83C</ROWKEY>
    <CUSTOM_FIELD_VIEW>
      <CUSTOM_FIELD_VIEW_ROW>
        <VIEW_NAME>LEVEL_1_PART_MS_SET_LOV</VIEW_NAME>
        <CF_VIEW_NAME>LEVEL_1_PART_MS_SET_LOV_CFV</CF_VIEW_NAME>
        <USED_DB>FALSE</USED_DB>
        <ROWKEY>E363ADBA60F24E61ADC77B22370BB202</ROWKEY>
      </CUSTOM_FIELD_VIEW_ROW>
      <CUSTOM_FIELD_VIEW_ROW>
        <VIEW_NAME>MS_SETS_ORDER_BY_1_DEF</VIEW_NAME>
        <CF_VIEW_NAME>MS_SETS_ORDER_BY_1_DEF_CFV</CF_VIEW_NAME>
        <USED_DB>TRUE</USED_DB>
        <ROWKEY>798A93A1B53545619773D01F13861FDB</ROWKEY>
      </CUSTOM_FIELD_VIEW_ROW>
      <CUSTOM_FIELD_VIEW_ROW>
        <VIEW_NAME>MULTIPLE_PARTS_BY_MS_SET</VIEW_NAME>
        <CF_VIEW_NAME>MULTIPLE_PARTS_BY_MS_SET_CFV</CF_VIEW_NAME>
        <USED_DB>FALSE</USED_DB>
        <ROWKEY>1D99C0C178474733B729D761051AA45C</ROWKEY>
      </CUSTOM_FIELD_VIEW_ROW>
      <CUSTOM_FIELD_VIEW_ROW>
        <VIEW_NAME>PURCH_ORDER_MAS_SCH</VIEW_NAME>
        <CF_VIEW_NAME>PURCH_ORDER_MAS_SCH_CFV</CF_VIEW_NAME>
        <USED_DB>FALSE</USED_DB>
        <ROWKEY>5B2559F454CB42E68EDC4287B0A608B7</ROWKEY>
      </CUSTOM_FIELD_VIEW_ROW>
      <CUSTOM_FIELD_VIEW_ROW>
        <VIEW_NAME>PURCH_REQ_MAS_SCH</VIEW_NAME>
        <CF_VIEW_NAME>PURCH_REQ_MAS_SCH_CFV</CF_VIEW_NAME>
        <USED_DB>FALSE</USED_DB>
        <ROWKEY>38C5FCBF136E4C4AA67026D637922FF4</ROWKEY>
      </CUSTOM_FIELD_VIEW_ROW>
      <CUSTOM_FIELD_VIEW_ROW>
        <VIEW_NAME>SHOP_ORDER_MAS_SCH</VIEW_NAME>
        <CF_VIEW_NAME>SHOP_ORDER_MAS_SCH_CFV</CF_VIEW_NAME>
        <USED_DB>FALSE</USED_DB>
        <ROWKEY>6CF347A8C63045889AB040D475C83B44</ROWKEY>
      </CUSTOM_FIELD_VIEW_ROW>
      <CUSTOM_FIELD_VIEW_ROW>
        <VIEW_NAME>SHOP_ORDER_PROP_MAS_SCH</VIEW_NAME>
        <CF_VIEW_NAME>SHOP_ORDER_PROP_MAS_SCH_CFV</CF_VIEW_NAME>
        <USED_DB>FALSE</USED_DB>
        <ROWKEY>4880E88AA931489D9A17D31B683B2E30</ROWKEY>
      </CUSTOM_FIELD_VIEW_ROW>
    </CUSTOM_FIELD_VIEW>
  </CUSTOM_FIELD_VIEWS>
</CUSTOM_OBJECT>
