<?xml version="1.0"?>
<CUSTOM_OBJECT>
  <NAME>Product Code</NAME>
  <TYPE>CF_READ_ONLY</TYPE>
  <DESCRIPTION>EA - C609</DESCRIPTION>
  <CUSTOM_FIELD EXPORT_DEF_VERSION="1">
    <LU>Level1Part</LU>
    <TABLE_NAME>LEVEL1_PART_CFT</TABLE_NAME>
    <VIEW_NAME>LEVEL_1_PART_CFV</VIEW_NAME>
    <PACKAGE_NAME>LEVEL1_PART_CFP</PACKAGE_NAME>
    <DEFINITION_MODIFIED_DATE>2021-02-22-04.57.47</DEFINITION_MODIFIED_DATE>
    <EXPORT_DATE>2021-05-27-05.57.16</EXPORT_DATE>
    <USED_DB>TRUE</USED_DB>
    <ROWKEY>72455BC0B8D84D15B7DAD954BC1AA47B</ROWKEY>
    <CUSTOM_FIELD_ATTRIBUTE>
      <CUSTOM_FIELD_ATTRIBUTE_ROW>
        <ATTRIBUTE_NAME>PRODUCT_CODE</ATTRIBUTE_NAME>
        <DATA_TYPE_DB>STRING</DATA_TYPE_DB>
        <FORMAT_DB>UNFORMATTED</FORMAT_DB>
        <DATA_LENGTH>4000</DATA_LENGTH>
        <DEFAULT_VALUE_TYPE_DB>NO_DEFAULT_VALUE</DEFAULT_VALUE_TYPE_DB>
        <DEFAULT_VALUE/>
        <MANDATORY_DB>FALSE</MANDATORY_DB>
        <INSERTABLE_DB>FALSE</INSERTABLE_DB>
        <UPDATEABLE_DB>FALSE</UPDATEABLE_DB>
        <QUERYABLE_DB>TRUE</QUERYABLE_DB>
        <PRIVATE_DB>FALSE</PRIVATE_DB>
        <LOV_DB>FALSE</LOV_DB>
        <INDEXED_DB>FALSE</INDEXED_DB>
        <PROMPT>Product Code</PROMPT>
        <DEFINITION_MODIFIED_DATE>2021-05-21-10.09.09</DEFINITION_MODIFIED_DATE>
        <CUSTOM_FIELD_TYPE_DB>READ_ONLY_FIELD</CUSTOM_FIELD_TYPE_DB>
        <CUSTOM_FIELD_IMPL_TYPE_DB>SELECT_STATEMENT</CUSTOM_FIELD_IMPL_TYPE_DB>
        <EXPRESSION>Level1_Part_Cfp.Get_Cf$_Product_Code(v.part_no, v.contract)</EXPRESSION>
        <METADATA>select part_product_code
from inventory_part
where part_no = :part_no
and contract = :contract</METADATA>
        <LU_REFERENCE/>
        <UI_OBJECT_DB>DEFAULT</UI_OBJECT_DB>
        <USED_DB>TRUE</USED_DB>
        <READ_ONLY_EXPRESSION_DB>FALSE</READ_ONLY_EXPRESSION_DB>
        <NOTE>EA - C609</NOTE>
        <ENABLED_ON_REPORTS_DB>TRUE</ENABLED_ON_REPORTS_DB>
        <CONSTRAINT_TYPE_DB>RESTRICTED</CONSTRAINT_TYPE_DB>
        <LOV_VIEW/>
        <ALTERNATE_KEY_DB>FALSE</ALTERNATE_KEY_DB>
        <ROWKEY>2C44BFE0BD4D4F62834FB4684D9EB489</ROWKEY>
      </CUSTOM_FIELD_ATTRIBUTE_ROW>
    </CUSTOM_FIELD_ATTRIBUTE>
    <TRANSLATIONS>
  </TRANSLATIONS>
    <CUSTOM_FIELD_VIEW>
      <CUSTOM_FIELD_VIEW_ROW>
        <VIEW_NAME>LEVEL_1_PART_EXT</VIEW_NAME>
        <CF_VIEW_NAME>LEVEL_1_PART_EXT_CFV</CF_VIEW_NAME>
        <USED_DB>FALSE</USED_DB>
        <ROWKEY>F66B32456C37418682E4AA2353D88FD5</ROWKEY>
      </CUSTOM_FIELD_VIEW_ROW>
      <CUSTOM_FIELD_VIEW_ROW>
        <VIEW_NAME>LEVEL_1_PART_LOV</VIEW_NAME>
        <CF_VIEW_NAME>LEVEL_1_PART_LOV_CFV</CF_VIEW_NAME>
        <USED_DB>FALSE</USED_DB>
        <ROWKEY>4E88B13EF0BB44F1AFAFEB3FA319F786</ROWKEY>
      </CUSTOM_FIELD_VIEW_ROW>
      <CUSTOM_FIELD_VIEW_ROW>
        <VIEW_NAME>LEVEL_1_PART_LOV_1</VIEW_NAME>
        <CF_VIEW_NAME>LEVEL_1_PART_LOV_1_CFV</CF_VIEW_NAME>
        <USED_DB>FALSE</USED_DB>
        <ROWKEY>ADFEB3E173AF4DA6BE571F477B2CE29F</ROWKEY>
      </CUSTOM_FIELD_VIEW_ROW>
      <CUSTOM_FIELD_VIEW_ROW>
        <VIEW_NAME>LEVEL_1_PART_LOV_2</VIEW_NAME>
        <CF_VIEW_NAME>LEVEL_1_PART_LOV_2_CFV</CF_VIEW_NAME>
        <USED_DB>FALSE</USED_DB>
        <ROWKEY>5F7C64C844E34D97BE65DBEB07C61D7A</ROWKEY>
      </CUSTOM_FIELD_VIEW_ROW>
      <CUSTOM_FIELD_VIEW_ROW>
        <VIEW_NAME>LEVEL_1_PART_LOV_3</VIEW_NAME>
        <CF_VIEW_NAME>LEVEL_1_PART_LOV_3_CFV</CF_VIEW_NAME>
        <USED_DB>FALSE</USED_DB>
        <ROWKEY>B759D98AC9B04D77A06B59D42C7CC4B1</ROWKEY>
      </CUSTOM_FIELD_VIEW_ROW>
      <CUSTOM_FIELD_VIEW_ROW>
        <VIEW_NAME>LEVEL_1_PART_LOV_4</VIEW_NAME>
        <CF_VIEW_NAME>LEVEL_1_PART_LOV_4_CFV</CF_VIEW_NAME>
        <USED_DB>FALSE</USED_DB>
        <ROWKEY>D736D4705DE341CD91280BA50335F0EC</ROWKEY>
      </CUSTOM_FIELD_VIEW_ROW>
      <CUSTOM_FIELD_VIEW_ROW>
        <VIEW_NAME>LEVEL_1_PART_LOV_5</VIEW_NAME>
        <CF_VIEW_NAME>LEVEL_1_PART_LOV_5_CFV</CF_VIEW_NAME>
        <USED_DB>FALSE</USED_DB>
        <ROWKEY>081BC4274D8C4639B70FF3CBA2B8CCD7</ROWKEY>
      </CUSTOM_FIELD_VIEW_ROW>
      <CUSTOM_FIELD_VIEW_ROW>
        <VIEW_NAME>LEVEL_1_PART_NEW_LOV</VIEW_NAME>
        <CF_VIEW_NAME>LEVEL_1_PART_NEW_LOV_CFV</CF_VIEW_NAME>
        <USED_DB>FALSE</USED_DB>
        <ROWKEY>3DE8FF0FC10E49149833D6D585FC6731</ROWKEY>
      </CUSTOM_FIELD_VIEW_ROW>
      <CUSTOM_FIELD_VIEW_ROW>
        <VIEW_NAME>LEVEL_1_PART_VIEW</VIEW_NAME>
        <CF_VIEW_NAME>LEVEL_1_PART_VIEW_CFV</CF_VIEW_NAME>
        <USED_DB>FALSE</USED_DB>
        <ROWKEY>FE7A39E7C795440CA040F650490563E6</ROWKEY>
      </CUSTOM_FIELD_VIEW_ROW>
      <CUSTOM_FIELD_VIEW_ROW>
        <VIEW_NAME>LEVEL_1_SITE_LOV</VIEW_NAME>
        <CF_VIEW_NAME>LEVEL_1_SITE_LOV_CFV</CF_VIEW_NAME>
        <USED_DB>FALSE</USED_DB>
        <ROWKEY>8823555762804784A5B4748CE3A67868</ROWKEY>
      </CUSTOM_FIELD_VIEW_ROW>
    </CUSTOM_FIELD_VIEW>
  </CUSTOM_FIELD>
</CUSTOM_OBJECT>
