<?xml version="1.0"?>
<CUSTOM_OBJECT>
  <NAME>Bulk Update</NAME>
  <TYPE>CF_PERSISTENT</TYPE>
  <DESCRIPTION>This field is used by events DUPLICATE_MS_SET and &apos;DUPLICATE_MS_RECORD&apos; to identify records which needs to be duplicated across sites</DESCRIPTION>
  <CUSTOM_FIELD EXPORT_DEF_VERSION="1">
    <LU>Level1Part</LU>
    <TABLE_NAME>LEVEL1_PART_CFT</TABLE_NAME>
    <VIEW_NAME>LEVEL_1_PART_CFV</VIEW_NAME>
    <PACKAGE_NAME>LEVEL1_PART_CFP</PACKAGE_NAME>
    <DEFINITION_MODIFIED_DATE>2021-02-22-04.57.47</DEFINITION_MODIFIED_DATE>
    <EXPORT_DATE>2021-08-19-10.08.37</EXPORT_DATE>
    <USED_DB>TRUE</USED_DB>
    <ROWKEY>2EEA6B6100E74A6FB99E83D76AB7DB48</ROWKEY>
    <CUSTOM_FIELD_ATTRIBUTE>
      <CUSTOM_FIELD_ATTRIBUTE_ROW>
        <ATTRIBUTE_NAME>BULK_UPDATE</ATTRIBUTE_NAME>
        <DATA_TYPE_DB>ENUMERATION</DATA_TYPE_DB>
        <FORMAT_DB>UNFORMATTED</FORMAT_DB>
        <DATA_LENGTH>20</DATA_LENGTH>
        <DEFAULT_VALUE_TYPE_DB>ENUMERATION_VALUE</DEFAULT_VALUE_TYPE_DB>
        <DEFAULT_VALUE>TRUE</DEFAULT_VALUE>
        <MANDATORY_DB>FALSE</MANDATORY_DB>
        <INSERTABLE_DB>TRUE</INSERTABLE_DB>
        <UPDATEABLE_DB>TRUE</UPDATEABLE_DB>
        <QUERYABLE_DB>TRUE</QUERYABLE_DB>
        <PRIVATE_DB>TRUE</PRIVATE_DB>
        <LOV_DB>FALSE</LOV_DB>
        <INDEXED_DB>FALSE</INDEXED_DB>
        <PROMPT>Bulk Update</PROMPT>
        <DEFINITION_MODIFIED_DATE>2021-03-29-12.02.42</DEFINITION_MODIFIED_DATE>
        <CUSTOM_FIELD_TYPE_DB>PERSISTENT_FIELD</CUSTOM_FIELD_TYPE_DB>
        <CUSTOM_FIELD_IMPL_TYPE_DB>NOT_APPLICABLE</CUSTOM_FIELD_IMPL_TYPE_DB>
        <EXPRESSION/>
        <METADATA/>
        <LU_REFERENCE>FndBoolean</LU_REFERENCE>
        <UI_OBJECT_DB>CHECKBOX_REVERSED</UI_OBJECT_DB>
        <USED_DB>TRUE</USED_DB>
        <READ_ONLY_EXPRESSION_DB>FALSE</READ_ONLY_EXPRESSION_DB>
        <NOTE>This field is used by events DUPLICATE_MS_SET and &apos;DUPLICATE_MS_RECORD&apos; to identify records which needs to be duplicated across sites</NOTE>
        <ENABLED_ON_REPORTS_DB>TRUE</ENABLED_ON_REPORTS_DB>
        <CONSTRAINT_TYPE_DB>RESTRICTED</CONSTRAINT_TYPE_DB>
        <LOV_VIEW/>
        <ALTERNATE_KEY_DB>FALSE</ALTERNATE_KEY_DB>
        <ROWKEY>9EA1FAFB654C40298DA6B293F71CF7A6</ROWKEY>
      </CUSTOM_FIELD_ATTRIBUTE_ROW>
    </CUSTOM_FIELD_ATTRIBUTE>
    <TRANSLATIONS>
  </TRANSLATIONS>
    <CUSTOM_FIELD_VIEW>
      <CUSTOM_FIELD_VIEW_ROW>
        <VIEW_NAME>LEVEL_1_PART_EXT</VIEW_NAME>
        <CF_VIEW_NAME>LEVEL_1_PART_EXT_CFV</CF_VIEW_NAME>
        <USED_DB>FALSE</USED_DB>
        <ROWKEY>694B7C1B9BDA494C8E2F6CEFA5ECCCF5</ROWKEY>
      </CUSTOM_FIELD_VIEW_ROW>
      <CUSTOM_FIELD_VIEW_ROW>
        <VIEW_NAME>LEVEL_1_PART_LOV</VIEW_NAME>
        <CF_VIEW_NAME>LEVEL_1_PART_LOV_CFV</CF_VIEW_NAME>
        <USED_DB>FALSE</USED_DB>
        <ROWKEY>A13EE517DDA04F5DA4A1DA77DCFABC3C</ROWKEY>
      </CUSTOM_FIELD_VIEW_ROW>
      <CUSTOM_FIELD_VIEW_ROW>
        <VIEW_NAME>LEVEL_1_PART_LOV_1</VIEW_NAME>
        <CF_VIEW_NAME>LEVEL_1_PART_LOV_1_CFV</CF_VIEW_NAME>
        <USED_DB>FALSE</USED_DB>
        <ROWKEY>DE4C3825FAE6438FBA2EADA25C011EE2</ROWKEY>
      </CUSTOM_FIELD_VIEW_ROW>
      <CUSTOM_FIELD_VIEW_ROW>
        <VIEW_NAME>LEVEL_1_PART_LOV_2</VIEW_NAME>
        <CF_VIEW_NAME>LEVEL_1_PART_LOV_2_CFV</CF_VIEW_NAME>
        <USED_DB>FALSE</USED_DB>
        <ROWKEY>89931FE950084C6488A450FC5EF5EBF0</ROWKEY>
      </CUSTOM_FIELD_VIEW_ROW>
      <CUSTOM_FIELD_VIEW_ROW>
        <VIEW_NAME>LEVEL_1_PART_LOV_3</VIEW_NAME>
        <CF_VIEW_NAME>LEVEL_1_PART_LOV_3_CFV</CF_VIEW_NAME>
        <USED_DB>FALSE</USED_DB>
        <ROWKEY>11BCA273FFCD49E595ACE649C7CB4A5D</ROWKEY>
      </CUSTOM_FIELD_VIEW_ROW>
      <CUSTOM_FIELD_VIEW_ROW>
        <VIEW_NAME>LEVEL_1_PART_LOV_4</VIEW_NAME>
        <CF_VIEW_NAME>LEVEL_1_PART_LOV_4_CFV</CF_VIEW_NAME>
        <USED_DB>FALSE</USED_DB>
        <ROWKEY>C5BF432AA5A549CDB031AE4073272E80</ROWKEY>
      </CUSTOM_FIELD_VIEW_ROW>
      <CUSTOM_FIELD_VIEW_ROW>
        <VIEW_NAME>LEVEL_1_PART_LOV_5</VIEW_NAME>
        <CF_VIEW_NAME>LEVEL_1_PART_LOV_5_CFV</CF_VIEW_NAME>
        <USED_DB>FALSE</USED_DB>
        <ROWKEY>161BBDECDDE94097A5C1FEA076E63E54</ROWKEY>
      </CUSTOM_FIELD_VIEW_ROW>
      <CUSTOM_FIELD_VIEW_ROW>
        <VIEW_NAME>LEVEL_1_PART_NEW_LOV</VIEW_NAME>
        <CF_VIEW_NAME>LEVEL_1_PART_NEW_LOV_CFV</CF_VIEW_NAME>
        <USED_DB>FALSE</USED_DB>
        <ROWKEY>8B0201C064E446A4968BBDA3C32908A5</ROWKEY>
      </CUSTOM_FIELD_VIEW_ROW>
      <CUSTOM_FIELD_VIEW_ROW>
        <VIEW_NAME>LEVEL_1_PART_VIEW</VIEW_NAME>
        <CF_VIEW_NAME>LEVEL_1_PART_VIEW_CFV</CF_VIEW_NAME>
        <USED_DB>FALSE</USED_DB>
        <ROWKEY>CE23F7DC965342919BFE2BF51591947C</ROWKEY>
      </CUSTOM_FIELD_VIEW_ROW>
      <CUSTOM_FIELD_VIEW_ROW>
        <VIEW_NAME>LEVEL_1_SITE_LOV</VIEW_NAME>
        <CF_VIEW_NAME>LEVEL_1_SITE_LOV_CFV</CF_VIEW_NAME>
        <USED_DB>FALSE</USED_DB>
        <ROWKEY>7F33166923D743D6B50A4CDFF54D4D94</ROWKEY>
      </CUSTOM_FIELD_VIEW_ROW>
    </CUSTOM_FIELD_VIEW>
  </CUSTOM_FIELD>
</CUSTOM_OBJECT>
