<?xml version="1.0"?>
<CUSTOM_OBJECT>
  <NAME>Views -Level1 Part By Ms Set</NAME>
  <TYPE>CF_VIEWS</TYPE>
  <DESCRIPTION>Custom Field Views of Logical Unit Level1 Part By Ms Set</DESCRIPTION>
  <CUSTOM_FIELD_VIEWS EXPORT_DEF_VERSION="1">
    <LU>Level1PartByMsSet</LU>
    <TABLE_NAME>LEVEL1_PART_BY_MS_SET_CFT</TABLE_NAME>
    <VIEW_NAME>LEVEL_1_PART_BY_MS_SET_CFV</VIEW_NAME>
    <PACKAGE_NAME>LEVEL1_PART_BY_MS_SET_CFP</PACKAGE_NAME>
    <DEFINITION_MODIFIED_DATE>2021-02-23-03.19.57</DEFINITION_MODIFIED_DATE>
    <EXPORT_DATE>2021-05-27-05.57.16</EXPORT_DATE>
    <USED_DB>TRUE</USED_DB>
    <ROWKEY>44F0F1A40E7947C7B8FCA8188F25C005</ROWKEY>
    <CUSTOM_FIELD_VIEW>
      <CUSTOM_FIELD_VIEW_ROW>
        <VIEW_NAME>LEVEL_1_PART_MS_SET_LOV</VIEW_NAME>
        <CF_VIEW_NAME>LEVEL_1_PART_MS_SET_LOV_CFV</CF_VIEW_NAME>
        <USED_DB>FALSE</USED_DB>
        <ROWKEY>5507E164E0F4402AB0052636AF4F0E0E</ROWKEY>
      </CUSTOM_FIELD_VIEW_ROW>
      <CUSTOM_FIELD_VIEW_ROW>
        <VIEW_NAME>MS_SETS_ORDER_BY_1_DEF</VIEW_NAME>
        <CF_VIEW_NAME>MS_SETS_ORDER_BY_1_DEF_CFV</CF_VIEW_NAME>
        <USED_DB>TRUE</USED_DB>
        <ROWKEY>6411FF02ADDC429FAE97996980B7349D</ROWKEY>
      </CUSTOM_FIELD_VIEW_ROW>
      <CUSTOM_FIELD_VIEW_ROW>
        <VIEW_NAME>MULTIPLE_PARTS_BY_MS_SET</VIEW_NAME>
        <CF_VIEW_NAME>MULTIPLE_PARTS_BY_MS_SET_CFV</CF_VIEW_NAME>
        <USED_DB>FALSE</USED_DB>
        <ROWKEY>54651F720B7940A88087B1C2DF56E6BC</ROWKEY>
      </CUSTOM_FIELD_VIEW_ROW>
      <CUSTOM_FIELD_VIEW_ROW>
        <VIEW_NAME>PURCH_ORDER_MAS_SCH</VIEW_NAME>
        <CF_VIEW_NAME>PURCH_ORDER_MAS_SCH_CFV</CF_VIEW_NAME>
        <USED_DB>FALSE</USED_DB>
        <ROWKEY>BBE4F2B227104557A7A7485E1C0E9B3A</ROWKEY>
      </CUSTOM_FIELD_VIEW_ROW>
      <CUSTOM_FIELD_VIEW_ROW>
        <VIEW_NAME>PURCH_REQ_MAS_SCH</VIEW_NAME>
        <CF_VIEW_NAME>PURCH_REQ_MAS_SCH_CFV</CF_VIEW_NAME>
        <USED_DB>FALSE</USED_DB>
        <ROWKEY>D5D50F2B7A674423B69E3EA53D33630C</ROWKEY>
      </CUSTOM_FIELD_VIEW_ROW>
      <CUSTOM_FIELD_VIEW_ROW>
        <VIEW_NAME>SHOP_ORDER_MAS_SCH</VIEW_NAME>
        <CF_VIEW_NAME>SHOP_ORDER_MAS_SCH_CFV</CF_VIEW_NAME>
        <USED_DB>FALSE</USED_DB>
        <ROWKEY>D7CC447927CD4616B71CD75936BC8DDF</ROWKEY>
      </CUSTOM_FIELD_VIEW_ROW>
      <CUSTOM_FIELD_VIEW_ROW>
        <VIEW_NAME>SHOP_ORDER_PROP_MAS_SCH</VIEW_NAME>
        <CF_VIEW_NAME>SHOP_ORDER_PROP_MAS_SCH_CFV</CF_VIEW_NAME>
        <USED_DB>FALSE</USED_DB>
        <ROWKEY>7060F39609E34CEEBF8B3A1CF093F911</ROWKEY>
      </CUSTOM_FIELD_VIEW_ROW>
    </CUSTOM_FIELD_VIEW>
  </CUSTOM_FIELD_VIEWS>
</CUSTOM_OBJECT>
