<?xml version="1.0"?>
<CUSTOM_OBJECT>
  <NAME>DUPLICATE_MS_RECORD</NAME>
  <TYPE>CUSTOM_EVENT</TYPE>
  <DESCRIPTION>This Event duplicates &quot;Ms Level 1 Part&quot; record across sites excepts for site 2013</DESCRIPTION>
  <CUSTOM_EVENT EXPORT_DEF_VERSION="1">
    <EVENT_LU_NAME>Level1Part</EVENT_LU_NAME>
    <EVENT_ID>DUPLICATE_MS_RECORD</EVENT_ID>
    <EVENT_DESCRIPTION>This Event duplicates &quot;Ms Level 1 Part&quot; record across sites excepts for site 2013</EVENT_DESCRIPTION>
    <EVENT_ENABLE>TRUE</EVENT_ENABLE>
    <EVENT_TABLE_NAME>LEVEL1_PART_CFT</EVENT_TABLE_NAME>
    <MODIFIED_ATTRIBUTES/>
    <EVENT_TYPE_DB>CUSTOM</EVENT_TYPE_DB>
    <NEW_ROW_DB>TRUE</NEW_ROW_DB>
    <MODIFY_ROW_DB>FALSE</MODIFY_ROW_DB>
    <REMOVE_ROW_DB>FALSE</REMOVE_ROW_DB>
    <EVENT_TRIGGER_TYPE_DB>AFTER</EVENT_TRIGGER_TYPE_DB>
    <DEFINITION_MODIFIED_DATE>2021-03-29-11.17.16</DEFINITION_MODIFIED_DATE>
    <OBJKEY>D4C4DA065C2442E3AF1CE9B13AF60381</OBJKEY>
    <EVENT_PARAMETERS>
      <EVENT_PARAMETERS_ROW>
        <ID>ROWKEY</ID>
        <ID_TYPE>STRING</ID_TYPE>
        <PLSQL_METHOD/>
        <CURRENT_VALUE_DB>FALSE</CURRENT_VALUE_DB>
        <NEW_VALUE_DB>TRUE</NEW_VALUE_DB>
      </EVENT_PARAMETERS_ROW>
    </EVENT_PARAMETERS>
  </CUSTOM_EVENT>
</CUSTOM_OBJECT>
