<?xml version="1.0"?>
<CUSTOM_OBJECT>
  <NAME>2^DUPLICATE_MS_RECORD^Level1Part</NAME>
  <TYPE>CUSTOM_EVENT_ACTION</TYPE>
  <DESCRIPTION>This Event Action duplicates &quot;Ms Level 1 Part&quot; record across sites excepts for site 2013</DESCRIPTION>
  <CUSTOM_EVENT_ACTION EXPORT_DEF_VERSION="2">
    <EVENT_LU_NAME>Level1Part</EVENT_LU_NAME>
    <EVENT_ID>DUPLICATE_MS_RECORD</EVENT_ID>
    <ACTION_NUMBER>2</ACTION_NUMBER>
    <ACTION_ENABLE>TRUE</ACTION_ENABLE>
    <ACTION_PARAMETERS>!FNDSER.EVENT_ACTION_PARAM
$SQL=DECLARE
-   objkey_ VARCHAR2(50);
-   
-   TYPE Ms_Set_Rec IS RECORD
-      (contract               VARCHAR2(100),
-       part_no                VARCHAR2(100),
-       png                    VARCHAR2(100),
-       ms_set                 NUMBER,
-       qty_onhand             NUMBER,
-       qty_allocated          NUMBER,
-       last_run_date          DATE,
-       last_run_integrated_crp VARCHAR2(100));
-       
-   ms_set_rec_ Ms_Set_Rec;
-   level1_part_rec_ Level_1_Part_API.Public_Rec;
-      
-   FUNCTION Get_Level1_Part_Attr___(
-     contract_ IN VARCHAR2,
-     rec_      IN Level_1_Part_API.Public_Rec) RETURN VARCHAR2
-   IS
-      attr_ VARCHAR2(32000);
-   BEGIN
-      Client_SYS.Clear_Attr(attr_);
-      Client_SYS.Add_To_Attr(&apos;CONTRACT&apos;, contract_, attr_);
-      Client_SYS.Add_To_Attr(&apos;PART_NO&apos;, rec_.part_no, attr_);
-      Client_SYS.Add_To_Attr(&apos;PNG&apos;, rec_.png, attr_);
-      Client_SYS.Add_To_Attr(&apos;MS_RECEIPT_ACTIVITY_SEQ&apos;, rec_.ms_receipt_activity_seq, attr_);
-      Client_SYS.Add_To_Attr(&apos;DEMAND_TIMEFENCE&apos;, rec_.demand_timefence, attr_);
-      Client_SYS.Add_To_Attr(&apos;PLANNING_TIMEFENCE&apos;, rec_.planning_timefence, attr_);
-      Client_SYS.Add_To_Attr(&apos;FORECAST_CONSUMPTION_WND&apos;, rec_.forecast_consumption_wnd, attr_);
-      Client_SYS.Add_To_Attr(&apos;PARENT_CONTRACT&apos;, rec_.parent_contract, attr_);
-      Client_SYS.Add_To_Attr(&apos;PARENT_PART_NO&apos;, rec_.parent_part_no, attr_);
-      Client_SYS.Add_To_Attr(&apos;ROLL_FLAG_DB&apos;, rec_.roll_flag, attr_);
-      Client_SYS.Add_To_Attr(&apos;MS_ACTIVE_FLAG_DB&apos;, rec_.ms_active_flag, attr_);
-      Client_SYS.Add_To_Attr(&apos;SHOP_ORDER_PROPOSAL_FLAG_DB&apos;, rec_.shop_order_proposal_flag, attr_);
-      Client_SYS.Add_To_Attr(&apos;CREATE_FIXED_MS_RECEIPT_DB&apos;, rec_.create_fixed_ms_receipt, attr_);
-      Client_SYS.Add_To_Attr(&apos;UNCONSUMED_FORECAST_DISP_DB&apos;, rec_.unconsumed_forecast_disp, attr_);
-      Client_SYS.Add_To_Attr(&apos;PROMISE_METHOD_DB&apos;, rec_.promise_method, attr_);
-      Client_SYS.Add_To_Attr(&apos;FAMILY_TYPE_DB&apos;, rec_.family_type, attr_);
-      Client_SYS.Add_To_Attr(&apos;MSRCPT_TO_MRP_FOR_DOP_DB&apos;, rec_.msrcpt_to_mrp_for_dop, attr_);
-      Client_SYS.Add_To_Attr(&apos;FWD_FORECAST_CONSUMPTION&apos;, rec_.fwd_forecast_consumption, attr_);
-      Client_SYS.Add_To_Attr(&apos;MAX_UNCONSUMED_FORECAST&apos;, rec_.max_unconsumed_forecast, attr_);
-      Client_SYS.Add_To_Attr(&apos;ROLL_BY_PERCENTAGE&apos;, rec_.roll_by_percentage, attr_);
-      Client_SYS.Add_To_Attr(&apos;ROLL_WINDOW&apos;, rec_.roll_window, attr_);
-      Client_SYS.Add_To_Attr(&apos;SHOW_UCF_IN_IPAP_DB&apos;, rec_.show_ucf_in_ipap, attr_);
-      Client_SYS.Add_To_Attr(&apos;USE_PLAN_DEP_DEMAND_DB&apos;, rec_.use_plan_dep_demand, attr_);
-      Client_SYS.Add_To_Attr(&apos;DEP_DEMAND_IN_CONS_DB&apos;, rec_.dep_demand_in_cons, attr_);
-      Client_SYS.Add_To_Attr(&apos;QTY_CALC_ROUNDING&apos;, rec_.qty_calc_rounding, attr_);
-      Client_SYS.Add_To_Attr(&apos;INCL_FCST_IN_SOP_AGGREG_DB&apos;, rec_.incl_fcst_in_sop_aggreg, attr_);
-      Client_SYS.Add_To_Attr(&apos;INCL_SUPPLY_IN_SOP_AGGREG_DB&apos;, rec_.incl_supply_in_sop_aggreg, attr_);
-      RETURN attr_;
-   END Get_Level1_Part_Attr___;
-   
-   PROCEDURE Add_Level1_Part___(
-      contract_        IN VARCHAR2,
-      level1_part_rec_ IN Level_1_Part_API.Public_Rec)
-   IS
-      attr_  VARCHAR2(32000);
-      info_  VARCHAR2(32000);
-      objid_ VARCHAR2(50);
-      objversion_ VARCHAR2(50);
-   BEGIN
-      attr_:= Get_Level1_Part_Attr___(contract_,level1_part_rec_);
-      Level_1_Part_API.New__(info_,objid_,objversion_,attr_,&apos;DO&apos;);
-   END Add_Level1_Part___;                       
-BEGIN
-   objkey_ := &apos;&amp;NEW:ROWKEY&apos;;
-   level1_part_rec_:= Level_1_Part_API.Get_By_Rowkey(objkey_);
-
-  FOR rec_ IN (SELECT contract FROM SITE WHERE contract != level1_part_rec_.contract AND contract != 2013) LOOP
-      BEGIN
-         Add_Level1_Part___(rec_.contract,level1_part_rec_);         
-      EXCEPTION
-         WHEN OTHERS THEN
-            DBMS_Output.Put_Line(&apos;An error was encountered - &apos;||SQLCODE||&apos; -ERROR- &apos;||SQLERRM);
-      END;
-   END LOOP;
-EXCEPTION
-  WHEN OTHERS THEN
-     DBMS_Output.Put_Line(&apos;An error was encountered - &apos;||SQLCODE||&apos; -ERROR- &apos;||SQLERRM);    
-END;
$ATTACH=!ATTACHMENTS
</ACTION_PARAMETERS>
    <FND_EVENT_ACTION_TYPE_DB>EXECUTEONLINESQL</FND_EVENT_ACTION_TYPE_DB>
    <CONDITION_TYPE>!EVENT_ACTION_COND_TYPE
$NEW:ROWKEY=
</CONDITION_TYPE>
    <CONDITION_VALUE>!EVENT_ACTION_COND_VALUE
$NEW:ROWKEY=
</CONDITION_VALUE>
    <DESCRIPTION>This Event Action duplicates &quot;Ms Level 1 Part&quot; record across sites excepts for site 2013</DESCRIPTION>
    <SUBSCRIBABLE>FALSE</SUBSCRIBABLE>
    <SYSTEM_DEFINED>FALSE</SYSTEM_DEFINED>
    <ROLE/>
    <DEFINITION_MODIFIED_DATE>2021-03-29-11.11.43</DEFINITION_MODIFIED_DATE>
    <OBJKEY>D7E47F2BAF4243C69A1C19B09DC6CD4F</OBJKEY>
  </CUSTOM_EVENT_ACTION>
</CUSTOM_OBJECT>
