<?xml version="1.0"?>
<APPLICATION_CONFIGURATION>
  <EXPORT_DEF_VERSION>1</EXPORT_DEF_VERSION>
  <PACKAGE_ID>48D29547FC374FEF9F98330F05FA9B65</PACKAGE_ID>
  <NAME>EA_Finance_Services</NAME>
  <DESCRIPTION>This contains C460.</DESCRIPTION>
  <AUTHOR>Tunstall Group Holdings Limited</AUTHOR>
  <VERSION/>
  <VERSION_TIME_STAMP>2021-06-07-03.31.35</VERSION_TIME_STAMP>
  <ORIGIN>TUGRREF-307544-MC-TUGRREF-APPS10</ORIGIN>
  <LAST_MODIFIED_DATE>2021-06-07-03.30.57</LAST_MODIFIED_DATE>
  <ITEMS>
    <ITEMS_ROW>
      <NAME>0^FETCH_PRE_POSTING_SCL^PmActionCalendarPlan</NAME>
      <TYPE>CUSTOM_EVENT_ACTION</TYPE>
      <DESCRIPTION>This is to modify pre-posting info in the WO screen according to the service contract</DESCRIPTION>
      <FILENAME>CustomEventAction-PmActionCalendarPlan-FETCH_PRE_POSTING_SCL-0-EXECUTEONLINESQL.xml</FILENAME>
    </ITEMS_ROW>
    <ITEMS_ROW>
      <NAME>0^UPDATE_PRE_POSTING_TASK^PreAccounting</NAME>
      <TYPE>CUSTOM_EVENT_ACTION</TYPE>
      <DESCRIPTION>C0460 - Update Preposting in Work Task Based on Service Contract Pre Posting Information</DESCRIPTION>
      <FILENAME>CustomEventAction-PreAccounting-UPDATE_PRE_POSTING_TASK-0-EXECUTEONLINESQL.xml</FILENAME>
    </ITEMS_ROW>
    <ITEMS_ROW>
      <NAME>UPDATE_PRE_POSTING_TASK</NAME>
      <TYPE>CUSTOM_EVENT</TYPE>
      <DESCRIPTION>C0460 - Update Preposting in Work Task Based on Service Contract Pre Posting Information</DESCRIPTION>
      <FILENAME>CustomEvent-PreAccounting-UPDATE_PRE_POSTING_TASK.xml</FILENAME>
    </ITEMS_ROW>
    <ITEMS_ROW>
      <NAME>FETCH_PRE_POSTING_SCL</NAME>
      <TYPE>CUSTOM_EVENT</TYPE>
      <DESCRIPTION>This is to modify pre-posting info in the WO screen according to the service contract</DESCRIPTION>
      <FILENAME>CustomEvent-PmActionCalendarPlan-FETCH_PRE_POSTING_SCL.xml</FILENAME>
    </ITEMS_ROW>
  </ITEMS>
  <ADDITIONAL_ITEMS/>
</APPLICATION_CONFIGURATION>
