<?xml version="1.0"?>
<CUSTOM_OBJECT>
  <NAME>UPDATE_PRE_POSTING_TASK</NAME>
  <TYPE>CUSTOM_EVENT</TYPE>
  <DESCRIPTION>C0460 - Update Preposting in Work Task Based on Service Contract Pre Posting Information</DESCRIPTION>
  <CUSTOM_EVENT EXPORT_DEF_VERSION="1">
    <EVENT_LU_NAME>PreAccounting</EVENT_LU_NAME>
    <EVENT_ID>UPDATE_PRE_POSTING_TASK</EVENT_ID>
    <EVENT_DESCRIPTION>C0460 - Update Preposting in Work Task Based on Service Contract Pre Posting Information</EVENT_DESCRIPTION>
    <EVENT_ENABLE>TRUE</EVENT_ENABLE>
    <EVENT_TABLE_NAME>PRE_ACCOUNTING_TAB</EVENT_TABLE_NAME>
    <MODIFIED_ATTRIBUTES>ACCOUNT_NO;CODENO_B;CODENO_C;CODENO_D;CODENO_E;CODENO_F;CODENO_G;CODENO_H;CODENO_I;CODENO_J;ACTIVITY_SEQ</MODIFIED_ATTRIBUTES>
    <EVENT_TYPE_DB>CUSTOM</EVENT_TYPE_DB>
    <NEW_ROW_DB>FALSE</NEW_ROW_DB>
    <MODIFY_ROW_DB>TRUE</MODIFY_ROW_DB>
    <REMOVE_ROW_DB>FALSE</REMOVE_ROW_DB>
    <EVENT_TRIGGER_TYPE_DB>AFTER</EVENT_TRIGGER_TYPE_DB>
    <DEFINITION_MODIFIED_DATE>2021-05-31-09.22.11</DEFINITION_MODIFIED_DATE>
    <OBJKEY>9BC1FA1181E54D738DB8B21B2956CA30</OBJKEY>
    <EVENT_PARAMETERS>
      <EVENT_PARAMETERS_ROW>
        <ID>PRE_ACCOUNTING_ID</ID>
        <ID_TYPE>NUMBER</ID_TYPE>
        <PLSQL_METHOD/>
        <CURRENT_VALUE_DB>FALSE</CURRENT_VALUE_DB>
        <NEW_VALUE_DB>TRUE</NEW_VALUE_DB>
      </EVENT_PARAMETERS_ROW>
    </EVENT_PARAMETERS>
  </CUSTOM_EVENT>
</CUSTOM_OBJECT>
