<?xml version="1.0"?>
<CUSTOM_OBJECT>
  <NAME>FETCH_PRE_POSTING_SCL</NAME>
  <TYPE>CUSTOM_EVENT</TYPE>
  <DESCRIPTION>This is to modify pre-posting info in the WO screen according to the service contract</DESCRIPTION>
  <CUSTOM_EVENT EXPORT_DEF_VERSION="1">
    <EVENT_LU_NAME>PmActionCalendarPlan</EVENT_LU_NAME>
    <EVENT_ID>FETCH_PRE_POSTING_SCL</EVENT_ID>
    <EVENT_DESCRIPTION>This is to modify pre-posting info in the WO screen according to the service contract</EVENT_DESCRIPTION>
    <EVENT_ENABLE>TRUE</EVENT_ENABLE>
    <EVENT_TABLE_NAME>JT_TASK_TAB</EVENT_TABLE_NAME>
    <MODIFIED_ATTRIBUTES>TASK_SEQ</MODIFIED_ATTRIBUTES>
    <EVENT_TYPE_DB>CUSTOM</EVENT_TYPE_DB>
    <NEW_ROW_DB>TRUE</NEW_ROW_DB>
    <MODIFY_ROW_DB>TRUE</MODIFY_ROW_DB>
    <REMOVE_ROW_DB>FALSE</REMOVE_ROW_DB>
    <EVENT_TRIGGER_TYPE_DB>AFTER</EVENT_TRIGGER_TYPE_DB>
    <DEFINITION_MODIFIED_DATE>2021-06-07-03.25.10</DEFINITION_MODIFIED_DATE>
    <OBJKEY>C6D3782FB24A4AAFB501420760E71903</OBJKEY>
    <EVENT_PARAMETERS>
      <EVENT_PARAMETERS_ROW>
        <ID>CONTRACT_ID</ID>
        <ID_TYPE>STRING</ID_TYPE>
        <PLSQL_METHOD/>
        <CURRENT_VALUE_DB>FALSE</CURRENT_VALUE_DB>
        <NEW_VALUE_DB>TRUE</NEW_VALUE_DB>
      </EVENT_PARAMETERS_ROW>
      <EVENT_PARAMETERS_ROW>
        <ID>LINE_NO</ID>
        <ID_TYPE>NUMBER</ID_TYPE>
        <PLSQL_METHOD/>
        <CURRENT_VALUE_DB>FALSE</CURRENT_VALUE_DB>
        <NEW_VALUE_DB>TRUE</NEW_VALUE_DB>
      </EVENT_PARAMETERS_ROW>
      <EVENT_PARAMETERS_ROW>
        <ID>PRE_ACCOUNTING_ID</ID>
        <ID_TYPE>NUMBER</ID_TYPE>
        <PLSQL_METHOD/>
        <CURRENT_VALUE_DB>FALSE</CURRENT_VALUE_DB>
        <NEW_VALUE_DB>TRUE</NEW_VALUE_DB>
      </EVENT_PARAMETERS_ROW>
      <EVENT_PARAMETERS_ROW>
        <ID>SOURCE_CONNECTION_LU_NAME</ID>
        <ID_TYPE>STRING</ID_TYPE>
        <PLSQL_METHOD/>
        <CURRENT_VALUE_DB>FALSE</CURRENT_VALUE_DB>
        <NEW_VALUE_DB>TRUE</NEW_VALUE_DB>
      </EVENT_PARAMETERS_ROW>
      <EVENT_PARAMETERS_ROW>
        <ID>TASK_SEQ</ID>
        <ID_TYPE>NUMBER</ID_TYPE>
        <PLSQL_METHOD/>
        <CURRENT_VALUE_DB>FALSE</CURRENT_VALUE_DB>
        <NEW_VALUE_DB>TRUE</NEW_VALUE_DB>
      </EVENT_PARAMETERS_ROW>
      <EVENT_PARAMETERS_ROW>
        <ID>WO_NO</ID>
        <ID_TYPE>NUMBER</ID_TYPE>
        <PLSQL_METHOD/>
        <CURRENT_VALUE_DB>FALSE</CURRENT_VALUE_DB>
        <NEW_VALUE_DB>TRUE</NEW_VALUE_DB>
      </EVENT_PARAMETERS_ROW>
    </EVENT_PARAMETERS>
  </CUSTOM_EVENT>
</CUSTOM_OBJECT>
