<?xml version="1.0"?>
<CUSTOM_OBJECT>
  <NAME>0^FETCH_PRE_POSTING_SCL^PmActionCalendarPlan</NAME>
  <TYPE>CUSTOM_EVENT_ACTION</TYPE>
  <DESCRIPTION>This is to modify pre-posting info in the WO screen according to the service contract</DESCRIPTION>
  <CUSTOM_EVENT_ACTION EXPORT_DEF_VERSION="2">
    <EVENT_LU_NAME>PmActionCalendarPlan</EVENT_LU_NAME>
    <EVENT_ID>FETCH_PRE_POSTING_SCL</EVENT_ID>
    <ACTION_NUMBER>0</ACTION_NUMBER>
    <ACTION_ENABLE>TRUE</ACTION_ENABLE>
    <ACTION_PARAMETERS>!FNDSER.EVENT_ACTION_PARAM
$SQL=DECLARE
-
-  pm_no_                  NUMBER;
-  pm_revision_         VARCHAR2(3200);
-  contract_               VARCHAR2(3200);
-  TYPE info_type IS  ref CURSOR;
-  info_cursor_           info_type;
-  contract_id_           VARCHAR2(3200);
-  line_no_                  VARCHAR2(3200);
-  code_B                    VARCHAR2(3200);
-  code_C                   VARCHAR2(3200);
-  code_D                   VARCHAR2(3200);
-  code_E                    VARCHAR2(3200);
-  code_F                    VARCHAR2(3200);
-  code_G                    VARCHAR2(3200);
-  code_H                    VARCHAR2(3200);
-  code_I                     VARCHAR2(3200);
-  code_J                     VARCHAR2(3200);
-  activity_seq_           VARCHAR2(3200);
-  attr_                        VARCHAR2(3200) := null;
-  attr_2_                    VARCHAR2(3200) := null;
-  objid_                       VARCHAR2(3200) := null;
-  objversion_              VARCHAR2(3200) := null;
-  info_                         VARCHAR2(3200);
-  stmt                          VARCHAR2(3200);
-  line_pre_acc_           NUMBER;
-  header_pre_acc_     NUMBER;
-  temp_                       NUMBER;
-  b_                             BOOLEAN;
-  c_                             BOOLEAN;
-  d_                             BOOLEAN;
-  e_                             BOOLEAN;
-  f_                             BOOLEAN;
-  g_                            BOOLEAN;
-  h_                            BOOLEAN;
-  i_                             BOOLEAN;
-  j_                             BOOLEAN;
-  check_header_       BOOLEAN := false;
-  wo_pre_acc_id_     NUMBER;
-
-  CURSOR get_pm_details IS
-    SELECT pm_no, pm_revision
-      FROM pm_action_calendar_plan
-    WHERE wo_no = &apos;&amp;NEW:WO_NO&apos;;
-
-  CURSOR get_contract_details(pm_no_ IN number, pm_revision_ IN varchar2) IS
-    SELECT contract
-      FROM pm_action_uiv
-    WHERE pm_no = pm_no_
-         AND pm_revision = pm_revision_;
-
-  --get service contract line pre accounting id
-  CURSOR get_line_pre_acc IS
-    SELECT pre_accounting_id
-      FROM psc_contr_product_uiv_cfv
-    WHERE contract_id = &apos;&amp;NEW:CONTRACT_ID&apos;
-         AND line_no = &apos;&amp;NEW:LINE_NO&apos;;
-
-  --get service contract header pre accounting id
-  CURSOR get_header_pre(contract_id_ IN VARCHAR2) IS
-    SELECT pre_accounting_id
-      FROM sc_service_contract
-    WHERE contract_id = &apos;&amp;NEW:CONTRACT_ID&apos;;
-
-  --enabled preposting in SC line
-  CURSOR get_enabled_sc_lines IS
-    SELECT DISTINCT code_part
-      FROM posting_ctrl_tab
-     WHERE company = &apos;1201&apos;
-       AND posting_type = &apos;T54&apos;
-       AND control_type LIKE nvl(&apos;AC2&apos;, &apos;%&apos;)
-      ORDER BY code_part;
-
-  --enabled preposting in SC header
-  CURSOR get_enabled_sc_header IS
-    SELECT DISTINCT code_part
-      FROM posting_ctrl_tab
-     WHERE company = &apos;1201&apos;
-       AND posting_type = &apos;T53&apos;
-       AND control_type LIKE nvl(&apos;AC2&apos;, &apos;%&apos;)
-     ORDER BY code_part;
-
-  CURSOR get_pre_posting_info(pre_accounding_id_ IN NUMBER) IS
-    SELECT 1
-      FROM pre_accounting_tab
-    WHERE pre_accounting_id = pre_accounding_id_;
-
-  CURSOR get_wo_header IS
-    SELECT a.pre_accounting_id
-      FROM active_separate_uiv a
-    WHERE a.wo_no = &apos;&amp;NEW:WO_NO&apos;;
-
-  CURSOR get_obj_dets(pre_acc_id IN NUMBER) IS
-    SELECT objid, objversion
-      FROM pre_accounting
-    WHERE pre_accounting_id = pre_acc_id;
-
-  CURSOR get_tasks_wo IS
-    SELECT pre_accounting_id, task_seq
-      FROM jt_task_uiv
-    WHERE wo_no = &apos;&amp;NEW:WO_NO&apos;;
-
-BEGIN
-
-  OPEN get_pm_details;
-  FETCH get_pm_details
-    INTO pm_no_, pm_revision_;
-  CLOSE get_pm_details;
-
-  OPEN get_contract_details(pm_no_, pm_revision_);
-  FETCH get_contract_details
-    INTO contract_;
-  CLOSE get_contract_details;
-
-  FOR rec IN get_enabled_sc_lines LOOP
-    IF (rec.code_part = &apos;B&apos;) THEN
-      b_ := true;
-    END IF;
-    IF (rec.code_part = &apos;C&apos;) THEN
-      c_ := true;
-    END IF;
-    IF (rec.code_part = &apos;D&apos;) THEN
-      d_ := true;
-    END IF;
-    IF (rec.code_part = &apos;E&apos;) THEN
-      e_ := true;
-    END IF;
-    IF (rec.code_part = &apos;F&apos;) THEN
-      f_ := true;
-    END IF;
-    IF (rec.code_part = &apos;G&apos;) THEN
-      g_ := true;
-    END IF;
-    IF (rec.code_part = &apos;H&apos;) THEN
-      h_ := true;
-    END IF;
-    IF (rec.code_part = &apos;I&apos;) THEN
-      i_ := true;
-    END IF;
-    IF (rec.code_part = &apos;J&apos;) THEN
-      j_ := true;
-    END IF;
-  
-  END LOOP;
-
-  OPEN get_line_pre_acc;
-  FETCH get_line_pre_acc
-    INTO line_pre_acc_;
-  CLOSE get_line_pre_acc;
-
-  OPEN get_pre_posting_info(line_pre_acc_);
-  FETCH get_pre_posting_info
-    INTO temp_;
-  IF (get_pre_posting_info%NOTFOUND) THEN
-    check_header_ := true;
-  END IF;
-  CLOSE get_pre_posting_info;
-
-  OPEN get_wo_header;
-  FETCH get_wo_header
-    INTO wo_pre_acc_id_;
-  CLOSE get_wo_header;
-
-  OPEN get_obj_dets(wo_pre_acc_id_);
-  FETCH get_obj_dets
-    INTO objid_, objversion_;
-  CLOSE get_obj_dets;
-  
-    IF (NOT check_header_) THEN
-    
-      IF (b_) THEN
-        stmt := &apos;SELECT codeno_B 
-              FROM pre_accounting_tab where pre_accounting_id = :line_pre_acc_ and codeno_B is not null  &apos;;
-      
-        OPEN info_cursor_ FOR stmt
-          USING line_pre_acc_;
-        FETCH info_cursor_
-          into code_B;
-        CLOSE info_cursor_;
-      
-        IF (code_B is not null) THEN
-          Client_SYS.Add_To_Attr(&apos;CODENO_B&apos;, code_B, attr_);
-          Client_SYS.Add_To_Attr(&apos;CODENO_B&apos;, code_B, attr_2_);
-        END IF;
-      END IF;
-    
-      IF (c_) THEN
-        stmt := &apos;SELECT codeno_C, activity_seq
-              FROM pre_accounting_tab where pre_accounting_id = :line_pre_acc_ and codeno_C is not null &apos;;
-      
-        OPEN info_cursor_ FOR stmt
-          USING line_pre_acc_;
-        FETCH info_cursor_
-          into code_C, activity_seq_;
-        CLOSE info_cursor_;
-      
-        IF (code_C is not null) THEN
-          Client_SYS.Add_To_Attr(&apos;CODENO_C&apos;, code_C, attr_);
-          Client_SYS.Add_To_Attr(&apos;CODENO_C&apos;, code_C, attr_2_);
-          Client_SYS.Add_To_Attr(&apos;ACTIVITY_SEQ&apos;, activity_seq_, attr_);
-          Client_SYS.Add_To_Attr(&apos;ACTIVITY_SEQ&apos;, activity_seq_, attr_2_);
-        END IF;
-      END IF;
-    
-      IF (d_) THEN
-        stmt := &apos;SELECT codeno_D 
-              FROM pre_accounting_tab where pre_accounting_id = :line_pre_acc_ and codeno_D is not null &apos;;
-      
-        OPEN info_cursor_ FOR stmt
-          USING line_pre_acc_;
-        FETCH info_cursor_
-          into code_D;
-        CLOSE info_cursor_;
-      
-        IF (code_D is not null) THEN
-          Client_SYS.Add_To_Attr(&apos;CODENO_D&apos;, code_D, attr_);
-          Client_SYS.Add_To_Attr(&apos;CODENO_D&apos;, code_D, attr_2_);
-        END IF;
-      END IF;
-    
-      IF (e_) THEN
-        stmt := &apos;SELECT codeno_E 
-              FROM pre_accounting_tab where pre_accounting_id = :line_pre_acc_  and codeno_E is not null&apos;;
-      
-        OPEN info_cursor_ FOR stmt
-          USING line_pre_acc_;
-        FETCH info_cursor_
-          into code_E;
-        CLOSE info_cursor_;
-      
-        IF (code_E is not null) THEN
-          Client_SYS.Add_To_Attr(&apos;CODENO_E&apos;, code_E, attr_);
-          Client_SYS.Add_To_Attr(&apos;CODENO_E&apos;, code_E, attr_2_);
-        END IF;
-      END IF;
-    
-      IF (f_) THEN
-        stmt := &apos;SELECT codeno_F 
-              FROM pre_accounting_tab where pre_accounting_id = :line_pre_acc_ and codeno_F is not null &apos;;
-      
-        OPEN info_cursor_ FOR stmt
-          USING line_pre_acc_;
-        FETCH info_cursor_
-          into code_F;
-        CLOSE info_cursor_;
-      
-        IF (code_F is not null) THEN
-          Client_SYS.Add_To_Attr(&apos;CODENO_F&apos;, code_F, attr_);
-          Client_SYS.Add_To_Attr(&apos;CODENO_F&apos;, code_F, attr_2_);
-        END IF;
-      END IF;
-    
-      IF (g_) THEN
-        stmt := &apos;SELECT codeno_G 
-              FROM pre_accounting_tab where pre_accounting_id = :line_pre_acc_ and codeno_G is not null &apos;;
-      
-        OPEN info_cursor_ FOR stmt
-          USING line_pre_acc_;
-        FETCH info_cursor_
-          into code_G;
-        CLOSE info_cursor_;
-      
-        IF (code_G is not null) THEN
-          Client_SYS.Add_To_Attr(&apos;CODENO_G&apos;, code_G, attr_);
-          Client_SYS.Add_To_Attr(&apos;CODENO_G&apos;, code_G, attr_2_);
-        END IF;
-      END IF;
-    
-      IF (h_) THEN
-        stmt := &apos;SELECT codeno_H 
-              FROM pre_accounting_tab where pre_accounting_id = :line_pre_acc_ and codeno_H is not null  &apos;;
-      
-        OPEN info_cursor_ FOR stmt
-          USING line_pre_acc_;
-        FETCH info_cursor_
-          into code_H;
-        CLOSE info_cursor_;
-      
-        IF (code_H is not null) THEN
-          Client_SYS.Add_To_Attr(&apos;CODENO_H&apos;, code_H, attr_);
-          Client_SYS.Add_To_Attr(&apos;CODENO_H&apos;, code_H, attr_2_);
-        END IF;
-      END IF;
-    
-      IF (i_) THEN
-        stmt := &apos;SELECT codeno_I 
-              FROM pre_accounting_tab where pre_accounting_id = :line_pre_acc_ and codeno_I is not null  &apos;;
-      
-        OPEN info_cursor_ FOR stmt
-          USING line_pre_acc_;
-        FETCH info_cursor_
-          into code_I;
-        CLOSE info_cursor_;
-      
-        IF (code_I is not null) THEN
-          Client_SYS.Add_To_Attr(&apos;CODENO_I&apos;, code_I, attr_);
-          Client_SYS.Add_To_Attr(&apos;CODENO_I&apos;, code_I, attr_2_);
-        END IF;
-      END IF;
-    
-      IF (j_) THEN
-        stmt := &apos;SELECT codeno_J 
-              FROM pre_accounting_tab where pre_accounting_id = :line_pre_acc_ and codeno_J is not null  &apos;;
-      
-        OPEN info_cursor_ FOR stmt
-          USING line_pre_acc_;
-        FETCH info_cursor_
-          into code_J;
-        CLOSE info_cursor_;
-      
-        IF (code_J is not null) THEN
-          Client_SYS.Add_To_Attr(&apos;CODENO_J&apos;, code_J, attr_);
-          Client_SYS.Add_To_Attr(&apos;CODENO_J&apos;, code_J, attr_2_);
-        END IF;
-      END IF;
-    
-    END IF;
-  
-    --GETTING SC HEADER PRE POSTING INFO
-    IF (check_header_ or attr_ is null) THEN
-
-      OPEN get_header_pre(contract_id_);
-      FETCH get_header_pre
-        INTO header_pre_acc_;
-      CLOSE get_header_pre;
-    
-      FOR rec IN get_enabled_sc_header LOOP
-        IF (rec.code_part = &apos;B&apos;) THEN
-          b_ := true;
-        END IF;
-        IF (rec.code_part = &apos;C&apos;) THEN
-          c_ := true;
-        END IF;
-        IF (rec.code_part = &apos;D&apos;) THEN
-          d_ := true;
-        END IF;
-        IF (rec.code_part = &apos;E&apos;) THEN
-          e_ := true;
-        END IF;
-        IF (rec.code_part = &apos;F&apos;) THEN
-          f_ := true;
-        END IF;
-        IF (rec.code_part = &apos;G&apos;) THEN
-          g_ := true;
-        END IF;
-        IF (rec.code_part = &apos;H&apos;) THEN
-          h_ := true;
-        END IF;
-        IF (rec.code_part = &apos;I&apos;) THEN
-          i_ := true;
-        END IF;
-        IF (rec.code_part = &apos;J&apos;) THEN
-          j_ := true;
-        END IF;
-      END LOOP;
-    
-      IF (b_) THEN
-        stmt := &apos;SELECT codeno_B 
-              FROM pre_accounting_tab where pre_accounting_id = :header_pre_acc_  &apos;;
-      
-        OPEN info_cursor_ FOR stmt
-          USING header_pre_acc_;
-        FETCH info_cursor_
-          into code_B;
-        CLOSE info_cursor_;
-      
-        Client_SYS.Add_To_Attr(&apos;CODENO_B&apos;, code_B, attr_);
-        Client_SYS.Add_To_Attr(&apos;CODENO_B&apos;, code_B, attr_2_);
-      
-      END IF;
-    
-      IF (c_) THEN
-        stmt := &apos;SELECT codeno_C, activity_seq
-              FROM pre_accounting_tab where pre_accounting_id = :header_pre_acc_ &apos;;
-      
-        OPEN info_cursor_ FOR stmt
-          USING header_pre_acc_;
-        FETCH info_cursor_
-          into code_C, activity_seq_;
-        CLOSE info_cursor_;
-      
-        Client_SYS.Add_To_Attr(&apos;CODENO_C&apos;, code_C, attr_);
-        Client_SYS.Add_To_Attr(&apos;CODENO_C&apos;, code_C, attr_2_);
-        Client_SYS.Add_To_Attr(&apos;ACTIVITY_SEQ&apos;, activity_seq_, attr_);
-        Client_SYS.Add_To_Attr(&apos;ACTIVITY_SEQ&apos;, activity_seq_, attr_2_);
-      
-      END IF;
-    
-      IF (d_) THEN
-        stmt := &apos;SELECT codeno_D 
-              FROM pre_accounting_tab where pre_accounting_id = :header_pre_acc_  &apos;;
-      
-        OPEN info_cursor_ FOR stmt
-          USING header_pre_acc_;
-        FETCH info_cursor_
-          into code_D;
-        CLOSE info_cursor_;
-      
-        Client_SYS.Add_To_Attr(&apos;CODENO_D&apos;, code_D, attr_);
-        Client_SYS.Add_To_Attr(&apos;CODENO_D&apos;, code_D, attr_2_);
-      
-      END IF;
-    
-      IF (e_) THEN
-        stmt := &apos;SELECT codeno_E 
-              FROM pre_accounting_tab where pre_accounting_id = :header_pre_acc_  &apos;;
-      
-        OPEN info_cursor_ FOR stmt
-          USING header_pre_acc_;
-        FETCH info_cursor_
-          into code_E;
-        CLOSE info_cursor_;
-      
-        Client_SYS.Add_To_Attr(&apos;CODENO_E&apos;, code_E, attr_);
-        Client_SYS.Add_To_Attr(&apos;CODENO_E&apos;, code_E, attr_2_);
-      
-      END IF;
-    
-      IF (f_) THEN
-        stmt := &apos;SELECT codeno_F 
-              FROM pre_accounting_tab where pre_accounting_id = :header_pre_acc_  &apos;;
-      
-        OPEN info_cursor_ FOR stmt
-          USING header_pre_acc_;
-        FETCH info_cursor_
-          into code_F;
-        CLOSE info_cursor_;
-      
-        Client_SYS.Add_To_Attr(&apos;CODENO_F&apos;, code_F, attr_);
-        Client_SYS.Add_To_Attr(&apos;CODENO_F&apos;, code_F, attr_2_);
-      
-      END IF;
-    
-      IF (g_) THEN
-        stmt := &apos;SELECT codeno_G 
-              FROM pre_accounting_tab where pre_accounting_id = :header_pre_acc_  &apos;;
-      
-        OPEN info_cursor_ FOR stmt
-          USING header_pre_acc_;
-        FETCH info_cursor_
-          into code_G;
-        CLOSE info_cursor_;
-      
-        Client_SYS.Add_To_Attr(&apos;CODENO_G&apos;, code_G, attr_);
-        Client_SYS.Add_To_Attr(&apos;CODENO_G&apos;, code_G, attr_2_);
-      
-      END IF;
-    
-      IF (h_) THEN
-        stmt := &apos;SELECT codeno_H 
-              FROM pre_accounting_tab where pre_accounting_id = :header_pre_acc_  &apos;;
-      
-        OPEN info_cursor_ FOR stmt
-          USING header_pre_acc_;
-        FETCH info_cursor_
-          into code_H;
-        CLOSE info_cursor_;
-      
-        Client_SYS.Add_To_Attr(&apos;CODENO_H&apos;, code_H, attr_);
-        Client_SYS.Add_To_Attr(&apos;CODENO_H&apos;, code_H, attr_2_);
-      
-      END IF;
-    
-      IF (i_) THEN
-        stmt := &apos;SELECT codeno_I 
-              FROM pre_accounting_tab where pre_accounting_id = :header_pre_acc_  &apos;;
-      
-        OPEN info_cursor_ FOR stmt
-          USING header_pre_acc_;
-        FETCH info_cursor_
-          into code_I;
-        CLOSE info_cursor_;
-      
-        Client_SYS.Add_To_Attr(&apos;CODENO_I&apos;, code_I, attr_);
-        Client_SYS.Add_To_Attr(&apos;CODENO_I&apos;, code_I, attr_2_);
-      
-      END IF;
-    
-      IF (j_) THEN
-        stmt := &apos;SELECT codeno_J 
-              FROM pre_accounting_tab where pre_accounting_id = :header_pre_acc_  &apos;;
-      
-        OPEN info_cursor_ FOR stmt
-          USING header_pre_acc_;
-        FETCH info_cursor_
-          into code_J;
-        CLOSE info_cursor_;
-      
-        Client_SYS.Add_To_Attr(&apos;CODENO_J&apos;, code_J, attr_);
-        Client_SYS.Add_To_Attr(&apos;CODENO_J&apos;, code_J, attr_2_);
-      
-      END IF;
-    END IF;
-  
-    OPEN get_obj_dets(&apos;&amp;NEW:PRE_ACCOUNTING_ID&apos;);
-    FETCH get_obj_dets
-      INTO objid_, objversion_;
-    CLOSE get_obj_dets;
-
-    IF (objid_ is not null and objversion_ is not null) THEN
-
-      Client_SYS.Add_To_Attr(&apos;CONTRACT&apos;, contract_, attr_2_);
-      Client_SYS.Add_To_Attr(&apos;COMPANY&apos;, &apos;1201&apos;, attr_2_);
-      PRE_ACCOUNTING_API.Modify__(info_,
-                                  objid_,
-                                  objversion_,
-                                  attr_2_,
-                                  &apos;DO&apos;);
-    ELSE
-
-      Client_SYS.Add_To_Attr(&apos;PRE_ACCOUNTING_ID&apos;,
-                             &apos;&amp;NEW:PRE_ACCOUNTING_ID&apos;,
-                             attr_2_);
-      Client_SYS.Add_To_Attr(&apos;CONTRACT&apos;, contract_, attr_2_);
-      Client_SYS.Add_To_Attr(&apos;COMPANY&apos;, &apos;1201&apos;, attr_2_);
-
-      PRE_ACCOUNTING_API.NEW__(info_, objid_, objversion_, attr_2_, &apos;DO&apos;);
-    END IF;
-
-END;
$ATTACH=!ATTACHMENTS
</ACTION_PARAMETERS>
    <FND_EVENT_ACTION_TYPE_DB>EXECUTEONLINESQL</FND_EVENT_ACTION_TYPE_DB>
    <CONDITION_TYPE>!EVENT_ACTION_COND_TYPE
$NEW:CONTRACT_ID=
$NEW:LINE_NO=
$NEW:PRE_ACCOUNTING_ID=
$NEW:SOURCE_CONNECTION_LU_NAME==
$NEW:TASK_SEQ=
$NEW:WO_NO=
</CONDITION_TYPE>
    <CONDITION_VALUE>!EVENT_ACTION_COND_VALUE
$NEW:CONTRACT_ID=
$NEW:LINE_NO=
$NEW:PRE_ACCOUNTING_ID=
$NEW:SOURCE_CONNECTION_LU_NAME=PmAction
$NEW:TASK_SEQ=
$NEW:WO_NO=
</CONDITION_VALUE>
    <DESCRIPTION>This is to modify pre-posting info in the WO screen according to the service contract</DESCRIPTION>
    <SUBSCRIBABLE>FALSE</SUBSCRIBABLE>
    <SYSTEM_DEFINED>FALSE</SYSTEM_DEFINED>
    <ROLE/>
    <DEFINITION_MODIFIED_DATE>2021-06-07-03.26.02</DEFINITION_MODIFIED_DATE>
    <OBJKEY>438CB61392F34365A2B93150A634497C</OBJKEY>
  </CUSTOM_EVENT_ACTION>
</CUSTOM_OBJECT>
