<?xml version="1.0"?>
<CUSTOM_OBJECT>
  <NAME>0^UPDATE_PRE_POSTING_TASK^PreAccounting</NAME>
  <TYPE>CUSTOM_EVENT_ACTION</TYPE>
  <DESCRIPTION>C0460 - Update Preposting in Work Task Based on Service Contract Pre Posting Information</DESCRIPTION>
  <CUSTOM_EVENT_ACTION EXPORT_DEF_VERSION="2">
    <EVENT_LU_NAME>PreAccounting</EVENT_LU_NAME>
    <EVENT_ID>UPDATE_PRE_POSTING_TASK</EVENT_ID>
    <ACTION_NUMBER>0</ACTION_NUMBER>
    <ACTION_ENABLE>TRUE</ACTION_ENABLE>
    <ACTION_PARAMETERS>!FNDSER.EVENT_ACTION_PARAM
$SQL=DECLARE
-
-  attr_    VARCHAR2(32000);
-  sql_msg_ VARCHAR2(32000);
-  stmt_    VARCHAR2(32000);
-  job_id_  NUMBER;
-
-BEGIN
-
-  stmt_ := &apos;
-
-DECLARE
-
-temp_                        NUMBER;
-contract_id_              VARCHAR2(50);
-line_no_                     NUMBER;
-pre_acc_id_line_        NUMBER;
-pre_acc_id_header_  NUMBER;
-temp_2_                     NUMBER;
-code_b_                     VARCHAR2(50);
-code_c_                     VARCHAR2(50);
-code_d_                     VARCHAR2(50);
-code_e_                     VARCHAR2(50);
-code_f_                      VARCHAR2(50);
-code_g_                      VARCHAR2(50);
-code_h_                      VARCHAR2(50);
-code_i_                       VARCHAR2(50);
-code_j_                       VARCHAR2(50);
-activity_seq_              VARCHAR2(3200);
-objid_                          VARCHAR2(3200);
-objversion_                 VARCHAR2(3200);
-info_                            VARCHAR2(3200);
-new_id_                       NUMBER;
-attr_                            VARCHAR2(3200);
-contract_                     VARCHAR2(100);
-
-CURSOR check_work_task_id(new_id_ IN NUMBER) IS
-SELECT 1
-  FROM jt_task_uiv
-WHERE source_connection_lu_name_db = &apos;&apos;PmAction&apos;&apos;
-     AND pre_accounting_id = new_id_;
-
-CURSOR get_task_dets(new_id_ IN NUMBER) IS
-SELECT contract_id, line_no, site
-  FROM jt_task_uiv
-WHERE source_connection_lu_name_db = &apos;&apos;PmAction&apos;&apos;
-     AND pre_accounting_id =  new_id_;
-
---get service contract line pre accounting id
-CURSOR get_line_pre_acc (contract_id_ IN VARCHAR2, line_no_ IN NUMBER) IS
-SELECT pre_accounting_id
-  FROM psc_contr_product_uiv_cfv
-WHERE contract_id = contract_id_
-     AND line_no = line_no_;
-
---get service contract header pre accounting id
-CURSOR get_header_pre(contract_id_ IN VARCHAR2) IS
-SELECT pre_accounting_id
-  FROM sc_service_contract
-WHERE contract_id = contract_id_;
-
---check pre-posting info in lines 
-CURSOR check_line_preposting (line_pre_id_ IN NUMBER) IS
-SELECT  1
-  FROM pre_accounting_tab
-WHERE codeno_b IS NULL
-     AND codeno_c IS NULL
-     AND codeno_d IS NULL
-     AND codeno_e IS NULL
-     AND codeno_f IS NULL
-     AND codeno_g IS NULL
-     AND codeno_h IS NULL
-     AND codeno_i IS NULL
-     AND codeno_j IS NULL
-     AND activity_seq IS NULL
-     AND pre_accounting_id = line_pre_id_;
-
-CURSOR get_pre_accounting_details(id_ IN NUMBER) IS
-SELECT objid, objversion 
-  FROM pre_accounting
-  WHERE pre_accounting_id = id_;
-
-BEGIN
-
-new_id_ := &amp;NEW:PRE_ACCOUNTING_ID;
-
-OPEN check_work_task_id(new_id_);
-FETCH check_work_task_id INTO temp_;
-IF(check_work_task_id%FOUND) THEN 
-
-  OPEN get_task_dets(new_id_);
-  FETCH get_task_dets INTO contract_id_, line_no_, contract_;
-  CLOSE get_task_dets;
-  
-  OPEN get_line_pre_acc(contract_id_, line_no_);
-  FETCH get_line_pre_acc  INTO pre_acc_id_line_;
-  CLOSE get_line_pre_acc;
-
-  OPEN check_line_preposting(pre_acc_id_line_);
-  FETCH check_line_preposting INTO temp_2_;
-  IF(check_line_preposting%FOUND)THEN
-     
-      OPEN get_header_pre(contract_id_);
-      FETCH get_header_pre INTO pre_acc_id_header_;
-      CLOSE get_header_pre;
-
-      --Get Values for Code Parts based on Service Contract Header Pre-Posting
-      code_b_ := Pre_Accounting_API.Get_Codeno_B(pre_acc_id_header_);
-      code_c_ := Pre_Accounting_API.Get_Codeno_C(pre_acc_id_header_);
-      code_d_ := Pre_Accounting_API.Get_Codeno_D(pre_acc_id_header_);
-      code_e_ := Pre_Accounting_API.Get_Codeno_E(pre_acc_id_header_);
-      code_f_  := Pre_Accounting_API.Get_Codeno_F(pre_acc_id_header_);
-      code_g_ := Pre_Accounting_API.Get_Codeno_G(pre_acc_id_header_);
-      code_h_ := Pre_Accounting_API.Get_Codeno_H(pre_acc_id_header_);
-      code_i_  := Pre_Accounting_API.Get_Codeno_I(pre_acc_id_header_);
-      code_j_  := Pre_Accounting_API.Get_Codeno_J(pre_acc_id_header_);
-      activity_seq_  := Pre_Accounting_API.Get_Activity_Seq(pre_acc_id_header_);
-
-      Client_SYS.Add_To_Attr(&apos;&apos;CODENO_B&apos;&apos;, code_b_, attr_);
-      Client_SYS.Add_To_Attr(&apos;&apos;CODENO_C&apos;&apos;, code_c_, attr_);
-      Client_SYS.Add_To_Attr(&apos;&apos;CODENO_D&apos;&apos;, code_d_, attr_);
-      Client_SYS.Add_To_Attr(&apos;&apos;CODENO_E&apos;&apos;, code_e_, attr_);
-      Client_SYS.Add_To_Attr(&apos;&apos;CODENO_F&apos;&apos;, code_f_, attr_);
-      Client_SYS.Add_To_Attr(&apos;&apos;CODENO_G&apos;&apos;, code_g_, attr_);
-      Client_SYS.Add_To_Attr(&apos;&apos;CODENO_H&apos;&apos;, code_h_, attr_);
-      Client_SYS.Add_To_Attr(&apos;&apos;CODENO_I&apos;&apos;, code_i_, attr_);
-      Client_SYS.Add_To_Attr(&apos;&apos;CODENO_J&apos;&apos;, code_j_, attr_);
-      Client_SYS.Add_To_Attr(&apos;&apos;ACTIVITY_SEQ&apos;&apos;, activity_seq_, attr_);
-      Client_SYS.Add_To_Attr(&apos;&apos;CONTRACT&apos;&apos;, contract_, attr_);
-
-      OPEN get_pre_accounting_details(new_id_);
-      FETCH get_pre_accounting_details INTO objid_, objversion_;
-      CLOSE get_pre_accounting_details;
-
-      Pre_Accounting_API.Modify__(info_, objid_, objversion_, attr_, &apos;&apos;DO&apos;&apos;);
-
-  END IF;
-  CLOSE check_line_preposting;
-
-END IF;
-CLOSE check_work_task_id;
-
-END; 
-
- &apos;;
-
-  sql_msg_ := Message_SYS.Construct(&apos;UPD&apos;);
-  Message_SYS.Add_Attribute(sql_msg_, &apos;SQL&apos;, stmt_);
-  Client_SYS.Clear_Attr(attr_);
-  Client_SYS.Add_To_Attr(&apos;SQL_DATA_&apos;, sql_msg_, attr_);
-  Client_SYS.Add_To_Attr(&apos;MSG_&apos;, &apos;&apos;, attr_);
-
-  Transaction_SYS.Deferred_Call(job_id_,
-                                &apos;Fnd_Event_Action_API.Action_Executeonlinesql&apos;,
-                                &apos;PARAMETER&apos;,
-                                attr_,
-                                &apos;To get pre-posting information based on Service Contract Header Pre-posting - C0460&apos;);
-
-END;
$ATTACH=!ATTACHMENTS
</ACTION_PARAMETERS>
    <FND_EVENT_ACTION_TYPE_DB>EXECUTEONLINESQL</FND_EVENT_ACTION_TYPE_DB>
    <CONDITION_TYPE>!EVENT_ACTION_COND_TYPE
$NEW:PRE_ACCOUNTING_ID=
</CONDITION_TYPE>
    <CONDITION_VALUE>!EVENT_ACTION_COND_VALUE
$NEW:PRE_ACCOUNTING_ID=
</CONDITION_VALUE>
    <DESCRIPTION>C0460 - Update Preposting in Work Task Based on Service Contract Pre Posting Information</DESCRIPTION>
    <SUBSCRIBABLE>FALSE</SUBSCRIBABLE>
    <SYSTEM_DEFINED>FALSE</SYSTEM_DEFINED>
    <ROLE/>
    <DEFINITION_MODIFIED_DATE>2021-05-31-09.22.34</DEFINITION_MODIFIED_DATE>
    <OBJKEY>66154C5A1F63404B8378922D148B63D4</OBJKEY>
  </CUSTOM_EVENT_ACTION>
</CUSTOM_OBJECT>
