<?xml version="1.0"?>
<APPLICATION_CONFIGURATION>
  <EXPORT_DEF_VERSION>1</EXPORT_DEF_VERSION>
  <PACKAGE_ID>8ED57F8F51BB4A73A04974C2FCFD8D9F</PACKAGE_ID>
  <NAME>EA_SUPPLYCHAIN</NAME>
  <DESCRIPTION>This package contains
-C0618</DESCRIPTION>
  <AUTHOR>Tunstall Group Holdings Limited</AUTHOR>
  <VERSION>V1</VERSION>
  <VERSION_TIME_STAMP>2021-06-16-03.46.26</VERSION_TIME_STAMP>
  <ORIGIN>TUGRREF-307544-MC-TUGRREF-APPS10</ORIGIN>
  <LAST_MODIFIED_DATE>2021-06-16-03.40.59</LAST_MODIFIED_DATE>
  <ITEMS>
    <ITEMS_ROW>
      <NAME>Create NCR </NAME>
      <TYPE>CUSTOM_MENU</TYPE>
      <DESCRIPTION>C0618</DESCRIPTION>
      <FILENAME>CustomMenu-frmMrbMaintenance-404895.xml</FILENAME>
    </ITEMS_ROW>
  </ITEMS>
  <ADDITIONAL_ITEMS/>
</APPLICATION_CONFIGURATION>
