<?xml version="1.0"?>
<APPLICATION_CONFIGURATION>
  <EXPORT_DEF_VERSION>1</EXPORT_DEF_VERSION>
  <PACKAGE_ID>C3226552D4E7462FAC6C28409056FDB0</PACKAGE_ID>
  <NAME>EA_DOCMAN</NAME>
  <DESCRIPTION>This ACP contains C678</DESCRIPTION>
  <AUTHOR>Darshika Peiris</AUTHOR>
  <VERSION>1.0</VERSION>
  <VERSION_TIME_STAMP>2021-08-18-11.32.50</VERSION_TIME_STAMP>
  <ORIGIN>TUGRPPR-307544-MC-TUGRPPR-APPS10</ORIGIN>
  <LAST_MODIFIED_DATE>2021-08-18-11.31.37</LAST_MODIFIED_DATE>
  <ITEMS>
    <ITEMS_ROW>
      <NAME>Signed Date</NAME>
      <TYPE>CF_PERSISTENT</TYPE>
      <DESCRIPTION>CRIM - C678</DESCRIPTION>
      <FILENAME>CustomFieldPersistent-DocDistListHistory-SIGNED_DATE.xml</FILENAME>
    </ITEMS_ROW>
    <ITEMS_ROW>
      <NAME>ApproveDistributedDocs</NAME>
      <TYPE>CUSTOM_PROJCONFIG</TYPE>
      <DESCRIPTION/>
      <FILENAME>CustomProjectionConfig-ApproveDistributedDocs.xml</FILENAME>
    </ITEMS_ROW>
    <ITEMS_ROW>
      <NAME>Signer Name</NAME>
      <TYPE>CF_PERSISTENT</TYPE>
      <DESCRIPTION>CRIM - C678</DESCRIPTION>
      <FILENAME>CustomFieldPersistent-DocDistListHistory-SIGNER_NAME.xml</FILENAME>
    </ITEMS_ROW>
    <ITEMS_ROW>
      <NAME>Status</NAME>
      <TYPE>CF_READ_ONLY</TYPE>
      <DESCRIPTION>CRIM - C678</DESCRIPTION>
      <FILENAME>CustomFieldReadOnly-DocDistListHistory-NEW_STATUS.xml</FILENAME>
    </ITEMS_ROW>
    <ITEMS_ROW>
      <NAME>ClientMetadata.client:ApproveDistributedDocs</NAME>
      <TYPE>AURENA_PAGE_GROUP</TYPE>
      <DESCRIPTION/>
      <FILENAME>AurenaPageGroup-ClientMetadata.client.ApproveDistributedDocs.xml</FILENAME>
    </ITEMS_ROW>
    <ITEMS_ROW>
      <NAME>ClientMetadata.client:DistributionHistory</NAME>
      <TYPE>AURENA_PAGE_GROUP</TYPE>
      <DESCRIPTION>List of values fragment defining view doc_dist_person</DESCRIPTION>
      <FILENAME>AurenaPageGroup-ClientMetadata.client.DistributionHistory.xml</FILENAME>
    </ITEMS_ROW>
  </ITEMS>
  <ADDITIONAL_ITEMS>
    <ADDITIONAL_ITEM>
      <NAME>Views-DocDistListHistory</NAME>
      <TYPE>CF_VIEWS</TYPE>
      <DESCRIPTION>Views Files for DocDistListHistory</DESCRIPTION>
      <FILENAME>CustomFieldViews-DocDistListHistory.xml</FILENAME>
    </ADDITIONAL_ITEM>
  </ADDITIONAL_ITEMS>
</APPLICATION_CONFIGURATION>
