<?xml version="1.0"?>
<CUSTOM_OBJECT>
  <NAME>Views -Doc Dist List History</NAME>
  <TYPE>CF_VIEWS</TYPE>
  <DESCRIPTION>Custom Field Views of Logical Unit Doc Dist List History</DESCRIPTION>
  <CUSTOM_FIELD_VIEWS EXPORT_DEF_VERSION="1">
    <LU>DocDistListHistory</LU>
    <TABLE_NAME>DOC_DIST_LIST_HISTORY_CFT</TABLE_NAME>
    <VIEW_NAME>DOC_DIST_LIST_HISTORY_CFV</VIEW_NAME>
    <PACKAGE_NAME>DOC_DIST_LIST_HISTORY_CFP</PACKAGE_NAME>
    <DEFINITION_MODIFIED_DATE>2021-08-12-06.52.10</DEFINITION_MODIFIED_DATE>
    <EXPORT_DATE>2021-08-18-11.32.50</EXPORT_DATE>
    <USED_DB>TRUE</USED_DB>
    <ROWKEY>C0B6122D1DC94449BC54464C6BE2E7BB</ROWKEY>
    <CUSTOM_FIELD_VIEW>
      <CUSTOM_FIELD_VIEW_ROW>
        <VIEW_NAME>DOC_DIST_LIST_HISTORY_ACCESS</VIEW_NAME>
        <CF_VIEW_NAME>DOC_DIST_LIST_HI3475073918_CFV</CF_VIEW_NAME>
        <USED_DB>TRUE</USED_DB>
        <ROWKEY>5D37DC51F1D24FD1934DE2F0DFFAF246</ROWKEY>
      </CUSTOM_FIELD_VIEW_ROW>
    </CUSTOM_FIELD_VIEW>
  </CUSTOM_FIELD_VIEWS>
</CUSTOM_OBJECT>
