<?xml version="1.0"?>
<CUSTOM_OBJECT>
  <NAME>ClientMetadata.client:DistributionHistory</NAME>
  <TYPE>AURENA_PAGE_GROUP</TYPE>
  <DESCRIPTION>DESCRIPTION value</DESCRIPTION>
  <WEB_PAGE_BUNDLE>
    <MODEL_ID>ClientMetadata.client:DistributionHistory</MODEL_ID>
    <DESCRIPTION>List of values fragment defining view doc_dist_person</DESCRIPTION>
    <ARTIFACT>client</ARTIFACT>
    <NAME>DistributionHistory</NAME>
    <KIND>ClientMetadata</KIND>
    <REFERENCE>ClientMetadata.projection:DistributionHistoryHandling</REFERENCE>
    <PROFILED>TRUE</PROFILED>
    <VERSION>2021-08-13-13.31.39</VERSION>
    <DATA>
      <DATA_ROW>
        <OBJKEY>AC34340538684CEE926C3B5C3E16CC94</OBJKEY>
        <SCOPE_ID>UK_Service_Mob</SCOPE_ID>
        <DATA_ID>list:DocDistributionListHistoryList</DATA_ID>
        <ARTIFACT>list</ARTIFACT>
        <NAME>DocDistributionListHistoryList</NAME>
        <LINE_NO>99999</LINE_NO>
        <LAYER_NO>2</LAYER_NO>
        <VISIBILITY>Public</VISIBILITY>
        <REFERENCE/>
        <DEPENDENCIES/>
        <CONTENT>{&quot;name&quot;:&quot;DocDistributionListHistoryList&quot;,&quot;label&quot;:&quot;[#[translatesys:Table Window:DistributionHistory.list.DocDistributionListHistoryList.$this:$this:WEB:Doc Distribution List History List]#]&quot;,&quot;entity&quot;:&quot;DocDistListHistory&quot;,&quot;content&quot;:[{&quot;elementType&quot;:&quot;field&quot;,&quot;field&quot;:{&quot;name&quot;:&quot;DocClassRef&quot;,&quot;selectAttributes&quot;:[&quot;DocClass&quot;],&quot;attribute&quot;:&quot;DocClass&quot;,&quot;control&quot;:&quot;lookup&quot;,&quot;entity&quot;:&quot;DocDistListHistory&quot;,&quot;label&quot;:&quot;[#[translatesys:Data Field:DistributionHistory.list.DocDistributionListHistoryList.listcontent.field.DocClassRef:DocClassRef:WEB:Document Class]#]&quot;,&quot;translationKey&quot;:&quot;DistributionHistory.list.DocDistributionListHistoryList.listcontent.field.DocClassRef&quot;,&quot;datatype&quot;:&quot;Text&quot;,&quot;reference&quot;:&quot;DocClassRef&quot;,&quot;lov&quot;:{&quot;selector&quot;:&quot;ReferenceDocClassSelector&quot;,&quot;advancedview&quot;:&quot;DocClassLovList&quot;,&quot;datasourceProjection&quot;:&quot;DistributionHistoryHandling&quot;,&quot;datasourceEntitySet&quot;:&quot;Reference_DocClass&quot;},&quot;update&quot;:{&quot;datasourceProjection&quot;:&quot;DistributionHistoryHandling&quot;,&quot;datasourceEntitySet&quot;:&quot;Reference_DocClass&quot;,&quot;datasourceAggregateRefs&quot;:{&quot;DocClass&quot;:&quot;${DocClass}&quot;},&quot;copy&quot;:{&quot;DocClass&quot;:&quot;DocClass&quot;},&quot;fetch&quot;:{},&quot;item&quot;:&quot;DocClassRef&quot;},&quot;array&quot;:false,&quot;maxlength&quot;:12,&quot;format&quot;:&quot;uppercase&quot;,&quot;editable&quot;:{&quot;==&quot;:[{&quot;var&quot;:&quot;record.etag&quot;},null]},&quot;required&quot;:true}},{&quot;elementType&quot;:&quot;field&quot;,&quot;field&quot;:{&quot;name&quot;:&quot;DocNoRef&quot;,&quot;selectAttributes&quot;:[&quot;DocClass&quot;,&quot;DocNo&quot;],&quot;attribute&quot;:&quot;DocNo&quot;,&quot;control&quot;:&quot;lookup&quot;,&quot;entity&quot;:&quot;DocDistListHistory&quot;,&quot;label&quot;:&quot;[#[translatesys:Data Field:DistributionHistory.list.DocDistributionListHistoryList.listcontent.field.DocNoRef:DocNoRef:WEB:Document No]#]&quot;,&quot;translationKey&quot;:&quot;DistributionHistory.list.DocDistributionListHistoryList.listcontent.field.DocNoRef&quot;,&quot;datatype&quot;:&quot;Text&quot;,&quot;reference&quot;:&quot;DocNoRef&quot;,&quot;lov&quot;:{&quot;selector&quot;:&quot;ReferenceDocTitleSelector&quot;,&quot;advancedview&quot;:&quot;DocTitleLovList&quot;,&quot;datasourceProjection&quot;:&quot;DistributionHistoryHandling&quot;,&quot;datasourceEntitySet&quot;:&quot;Reference_DocTitle&quot;},&quot;update&quot;:{&quot;datasourceProjection&quot;:&quot;DistributionHistoryHandling&quot;,&quot;datasourceEntitySet&quot;:&quot;Reference_DocTitle&quot;,&quot;datasourceAggregateRefs&quot;:{&quot;DocClass&quot;:&quot;${DocClass}&quot;,&quot;DocNo&quot;:&quot;${DocNo}&quot;},&quot;copy&quot;:{&quot;DocClass&quot;:&quot;DocClass&quot;,&quot;DocNo&quot;:&quot;DocNo&quot;},&quot;fetch&quot;:{},&quot;item&quot;:&quot;DocNoRef&quot;},&quot;array&quot;:false,&quot;maxlength&quot;:120,&quot;format&quot;:&quot;uppercase&quot;,&quot;editable&quot;:{&quot;==&quot;:[{&quot;var&quot;:&quot;record.etag&quot;},null]},&quot;required&quot;:true}},{&quot;elementType&quot;:&quot;field&quot;,&quot;field&quot;:{&quot;name&quot;:&quot;DocSheet&quot;,&quot;attribute&quot;:&quot;DocSheet&quot;,&quot;control&quot;:&quot;field&quot;,&quot;entity&quot;:&quot;DocDistListHistory&quot;,&quot;label&quot;:&quot;[#[translatesys:Data Field:DistributionHistory.list.DocDistributionListHistoryList.listcontent.field.DocSheet:DocSheet:WEB:Doc Sheet]#]&quot;,&quot;translationKey&quot;:&quot;DistributionHistory.list.DocDistributionListHistoryList.listcontent.field.DocSheet&quot;,&quot;datatype&quot;:&quot;Text&quot;,&quot;array&quot;:false,&quot;maxlength&quot;:10,&quot;format&quot;:&quot;uppercase&quot;,&quot;editable&quot;:{&quot;==&quot;:[{&quot;var&quot;:&quot;record.etag&quot;},null]},&quot;required&quot;:true}},{&quot;elementType&quot;:&quot;field&quot;,&quot;field&quot;:{&quot;name&quot;:&quot;DocRevRef&quot;,&quot;selectAttributes&quot;:[&quot;DocClass&quot;,&quot;DocNo&quot;,&quot;DocRev&quot;,&quot;DocSheet&quot;],&quot;attribute&quot;:&quot;DocRev&quot;,&quot;control&quot;:&quot;lookup&quot;,&quot;entity&quot;:&quot;DocDistListHistory&quot;,&quot;label&quot;:&quot;[#[translatesys:Data Field:DistributionHistory.list.DocDistributionListHistoryList.listcontent.field.DocRevRef:DocRevRef:WEB:Document Revision]#]&quot;,&quot;translationKey&quot;:&quot;DistributionHistory.list.DocDistributionListHistoryList.listcontent.field.DocRevRef&quot;,&quot;datatype&quot;:&quot;Text&quot;,&quot;reference&quot;:&quot;DocRevRef&quot;,&quot;lov&quot;:{&quot;selector&quot;:&quot;ReferenceDocIssueSelector&quot;,&quot;advancedview&quot;:&quot;DocIssueLovList&quot;,&quot;datasourceProjection&quot;:&quot;DistributionHistoryHandling&quot;,&quot;datasourceEntitySet&quot;:&quot;Reference_DocIssue&quot;},&quot;update&quot;:{&quot;datasourceProjection&quot;:&quot;DistributionHistoryHandling&quot;,&quot;datasourceEntitySet&quot;:&quot;Reference_DocIssue&quot;,&quot;datasourceAggregateRefs&quot;:{&quot;DocClass&quot;:&quot;${DocClass}&quot;,&quot;DocNo&quot;:&quot;${DocNo}&quot;,&quot;DocSheet&quot;:&quot;${DocSheet}&quot;,&quot;DocRev&quot;:&quot;${DocRev}&quot;},&quot;copy&quot;:{&quot;DocClass&quot;:&quot;DocClass&quot;,&quot;DocNo&quot;:&quot;DocNo&quot;,&quot;DocSheet&quot;:&quot;DocSheet&quot;,&quot;DocRev&quot;:&quot;DocRev&quot;},&quot;fetch&quot;:{},&quot;item&quot;:&quot;DocRevRef&quot;},&quot;array&quot;:false,&quot;maxlength&quot;:6,&quot;format&quot;:&quot;uppercase&quot;,&quot;editable&quot;:{&quot;==&quot;:[{&quot;var&quot;:&quot;record.etag&quot;},null]},&quot;required&quot;:true}},{&quot;elementType&quot;:&quot;field&quot;,&quot;field&quot;:{&quot;name&quot;:&quot;Title&quot;,&quot;attribute&quot;:&quot;Title&quot;,&quot;control&quot;:&quot;field&quot;,&quot;entity&quot;:&quot;DocDistListHistory&quot;,&quot;label&quot;:&quot;[#[translatesys:Data Field:DistributionHistory.list.DocDistributionListHistoryList.listcontent.field.Title:Title:WEB:Title]#]&quot;,&quot;translationKey&quot;:&quot;DistributionHistory.list.DocDistributionListHistoryList.listcontent.field.Title&quot;,&quot;datatype&quot;:&quot;Text&quot;,&quot;controlsize&quot;:&quot;double&quot;,&quot;array&quot;:false,&quot;maxlength&quot;:80,&quot;editable&quot;:{&quot;==&quot;:[{&quot;var&quot;:&quot;record.etag&quot;},null]},&quot;required&quot;:true}},{&quot;elementType&quot;:&quot;field&quot;,&quot;field&quot;:{&quot;name&quot;:&quot;ReceiverPersonRef&quot;,&quot;selectAttributes&quot;:[&quot;ReceiverPerson&quot;,&quot;ReceiverPersonRef.Name&quot;],&quot;attribute&quot;:&quot;ReceiverPerson&quot;,&quot;control&quot;:&quot;lookup&quot;,&quot;entity&quot;:&quot;DocDistListHistory&quot;,&quot;label&quot;:&quot;[#[translatesys:Data Field:DistributionHistory.list.DocDistributionListHistoryList.listcontent.lookup.ReceiverPersonRef:ReceiverPersonRef:WEB:Receiver Person]#]&quot;,&quot;translationKey&quot;:&quot;DistributionHistory.list.DocDistributionListHistoryList.listcontent.lookup.ReceiverPersonRef&quot;,&quot;datatype&quot;:&quot;Text&quot;,&quot;reference&quot;:&quot;ReceiverPersonRef&quot;,&quot;view&quot;:{&quot;description&quot;:&quot;${ReceiverPersonRef.Name}&quot;,&quot;descriptionLabel&quot;:&quot;Name&quot;,&quot;template&quot;:&quot;address&quot;},&quot;lov&quot;:{&quot;selector&quot;:&quot;ReferenceDocDistPersonSelector&quot;,&quot;advancedview&quot;:&quot;DocDistPersonLovList&quot;,&quot;datasourceProjection&quot;:&quot;DistributionHistoryHandling&quot;,&quot;datasourceEntitySet&quot;:&quot;Reference_DocDistPerson&quot;,&quot;search&quot;:[&quot;Identity&quot;,&quot;Name&quot;]},&quot;update&quot;:{&quot;datasourceProjection&quot;:&quot;DistributionHistoryHandling&quot;,&quot;datasourceEntitySet&quot;:&quot;Reference_DocDistPerson&quot;,&quot;datasourceAggregateRefs&quot;:{&quot;Identity&quot;:&quot;${ReceiverPerson}&quot;},&quot;copy&quot;:{&quot;ReceiverPerson&quot;:&quot;Identity&quot;},&quot;fetch&quot;:{},&quot;item&quot;:&quot;ReceiverPersonRef&quot;},&quot;array&quot;:false,&quot;maxlength&quot;:30,&quot;editable&quot;:{&quot;==&quot;:[{&quot;var&quot;:&quot;record.etag&quot;},null]},&quot;required&quot;:true,&quot;contactWidget&quot;:{&quot;enabled&quot;:true,&quot;source&quot;:{&quot;Person&quot;:true}}}},{&quot;elementType&quot;:&quot;field&quot;,&quot;field&quot;:{&quot;name&quot;:&quot;DateLogged&quot;,&quot;attribute&quot;:&quot;DateLogged&quot;,&quot;control&quot;:&quot;field&quot;,&quot;entity&quot;:&quot;DocDistListHistory&quot;,&quot;label&quot;:&quot;[#[translatesys:Data Field:DistributionHistory.list.DocDistributionListHistoryList.listcontent.field.DateLogged:DateLogged:WEB:Date Logged]#]&quot;,&quot;translationKey&quot;:&quot;DistributionHistory.list.DocDistributionListHistoryList.listcontent.field.DateLogged&quot;,&quot;datatype&quot;:&quot;Timestamp&quot;,&quot;array&quot;:false,&quot;editable&quot;:{&quot;==&quot;:[{&quot;var&quot;:&quot;record.etag&quot;},null]},&quot;required&quot;:true}},{&quot;elementType&quot;:&quot;field&quot;,&quot;field&quot;:{&quot;name&quot;:&quot;SenderPersonRef&quot;,&quot;selectAttributes&quot;:[&quot;SenderPerson&quot;,&quot;SenderPersonRef.Name&quot;],&quot;attribute&quot;:&quot;SenderPerson&quot;,&quot;control&quot;:&quot;lookup&quot;,&quot;entity&quot;:&quot;DocDistListHistory&quot;,&quot;label&quot;:&quot;[#[translatesys:Data Field:DistributionHistory.list.DocDistributionListHistoryList.listcontent.lookup.SenderPersonRef:SenderPersonRef:WEB:Sender]#]&quot;,&quot;translationKey&quot;:&quot;DistributionHistory.list.DocDistributionListHistoryList.listcontent.lookup.SenderPersonRef&quot;,&quot;datatype&quot;:&quot;Text&quot;,&quot;reference&quot;:&quot;SenderPersonRef&quot;,&quot;view&quot;:{&quot;description&quot;:&quot;${SenderPersonRef.Name}&quot;,&quot;descriptionLabel&quot;:&quot;Name&quot;,&quot;template&quot;:&quot;address&quot;},&quot;lov&quot;:{&quot;selector&quot;:&quot;ReferenceDocDistPersonSelector&quot;,&quot;advancedview&quot;:&quot;DocDistPersonLovList&quot;,&quot;datasourceProjection&quot;:&quot;DistributionHistoryHandling&quot;,&quot;datasourceEntitySet&quot;:&quot;Reference_DocDistPerson&quot;},&quot;update&quot;:{&quot;datasourceProjection&quot;:&quot;DistributionHistoryHandling&quot;,&quot;datasourceEntitySet&quot;:&quot;Reference_DocDistPerson&quot;,&quot;datasourceAggregateRefs&quot;:{&quot;Identity&quot;:&quot;${SenderPerson}&quot;},&quot;copy&quot;:{&quot;SenderPerson&quot;:&quot;Identity&quot;},&quot;fetch&quot;:{},&quot;item&quot;:&quot;SenderPersonRef&quot;},&quot;array&quot;:false,&quot;maxlength&quot;:30,&quot;editable&quot;:{&quot;==&quot;:[{&quot;var&quot;:&quot;record.etag&quot;},null]},&quot;required&quot;:true,&quot;contactWidget&quot;:{&quot;enabled&quot;:true,&quot;source&quot;:{&quot;Person&quot;:true}}}},{&quot;elementType&quot;:&quot;field&quot;,&quot;field&quot;:{&quot;name&quot;:&quot;DateDistributed&quot;,&quot;attribute&quot;:&quot;DateDistributed&quot;,&quot;control&quot;:&quot;field&quot;,&quot;entity&quot;:&quot;DocDistListHistory&quot;,&quot;label&quot;:&quot;[#[translatesys:Data Field:DistributionHistory.list.DocDistributionListHistoryList.listcontent.field.DateDistributed:DateDistributed:WEB:Date Distributed]#]&quot;,&quot;translationKey&quot;:&quot;DistributionHistory.list.DocDistributionListHistoryList.listcontent.field.DateDistributed&quot;,&quot;datatype&quot;:&quot;Date&quot;,&quot;array&quot;:false,&quot;editable&quot;:{&quot;==&quot;:[{&quot;var&quot;:&quot;record.etag&quot;},null]},&quot;required&quot;:true}},{&quot;elementType&quot;:&quot;field&quot;,&quot;field&quot;:{&quot;name&quot;:&quot;FileType&quot;,&quot;attribute&quot;:&quot;FileType&quot;,&quot;control&quot;:&quot;field&quot;,&quot;entity&quot;:&quot;DocDistListHistory&quot;,&quot;label&quot;:&quot;[#[translatesys:Data Field:DistributionHistory.list.DocDistributionListHistoryList.listcontent.field.FileType:FileType:WEB:File Type]#]&quot;,&quot;translationKey&quot;:&quot;DistributionHistory.list.DocDistributionListHistoryList.listcontent.field.FileType&quot;,&quot;datatype&quot;:&quot;Text&quot;,&quot;array&quot;:false,&quot;maxlength&quot;:18,&quot;editable&quot;:{&quot;==&quot;:[{&quot;var&quot;:&quot;record.etag&quot;},null]},&quot;required&quot;:false}},{&quot;elementType&quot;:&quot;field&quot;,&quot;field&quot;:{&quot;name&quot;:&quot;DateReceived&quot;,&quot;attribute&quot;:&quot;DateReceived&quot;,&quot;control&quot;:&quot;field&quot;,&quot;entity&quot;:&quot;DocDistListHistory&quot;,&quot;label&quot;:&quot;[#[translatesys:Data Field:DistributionHistory.list.DocDistributionListHistoryList.listcontent.field.DateReceived:DateReceived:WEB:Date Received]#]&quot;,&quot;translationKey&quot;:&quot;DistributionHistory.list.DocDistributionListHistoryList.listcontent.field.DateReceived&quot;,&quot;datatype&quot;:&quot;Date&quot;,&quot;array&quot;:false,&quot;editable&quot;:{&quot;==&quot;:[{&quot;var&quot;:&quot;record.etag&quot;},null]},&quot;required&quot;:false}},{&quot;elementType&quot;:&quot;field&quot;,&quot;field&quot;:{&quot;name&quot;:&quot;ReceiverNote&quot;,&quot;selectAttributes&quot;:[&quot;CurrentUser&quot;,&quot;IsAdmin&quot;,&quot;Objstate&quot;,&quot;ReceiverPerson&quot;],&quot;attribute&quot;:&quot;ReceiverNote&quot;,&quot;control&quot;:&quot;field&quot;,&quot;entity&quot;:&quot;DocDistListHistory&quot;,&quot;label&quot;:&quot;[#[translatesys:Data Field:DistributionHistory.list.DocDistributionListHistoryList.listcontent.field.ReceiverNote:ReceiverNote:WEB:Receiver Note]#]&quot;,&quot;translationKey&quot;:&quot;DistributionHistory.list.DocDistributionListHistoryList.listcontent.field.ReceiverNote&quot;,&quot;datatype&quot;:&quot;Text&quot;,&quot;array&quot;:false,&quot;maxlength&quot;:2000,&quot;multiline&quot;:true,&quot;editable&quot;:{&quot;and&quot;:[{&quot;or&quot;:[{&quot;==&quot;:[{&quot;var&quot;:&quot;record.ReceiverPerson&quot;},{&quot;var&quot;:&quot;record.CurrentUser&quot;}]},{&quot;==&quot;:[{&quot;var&quot;:&quot;record.IsAdmin&quot;},true]}]},{&quot;or&quot;:[{&quot;==&quot;:[{&quot;var&quot;:&quot;record.Objstate&quot;},&quot;Distributed&quot;]},{&quot;==&quot;:[{&quot;var&quot;:&quot;record.Objstate&quot;},&quot;Read&quot;]}]}]},&quot;required&quot;:false}},{&quot;elementType&quot;:&quot;field&quot;,&quot;field&quot;:{&quot;name&quot;:&quot;DistributionNote&quot;,&quot;attribute&quot;:&quot;DistributionNote&quot;,&quot;control&quot;:&quot;field&quot;,&quot;entity&quot;:&quot;DocDistListHistory&quot;,&quot;label&quot;:&quot;[#[translatesys:Data Field:DistributionHistory.list.DocDistributionListHistoryList.listcontent.field.DistributionNote:DistributionNote:WEB:Distribution Note]#]&quot;,&quot;translationKey&quot;:&quot;DistributionHistory.list.DocDistributionListHistoryList.listcontent.field.DistributionNote&quot;,&quot;datatype&quot;:&quot;Text&quot;,&quot;array&quot;:false,&quot;maxlength&quot;:2000,&quot;multiline&quot;:true,&quot;editable&quot;:{&quot;==&quot;:[{&quot;var&quot;:&quot;record.etag&quot;},null]},&quot;required&quot;:false}},{&quot;elementType&quot;:&quot;field&quot;,&quot;field&quot;:{&quot;name&quot;:&quot;DocDistType&quot;,&quot;attribute&quot;:&quot;DocDistType&quot;,&quot;control&quot;:&quot;field&quot;,&quot;entity&quot;:&quot;DocDistListHistory&quot;,&quot;label&quot;:&quot;[#[translatesys:Data Field:DistributionHistory.list.DocDistributionListHistoryList.listcontent.field.DocDistType:DocDistType:WEB:Document Distribution Type]#]&quot;,&quot;translationKey&quot;:&quot;DistributionHistory.list.DocDistributionListHistoryList.listcontent.field.DocDistType&quot;,&quot;datatype&quot;:&quot;Enumeration&quot;,&quot;enumeration&quot;:&quot;DocDistType&quot;,&quot;array&quot;:false,&quot;editable&quot;:{&quot;==&quot;:[{&quot;var&quot;:&quot;record.etag&quot;},null]},&quot;required&quot;:true}},{&quot;elementType&quot;:&quot;field&quot;,&quot;field&quot;:{&quot;name&quot;:&quot;DocDistMethod&quot;,&quot;attribute&quot;:&quot;DocDistMethod&quot;,&quot;control&quot;:&quot;field&quot;,&quot;entity&quot;:&quot;DocDistListHistory&quot;,&quot;label&quot;:&quot;[#[translatesys:Data Field:DistributionHistory.list.DocDistributionListHistoryList.listcontent.field.DocDistMethod:DocDistMethod:WEB:Distribution Method]#]&quot;,&quot;translationKey&quot;:&quot;DistributionHistory.list.DocDistributionListHistoryList.listcontent.field.DocDistMethod&quot;,&quot;datatype&quot;:&quot;Enumeration&quot;,&quot;enumeration&quot;:&quot;DocDistMethod&quot;,&quot;array&quot;:false,&quot;editable&quot;:{&quot;==&quot;:[{&quot;var&quot;:&quot;record.etag&quot;},null]},&quot;required&quot;:true}},{&quot;elementType&quot;:&quot;field&quot;,&quot;field&quot;:{&quot;name&quot;:&quot;DocDistTriggerCond&quot;,&quot;attribute&quot;:&quot;DocDistTriggerCond&quot;,&quot;control&quot;:&quot;field&quot;,&quot;entity&quot;:&quot;DocDistListHistory&quot;,&quot;label&quot;:&quot;[#[translatesys:Data Field:DistributionHistory.list.DocDistributionListHistoryList.listcontent.field.DocDistTriggerCond:DocDistTriggerCond:WEB:Trigger Condition]#]&quot;,&quot;translationKey&quot;:&quot;DistributionHistory.list.DocDistributionListHistoryList.listcontent.field.DocDistTriggerCond&quot;,&quot;datatype&quot;:&quot;Enumeration&quot;,&quot;enumeration&quot;:&quot;DocDistTriggerCond&quot;,&quot;array&quot;:false,&quot;editable&quot;:{&quot;==&quot;:[{&quot;var&quot;:&quot;record.etag&quot;},null]},&quot;required&quot;:true}},{&quot;elementType&quot;:&quot;field&quot;,&quot;field&quot;:{&quot;name&quot;:&quot;DocDistPriority&quot;,&quot;attribute&quot;:&quot;DocDistPriority&quot;,&quot;control&quot;:&quot;field&quot;,&quot;entity&quot;:&quot;DocDistListHistory&quot;,&quot;label&quot;:&quot;[#[translatesys:Data Field:DistributionHistory.list.DocDistributionListHistoryList.listcontent.field.DocDistPriority:DocDistPriority:WEB:Priority]#]&quot;,&quot;translationKey&quot;:&quot;DistributionHistory.list.DocDistributionListHistoryList.listcontent.field.DocDistPriority&quot;,&quot;datatype&quot;:&quot;Enumeration&quot;,&quot;enumeration&quot;:&quot;DocDistPriority&quot;,&quot;array&quot;:false,&quot;editable&quot;:{&quot;==&quot;:[{&quot;var&quot;:&quot;record.etag&quot;},null]},&quot;required&quot;:true}},{&quot;elementType&quot;:&quot;field&quot;,&quot;field&quot;:{&quot;name&quot;:&quot;NumberOfCopies&quot;,&quot;attribute&quot;:&quot;NumberOfCopies&quot;,&quot;control&quot;:&quot;field&quot;,&quot;entity&quot;:&quot;DocDistListHistory&quot;,&quot;label&quot;:&quot;[#[translatesys:Data Field:DistributionHistory.list.DocDistributionListHistoryList.listcontent.field.NumberOfCopies:NumberOfCopies:WEB:Number Of Copies]#]&quot;,&quot;translationKey&quot;:&quot;DistributionHistory.list.DocDistributionListHistoryList.listcontent.field.NumberOfCopies&quot;,&quot;datatype&quot;:&quot;Number&quot;,&quot;array&quot;:false,&quot;editable&quot;:{&quot;==&quot;:[{&quot;var&quot;:&quot;record.etag&quot;},null]},&quot;required&quot;:true}},{&quot;elementType&quot;:&quot;field&quot;,&quot;field&quot;:{&quot;name&quot;:&quot;BasedOnDistributionNo&quot;,&quot;attribute&quot;:&quot;BasedOnDistributionNo&quot;,&quot;control&quot;:&quot;field&quot;,&quot;entity&quot;:&quot;DocDistListHistory&quot;,&quot;label&quot;:&quot;[#[translatesys:Data Field:DistributionHistory.list.DocDistributionListHistoryList.listcontent.field.BasedOnDistributionNo:BasedOnDistributionNo:WEB:Based On Distribution Number]#]&quot;,&quot;translationKey&quot;:&quot;DistributionHistory.list.DocDistributionListHistoryList.listcontent.field.BasedOnDistributionNo&quot;,&quot;datatype&quot;:&quot;Number&quot;,&quot;array&quot;:false,&quot;editable&quot;:{&quot;==&quot;:[{&quot;var&quot;:&quot;record.etag&quot;},null]},&quot;required&quot;:true}},{&quot;elementType&quot;:&quot;field&quot;,&quot;field&quot;:{&quot;name&quot;:&quot;BasedOnLineNo&quot;,&quot;attribute&quot;:&quot;BasedOnLineNo&quot;,&quot;control&quot;:&quot;field&quot;,&quot;entity&quot;:&quot;DocDistListHistory&quot;,&quot;label&quot;:&quot;[#[translatesys:Data Field:DistributionHistory.list.DocDistributionListHistoryList.listcontent.field.BasedOnLineNo:BasedOnLineNo:WEB:Based On Line Number]#]&quot;,&quot;translationKey&quot;:&quot;DistributionHistory.list.DocDistributionListHistoryList.listcontent.field.BasedOnLineNo&quot;,&quot;datatype&quot;:&quot;Number&quot;,&quot;array&quot;:false,&quot;editable&quot;:{&quot;==&quot;:[{&quot;var&quot;:&quot;record.etag&quot;},null]},&quot;required&quot;:true}},{&quot;elementType&quot;:&quot;field&quot;,&quot;field&quot;:{&quot;name&quot;:&quot;Cf_New_Status&quot;,&quot;entity&quot;:&quot;DocDistListHistory&quot;,&quot;datatype&quot;:&quot;Text&quot;,&quot;required&quot;:false,&quot;control&quot;:&quot;field&quot;,&quot;label&quot;:&quot;[#[translatesys:Data Field:[UK_Service_Mob].DistributionHistory.list.DocDistributionListHistoryList.content.field.Cf_New_Status:Cf_New_Status:CONFIGCLIENT:Status]#]&quot;,&quot;attribute&quot;:&quot;Cf_New_Status&quot;,&quot;editable&quot;:false,&quot;maxlength&quot;:4000}},{&quot;elementType&quot;:&quot;field&quot;,&quot;field&quot;:{&quot;name&quot;:&quot;Cf_Signer_Name&quot;,&quot;entity&quot;:&quot;DocDistListHistory&quot;,&quot;datatype&quot;:&quot;Text&quot;,&quot;required&quot;:false,&quot;control&quot;:&quot;field&quot;,&quot;label&quot;:&quot;[#[translatesys:Data Field:[UK_Service_Mob].DistributionHistory.list.DocDistributionListHistoryList.content.field.Cf_Signer_Name:Cf_Signer_Name:CONFIGCLIENT:Signer Name]#]&quot;,&quot;attribute&quot;:&quot;Cf_Signer_Name&quot;,&quot;editable&quot;:true,&quot;maxlength&quot;:100}},{&quot;elementType&quot;:&quot;field&quot;,&quot;field&quot;:{&quot;name&quot;:&quot;Cf_Signed_Date&quot;,&quot;entity&quot;:&quot;DocDistListHistory&quot;,&quot;datatype&quot;:&quot;Timestamp&quot;,&quot;required&quot;:false,&quot;control&quot;:&quot;field&quot;,&quot;label&quot;:&quot;[#[translatesys:Data Field:[UK_Service_Mob].DistributionHistory.list.DocDistributionListHistoryList.content.field.Cf_Signed_Date:Cf_Signed_Date:CONFIGCLIENT:Signed Date]#]&quot;,&quot;attribute&quot;:&quot;Cf_Signed_Date&quot;,&quot;editable&quot;:&quot;record.etag == null&quot;,&quot;selectAttributes&quot;:[&quot;etag&quot;]}}],&quot;fieldranking&quot;:[&quot;DocClassRef&quot;,&quot;DocNoRef&quot;,&quot;DocSheet&quot;,&quot;DocRevRef&quot;,&quot;Title&quot;,&quot;ReceiverPersonRef&quot;,&quot;DateLogged&quot;,&quot;SenderPersonRef&quot;,&quot;DateDistributed&quot;,&quot;DocDistType&quot;],&quot;commands&quot;:[&quot;DocDistributionListHistoryList_DistributeCommand&quot;,&quot;DocDistributionListHistoryList_ApproveCommand&quot;,&quot;DocDistributionListHistoryList_MarkAsReadCommand&quot;,&quot;DocDistributionListHistoryList_ResendDistributionCommand&quot;,&quot;DocDistributionListHistoryList_ViewDocumentCommand&quot;,&quot;DocDistributionListHistoryList_DocumentRevisionCommand&quot;],&quot;commandgroups&quot;:[{&quot;type&quot;:&quot;commandgroup&quot;,&quot;name&quot;:&quot;CommandGroupCmdGroup&quot;,&quot;commands&quot;:[&quot;DocDistributionListHistoryList_DistributeCommand&quot;,&quot;DocDistributionListHistoryList_ApproveCommand&quot;,&quot;DocDistributionListHistoryList_MarkAsReadCommand&quot;],&quot;content&quot;:[{&quot;type&quot;:&quot;command&quot;,&quot;name&quot;:&quot;DocDistributionListHistoryList_DistributeCommand&quot;},{&quot;type&quot;:&quot;command&quot;,&quot;name&quot;:&quot;DocDistributionListHistoryList_ApproveCommand&quot;},{&quot;type&quot;:&quot;command&quot;,&quot;name&quot;:&quot;DocDistributionListHistoryList_MarkAsReadCommand&quot;}]},{&quot;type&quot;:&quot;commandgroup&quot;,&quot;name&quot;:&quot;CommandGroup2CmdGroup&quot;,&quot;commands&quot;:[&quot;DocDistributionListHistoryList_ResendDistributionCommand&quot;],&quot;content&quot;:[{&quot;type&quot;:&quot;command&quot;,&quot;name&quot;:&quot;DocDistributionListHistoryList_ResendDistributionCommand&quot;}]},{&quot;type&quot;:&quot;commandgroup&quot;,&quot;name&quot;:&quot;CommandGroup3CmdGroup&quot;,&quot;commands&quot;:[&quot;DocDistributionListHistoryList_ViewDocumentCommand&quot;],&quot;content&quot;:[{&quot;type&quot;:&quot;command&quot;,&quot;name&quot;:&quot;DocDistributionListHistoryList_ViewDocumentCommand&quot;}]},{&quot;type&quot;:&quot;commandgroup&quot;,&quot;name&quot;:&quot;CommandGroup4CmdGroup&quot;,&quot;commands&quot;:[&quot;DocDistributionListHistoryList_DocumentRevisionCommand&quot;],&quot;content&quot;:[{&quot;type&quot;:&quot;command&quot;,&quot;name&quot;:&quot;DocDistributionListHistoryList_DocumentRevisionCommand&quot;}]}],&quot;@[DIFF]PACKED&quot;:{&quot;content&quot;:{&quot;0&quot;:{&quot;field&quot;:{&quot;editable&quot;:{&quot;==&quot;:{&quot;0&quot;:{&quot;@[DIFF]ID&quot;:&quot;63e3577c6274b7d76bb3bca8dcb5628772fff3e4&quot;}}}},&quot;@[DIFF]ID&quot;:&quot;67fb9e561ab06c823b7857b98c1aee0f82ca0eda&quot;},&quot;1&quot;:{&quot;field&quot;:{&quot;editable&quot;:{&quot;==&quot;:{&quot;0&quot;:{&quot;@[DIFF]ID&quot;:&quot;63e3577c6274b7d76bb3bca8dcb5628772fff3e4&quot;}}}},&quot;@[DIFF]ID&quot;:&quot;689d35a1b8de1bea617d62cce259fb58a363211a&quot;},&quot;2&quot;:{&quot;field&quot;:{&quot;editable&quot;:{&quot;==&quot;:{&quot;0&quot;:{&quot;@[DIFF]ID&quot;:&quot;63e3577c6274b7d76bb3bca8dcb5628772fff3e4&quot;}}}},&quot;@[DIFF]ID&quot;:&quot;0d9c0f0f44e26d87e5de4d7b7fc988136b3c9b07&quot;},&quot;3&quot;:{&quot;field&quot;:{&quot;editable&quot;:{&quot;==&quot;:{&quot;0&quot;:{&quot;@[DIFF]ID&quot;:&quot;63e3577c6274b7d76bb3bca8dcb5628772fff3e4&quot;}}}},&quot;@[DIFF]ID&quot;:&quot;4c7ef7558fd4c39553465d1011f09c21f669c538&quot;},&quot;4&quot;:{&quot;field&quot;:{&quot;editable&quot;:{&quot;==&quot;:{&quot;0&quot;:{&quot;@[DIFF]ID&quot;:&quot;63e3577c6274b7d76bb3bca8dcb5628772fff3e4&quot;}}}},&quot;@[DIFF]ID&quot;:&quot;0dacaaf32a20f0a5f3b07545cbdfc7e0836aa892&quot;},&quot;5&quot;:{&quot;field&quot;:{&quot;editable&quot;:{&quot;==&quot;:{&quot;0&quot;:{&quot;@[DIFF]ID&quot;:&quot;63e3577c6274b7d76bb3bca8dcb5628772fff3e4&quot;}}}},&quot;@[DIFF]ID&quot;:&quot;155df5607528630e8b906a02aca9167d664a9857&quot;},&quot;6&quot;:{&quot;field&quot;:{&quot;editable&quot;:{&quot;==&quot;:{&quot;0&quot;:{&quot;@[DIFF]ID&quot;:&quot;63e3577c6274b7d76bb3bca8dcb5628772fff3e4&quot;}}}},&quot;@[DIFF]ID&quot;:&quot;9d38ec402ce14c1ffb4d052bc0241c0a68ed7b2b&quot;},&quot;7&quot;:{&quot;field&quot;:{&quot;editable&quot;:{&quot;==&quot;:{&quot;0&quot;:{&quot;@[DIFF]ID&quot;:&quot;63e3577c6274b7d76bb3bca8dcb5628772fff3e4&quot;}}}},&quot;@[DIFF]ID&quot;:&quot;1dffeb3be24ba6722f1424f43f975a44ccac8058&quot;},&quot;8&quot;:{&quot;field&quot;:{&quot;editable&quot;:{&quot;==&quot;:{&quot;0&quot;:{&quot;@[DIFF]ID&quot;:&quot;63e3577c6274b7d76bb3bca8dcb5628772fff3e4&quot;}}}},&quot;@[DIFF]ID&quot;:&quot;32c48ff8ad8529140c4a117b1f502b4c1ba717ba&quot;},&quot;9&quot;:{&quot;field&quot;:{&quot;editable&quot;:{&quot;==&quot;:{&quot;0&quot;:{&quot;@[DIFF]ID&quot;:&quot;63e3577c6274b7d76bb3bca8dcb5628772fff3e4&quot;}}}},&quot;@[DIFF]ID&quot;:&quot;42f45fb2c457430c82bb706692d6f4d6718a020a&quot;},&quot;10&quot;:{&quot;field&quot;:{&quot;editable&quot;:{&quot;==&quot;:{&quot;0&quot;:{&quot;@[DIFF]ID&quot;:&quot;63e3577c6274b7d76bb3bca8dcb5628772fff3e4&quot;}}}},&quot;@[DIFF]ID&quot;:&quot;29d01ab34f1f7d904e36717dff47b209f67c7963&quot;},&quot;11&quot;:{&quot;field&quot;:{&quot;editable&quot;:{&quot;and&quot;:{&quot;0&quot;:{&quot;or&quot;:{&quot;0&quot;:{&quot;==&quot;:{&quot;0&quot;:{&quot;@[DIFF]ID&quot;:&quot;1e9b2dbf6a8027a4840a80f380fd5ca7cbf24d1d&quot;},&quot;1&quot;:{&quot;@[DIFF]ID&quot;:&quot;37ffcf161dc3b3e95f0cf85aec2e7aff4cb9311d&quot;}},&quot;@[DIFF]ID&quot;:&quot;24070e318b15f274793be9d669d47bd4f648ac28&quot;},&quot;1&quot;:{&quot;==&quot;:{&quot;0&quot;:{&quot;@[DIFF]ID&quot;:&quot;c8e5ca7ed43a98566964ba0d19fc0534be3af924&quot;}},&quot;@[DIFF]ID&quot;:&quot;5cf22c78ac58f71c2ce7f5c39777d9a1d954847a&quot;}},&quot;@[DIFF]ID&quot;:&quot;85c3358d309f3c49bb25b6099d1fd620bd03a325&quot;},&quot;1&quot;:{&quot;or&quot;:{&quot;0&quot;:{&quot;==&quot;:{&quot;0&quot;:{&quot;@[DIFF]ID&quot;:&quot;ef73d81b8b038118a23c2af59ce7cb9845a62571&quot;}},&quot;@[DIFF]ID&quot;:&quot;eaa2e229a5826886c33672dffbe14a8aa97cf65b&quot;},&quot;1&quot;:{&quot;==&quot;:{&quot;0&quot;:{&quot;@[DIFF]ID&quot;:&quot;ef73d81b8b038118a23c2af59ce7cb9845a62571&quot;}},&quot;@[DIFF]ID&quot;:&quot;8f2d71fd3e7cb372f9c321e1d5bcf8946bb53abd&quot;}},&quot;@[DIFF]ID&quot;:&quot;f16188cb6ff63914f9e9443f0998285bdf0bd56f&quot;}}}},&quot;@[DIFF]ID&quot;:&quot;dce071d75a2c42ebc40385c2df7ae5c0c44bf934&quot;},&quot;12&quot;:{&quot;field&quot;:{&quot;editable&quot;:{&quot;==&quot;:{&quot;0&quot;:{&quot;@[DIFF]ID&quot;:&quot;63e3577c6274b7d76bb3bca8dcb5628772fff3e4&quot;}}}},&quot;@[DIFF]ID&quot;:&quot;7aa7f594ac2e77f6163347c5899ce39e789f03e6&quot;},&quot;13&quot;:{&quot;field&quot;:{&quot;editable&quot;:{&quot;==&quot;:{&quot;0&quot;:{&quot;@[DIFF]ID&quot;:&quot;63e3577c6274b7d76bb3bca8dcb5628772fff3e4&quot;}}}},&quot;@[DIFF]ID&quot;:&quot;459036a5ae34011f9947a6da996e48cf37e40944&quot;},&quot;14&quot;:{&quot;field&quot;:{&quot;editable&quot;:{&quot;==&quot;:{&quot;0&quot;:{&quot;@[DIFF]ID&quot;:&quot;63e3577c6274b7d76bb3bca8dcb5628772fff3e4&quot;}}}},&quot;@[DIFF]ID&quot;:&quot;4da257028f306c52074017fa27e7ad6c6af54653&quot;},&quot;15&quot;:{&quot;field&quot;:{&quot;editable&quot;:{&quot;==&quot;:{&quot;0&quot;:{&quot;@[DIFF]ID&quot;:&quot;63e3577c6274b7d76bb3bca8dcb5628772fff3e4&quot;}}}},&quot;@[DIFF]ID&quot;:&quot;deb647999eb05c477b56f76ef109b0b8dd5616b4&quot;},&quot;16&quot;:{&quot;field&quot;:{&quot;editable&quot;:{&quot;==&quot;:{&quot;0&quot;:{&quot;@[DIFF]ID&quot;:&quot;63e3577c6274b7d76bb3bca8dcb5628772fff3e4&quot;}}}},&quot;@[DIFF]ID&quot;:&quot;04b381425bad5cd81a0ad244c5cd2dacfffc1ddd&quot;},&quot;17&quot;:{&quot;field&quot;:{&quot;editable&quot;:{&quot;==&quot;:{&quot;0&quot;:{&quot;@[DIFF]ID&quot;:&quot;63e3577c6274b7d76bb3bca8dcb5628772fff3e4&quot;}}}},&quot;@[DIFF]ID&quot;:&quot;498f82804ed909f22d41a243dd55b38dabfb557c&quot;},&quot;18&quot;:{&quot;field&quot;:{&quot;editable&quot;:{&quot;==&quot;:{&quot;0&quot;:{&quot;@[DIFF]ID&quot;:&quot;63e3577c6274b7d76bb3bca8dcb5628772fff3e4&quot;}}}},&quot;@[DIFF]ID&quot;:&quot;fa263333c8a9549c4592866382fc9ea7d1254b7d&quot;},&quot;19&quot;:{&quot;field&quot;:{&quot;editable&quot;:{&quot;==&quot;:{&quot;0&quot;:{&quot;@[DIFF]ID&quot;:&quot;63e3577c6274b7d76bb3bca8dcb5628772fff3e4&quot;}}}},&quot;@[DIFF]ID&quot;:&quot;611dd2fccbb201829ec4d6bc81b6b8e91743ced0&quot;},&quot;20&quot;:{&quot;@[DIFF]ID&quot;:&quot;b1710a76dee14a62399ee05f8e67e48f4d85030a&quot;},&quot;21&quot;:{&quot;@[DIFF]ID&quot;:&quot;337bfcbf369d6d80ef9cd0771dc39c764d6ab31b&quot;},&quot;22&quot;:{&quot;@[DIFF]ID&quot;:&quot;7721e0c0621c2d4980d88834ed679146940538ef&quot;}},&quot;commandgroups&quot;:{&quot;0&quot;:{&quot;content&quot;:{&quot;0&quot;:{&quot;@[DIFF]ID&quot;:&quot;b12c425342ee9598fc7a9b40647d1080a668d548&quot;},&quot;1&quot;:{&quot;@[DIFF]ID&quot;:&quot;f53f84e6d6934c86049daf10a2f66c5736d90dfc&quot;},&quot;2&quot;:{&quot;@[DIFF]ID&quot;:&quot;ef31d0c10eb6160e50948e0d20a8e7bd5a82760f&quot;}},&quot;@[DIFF]ID&quot;:&quot;89f9dbd8258f29a39dec083a4242d352d3781887&quot;},&quot;1&quot;:{&quot;content&quot;:{&quot;0&quot;:{&quot;@[DIFF]ID&quot;:&quot;682c628033dbc5cf8ffc0651a6ad322354771b31&quot;}},&quot;@[DIFF]ID&quot;:&quot;8f217120d39ddb0ee0a59899698747e2d051b5ec&quot;},&quot;2&quot;:{&quot;content&quot;:{&quot;0&quot;:{&quot;@[DIFF]ID&quot;:&quot;14c6d02059ae4c5a3b725eadcd62c86e8668bb22&quot;}},&quot;@[DIFF]ID&quot;:&quot;86d50c08160acd27810a61b1fc79d043136e879e&quot;},&quot;3&quot;:{&quot;content&quot;:{&quot;0&quot;:{&quot;@[DIFF]ID&quot;:&quot;b3a3c17092575b2675f5ffe53c669858de6a5b19&quot;}},&quot;@[DIFF]ID&quot;:&quot;07e06d14295fb0097cdbbafae4daff41660ea2f1&quot;}}}}</CONTENT>
      </DATA_ROW>
    </DATA>
  </WEB_PAGE_BUNDLE>
</CUSTOM_OBJECT>
