<?xml version="1.0"?>
<CUSTOM_OBJECT>
  <NAME>Status</NAME>
  <TYPE>CF_READ_ONLY</TYPE>
  <DESCRIPTION>CRIM - C678</DESCRIPTION>
  <CUSTOM_FIELD EXPORT_DEF_VERSION="1">
    <LU>DocDistListHistory</LU>
    <TABLE_NAME>DOC_DIST_LIST_HISTORY_CFT</TABLE_NAME>
    <VIEW_NAME>DOC_DIST_LIST_HISTORY_CFV</VIEW_NAME>
    <PACKAGE_NAME>DOC_DIST_LIST_HISTORY_CFP</PACKAGE_NAME>
    <DEFINITION_MODIFIED_DATE>2021-08-12-06.52.10</DEFINITION_MODIFIED_DATE>
    <EXPORT_DATE>2021-08-18-11.32.50</EXPORT_DATE>
    <USED_DB>TRUE</USED_DB>
    <ROWKEY>C0B6122D1DC94449BC54464C6BE2E7BB</ROWKEY>
    <CUSTOM_FIELD_ATTRIBUTE>
      <CUSTOM_FIELD_ATTRIBUTE_ROW>
        <ATTRIBUTE_NAME>NEW_STATUS</ATTRIBUTE_NAME>
        <DATA_TYPE_DB>STRING</DATA_TYPE_DB>
        <FORMAT_DB>UNFORMATTED</FORMAT_DB>
        <DATA_LENGTH>4000</DATA_LENGTH>
        <DEFAULT_VALUE_TYPE_DB>NO_DEFAULT_VALUE</DEFAULT_VALUE_TYPE_DB>
        <DEFAULT_VALUE/>
        <MANDATORY_DB>FALSE</MANDATORY_DB>
        <INSERTABLE_DB>FALSE</INSERTABLE_DB>
        <UPDATEABLE_DB>FALSE</UPDATEABLE_DB>
        <QUERYABLE_DB>TRUE</QUERYABLE_DB>
        <PRIVATE_DB>FALSE</PRIVATE_DB>
        <LOV_DB>FALSE</LOV_DB>
        <INDEXED_DB>FALSE</INDEXED_DB>
        <PROMPT>Status</PROMPT>
        <DEFINITION_MODIFIED_DATE>2021-08-12-07.41.52</DEFINITION_MODIFIED_DATE>
        <CUSTOM_FIELD_TYPE_DB>READ_ONLY_FIELD</CUSTOM_FIELD_TYPE_DB>
        <CUSTOM_FIELD_IMPL_TYPE_DB>SELECT_STATEMENT</CUSTOM_FIELD_IMPL_TYPE_DB>
        <EXPRESSION>Doc_Dist_List_History_Cfp.Get_Cf$_New_Status(v.objid)</EXPRESSION>
        <METADATA>SELECT CASE state WHEN &apos;Approved&apos; THEN &apos;Signed Documents&apos; WHEN &apos;Distributed&apos; THEN &apos;Requires Signature&apos; ELSE &apos;&apos; END FROM DOC_DIST_LIST_HISTORY_ACCESS WHERE objid = :objid</METADATA>
        <LU_REFERENCE/>
        <UI_OBJECT_DB>DEFAULT</UI_OBJECT_DB>
        <USED_DB>TRUE</USED_DB>
        <READ_ONLY_EXPRESSION_DB>FALSE</READ_ONLY_EXPRESSION_DB>
        <NOTE>CRIM - C678</NOTE>
        <ENABLED_ON_REPORTS_DB>TRUE</ENABLED_ON_REPORTS_DB>
        <CONSTRAINT_TYPE_DB>RESTRICTED</CONSTRAINT_TYPE_DB>
        <LOV_VIEW/>
        <ALTERNATE_KEY_DB>FALSE</ALTERNATE_KEY_DB>
        <ROWKEY>646B7A0023884E80BDF303732B776826</ROWKEY>
      </CUSTOM_FIELD_ATTRIBUTE_ROW>
    </CUSTOM_FIELD_ATTRIBUTE>
    <TRANSLATIONS>
  </TRANSLATIONS>
    <CUSTOM_FIELD_VIEW>
      <CUSTOM_FIELD_VIEW_ROW>
        <VIEW_NAME>DOC_DIST_LIST_HISTORY_ACCESS</VIEW_NAME>
        <CF_VIEW_NAME>DOC_DIST_LIST_HI3475073918_CFV</CF_VIEW_NAME>
        <USED_DB>TRUE</USED_DB>
        <ROWKEY>5D37DC51F1D24FD1934DE2F0DFFAF246</ROWKEY>
      </CUSTOM_FIELD_VIEW_ROW>
    </CUSTOM_FIELD_VIEW>
  </CUSTOM_FIELD>
</CUSTOM_OBJECT>
