<?xml version="1.0"?>
<CUSTOM_OBJECT>
  <NAME>ApproveDistributedDocs</NAME>
  <TYPE>CUSTOM_PROJCONFIG</TYPE>
  <DESCRIPTION>--</DESCRIPTION>
  <CUSTOM_PROJCONFIG>
    <PROJECTION_NAME>ApproveDistributedDocs</PROJECTION_NAME>
    <PUBLISHED>TRUE</PUBLISHED>
    <DEFINITION_MODIFIED_DATE>2021-08-14-03.01.09</DEFINITION_MODIFIED_DATE>
    <PUBLISHED_DATE>2021-08-14-03.01.09</PUBLISHED_DATE>
    <ROWKEY>5F241A885E8242F1ADD8D053DE6FF0AF</ROWKEY>
    <CONFIGURATION_TYPE>STANDARD</CONFIGURATION_TYPE>
    <PROJECTION_CONFIG_ENTITIES>
  </PROJECTION_CONFIG_ENTITIES>
    <PROJ_CONFIG_ENTASSOCS>
  </PROJ_CONFIG_ENTASSOCS>
    <PROJ_CONFIG_ACTIONS>
      <PROJ_CONFIG_ACTIONS_ROW>
        <PROJECTION_NAME>ApproveDistributedDocs</PROJECTION_NAME>
        <ACTION_NAME>SignDocuments</ACTION_NAME>
        <OVERLOAD>0</OVERLOAD>
        <PLSQL_METHOD>C_EA_CUSTOMIZATION_UTIL_API.APPROVE_INCOMING_DOCS</PLSQL_METHOD>
        <LU_DEPENDENCIES>DocDistListHistory</LU_DEPENDENCIES>
        <USED>TRUE</USED>
        <DEFINITION_MODIFIED_DATE>2021-08-05-05.13.44</DEFINITION_MODIFIED_DATE>
        <ROWKEY>97BE7FBCF6314C0AB01E1D30B07EF6C6</ROWKEY>
      </PROJ_CONFIG_ACTIONS_ROW>
    </PROJ_CONFIG_ACTIONS>
  </CUSTOM_PROJCONFIG>
</CUSTOM_OBJECT>
