<?xml version="1.0"?>
<CUSTOM_OBJECT>
  <NAME>ClientMetadata.client:ApproveDistributedDocs</NAME>
  <TYPE>AURENA_PAGE_GROUP</TYPE>
  <DESCRIPTION>DESCRIPTION value</DESCRIPTION>
  <WEB_PAGE_BUNDLE>
    <MODEL_ID>ClientMetadata.client:ApproveDistributedDocs</MODEL_ID>
    <DESCRIPTION/>
    <ARTIFACT>client</ARTIFACT>
    <NAME>ApproveDistributedDocs</NAME>
    <KIND>ClientMetadata</KIND>
    <REFERENCE>ClientMetadata.projection:ApproveDistributedDocs</REFERENCE>
    <PROFILED>TRUE</PROFILED>
    <VERSION>2021-08-13-13.31.39</VERSION>
    <DATA>
      <DATA_ROW>
        <OBJKEY>6E903951C8BE4247A89BDA6EAE7D2B95</OBJKEY>
        <SCOPE_ID>UK_Service_Mob</SCOPE_ID>
        <DATA_ID>command:CPEGEN_DistributionListUnattended_Cf_SignDocuments</DATA_ID>
        <ARTIFACT>command</ARTIFACT>
        <NAME>CPEGEN_DistributionListUnattended_Cf_SignDocuments</NAME>
        <LINE_NO>99999</LINE_NO>
        <LAYER_NO>2</LAYER_NO>
        <VISIBILITY>Public</VISIBILITY>
        <REFERENCE/>
        <DEPENDENCIES/>
        <CONTENT>{&quot;name&quot;:&quot;CPEGEN_DistributionListUnattended_Cf_SignDocuments&quot;,&quot;label&quot;:&quot;[#[translatesys:Command:[UK_Service_Mob].ApproveDistributedDocs.command.CPEGEN_DistributionListUnattended_Cf_SignDocuments.$this:$this:CONFIGCLIENT:Sign Document - By signing this document you are declaring that you have read and understood the content contained within ]#]&quot;,&quot;entity&quot;:&quot;DocDistListHistory&quot;,&quot;autosave&quot;:true,&quot;execute&quot;:[{&quot;call&quot;:{&quot;method&quot;:&quot;action&quot;,&quot;args&quot;:{&quot;name&quot;:&quot;Cf_SignDocuments&quot;,&quot;projection&quot;:&quot;ApproveDistributedDocs&quot;,&quot;bound&quot;:false,&quot;params&quot;:{&quot;Receiver_Person_&quot;:&quot;${ReceiverPerson}&quot;,&quot;Date_Logged_&quot;:&quot;${DateLogged}&quot;,&quot;Doc_Class_&quot;:&quot;${DocClass}&quot;,&quot;Doc_No_&quot;:&quot;${DocNo}&quot;,&quot;Doc_Rev_&quot;:&quot;${DocRev}&quot;,&quot;Doc_Sheet_&quot;:&quot;${DocSheet}&quot;,&quot;Free_Text_&quot;:&quot;${Cf_Signer_Name}&quot;}}}}],&quot;context&quot;:&quot;record&quot;,&quot;enabled&quot;:true}</CONTENT>
      </DATA_ROW>
      <DATA_ROW>
        <OBJKEY>070F84A70CEA4FD6B43BA707143EC1C8</OBJKEY>
        <SCOPE_ID>UK_Service_Mob</SCOPE_ID>
        <DATA_ID>command:DistributionListUnattended_ApproveCommand</DATA_ID>
        <ARTIFACT>command</ARTIFACT>
        <NAME>DistributionListUnattended_ApproveCommand</NAME>
        <LINE_NO>99999</LINE_NO>
        <LAYER_NO>2</LAYER_NO>
        <VISIBILITY>Public</VISIBILITY>
        <REFERENCE/>
        <DEPENDENCIES/>
        <CONTENT>{&quot;name&quot;:&quot;DistributionListUnattended_ApproveCommand&quot;,&quot;entity&quot;:&quot;DocDistListHistory&quot;,&quot;selectAttributes&quot;:[&quot;DocmanAdmin&quot;,&quot;LoggedInPerson&quot;,&quot;Objstate&quot;,&quot;ReceiverPerson&quot;,&quot;Title&quot;],&quot;label&quot;:&quot;[#[translatesys:Command:[UK_Service_Mob].ApproveDistributedDocs.command.DistributionListUnattended_ApproveCommand.$this:$this:CONFIGCLIENT:Approve]#]&quot;,&quot;emphasis&quot;:[{&quot;Success&quot;:true}],&quot;icon&quot;:&quot;check&quot;,&quot;style&quot;:&quot;IconOnly&quot;,&quot;grants&quot;:{&quot;or&quot;:[{&quot;==&quot;:[{&quot;var&quot;:&quot;record.Objgrants&quot;},null]},{&quot;method&quot;:[&quot;api.contains&quot;,[&quot;Approve&quot;,{&quot;var&quot;:&quot;record.Objgrants&quot;}]]}]},&quot;autosave&quot;:true,&quot;vars&quot;:{},&quot;context&quot;:&quot;record&quot;,&quot;execute&quot;:[{&quot;call&quot;:{&quot;method&quot;:&quot;action&quot;,&quot;args&quot;:{&quot;name&quot;:&quot;IfsApp.ApproveDistributedDocs.DocDistListHistory.Approve&quot;,&quot;projection&quot;:&quot;ApproveDistributedDocs&quot;,&quot;bound&quot;:true,&quot;params&quot;:{}}}},{&quot;call&quot;:{&quot;method&quot;:&quot;toast&quot;,&quot;args&quot;:{&quot;type&quot;:&quot;success&quot;,&quot;msg&quot;:&quot;[#[translatesys:Message:ApproveDistributedDocs.command.ApproveCommand.execute.executeaction.executesuccessaction.message:executesuccessaction:WEB:Document &apos;${Title}&apos; has been approved.]#]&quot;}}},{&quot;call&quot;:{&quot;method&quot;:&quot;exit&quot;,&quot;args&quot;:{&quot;return&quot;:&quot;OK&quot;}}}],&quot;enabled&quot;:false,&quot;@[DIFF]PACKED&quot;:{&quot;emphasis&quot;:{&quot;0&quot;:{&quot;@[DIFF]ID&quot;:&quot;dcb2e5a38c64a56875469077d000faafcefef3e0&quot;}},&quot;grants&quot;:{&quot;or&quot;:{&quot;0&quot;:{&quot;==&quot;:{&quot;0&quot;:{&quot;@[DIFF]ID&quot;:&quot;8c59d13076f528a338fb516d9f5b5f6e5f902853&quot;}},&quot;@[DIFF]ID&quot;:&quot;a1461ef14c537bd8c41037522f6ffddd32c553c1&quot;},&quot;1&quot;:{&quot;method&quot;:{&quot;1&quot;:{&quot;1&quot;:{&quot;@[DIFF]ID&quot;:&quot;8c59d13076f528a338fb516d9f5b5f6e5f902853&quot;},&quot;@[DIFF]ID&quot;:&quot;3f9eaaff7bbebab824e0cbc743d45e5e9415eda9&quot;}},&quot;@[DIFF]ID&quot;:&quot;74cf029700cac7e382f4b4e1010c042d760331cf&quot;}}},&quot;execute&quot;:{&quot;0&quot;:{&quot;@[DIFF]ID&quot;:&quot;966a294495b63a6f7ad40f2a3633d54fd059127e&quot;},&quot;1&quot;:{&quot;@[DIFF]ID&quot;:&quot;ae5bcf9f12e9be40289a6cb58dabd871217a3249&quot;},&quot;2&quot;:{&quot;@[DIFF]ID&quot;:&quot;4d3c19c9574af75f5709d5719b08fa29f4eb65a8&quot;}}}}</CONTENT>
      </DATA_ROW>
      <DATA_ROW>
        <OBJKEY>70B018245D75448297A3297412E16D16</OBJKEY>
        <SCOPE_ID>UK_Service_Mob</SCOPE_ID>
        <DATA_ID>list:DistributionListUnattended</DATA_ID>
        <ARTIFACT>list</ARTIFACT>
        <NAME>DistributionListUnattended</NAME>
        <LINE_NO>99999</LINE_NO>
        <LAYER_NO>2</LAYER_NO>
        <VISIBILITY>Public</VISIBILITY>
        <REFERENCE/>
        <DEPENDENCIES/>
        <CONTENT>{&quot;name&quot;:&quot;DistributionListUnattended&quot;,&quot;label&quot;:&quot;[#[translatesys:Table Window:ApproveDistributedDocs.list.DistributionListUnattended.$this:$this:WEB:Distributed Documents]#]&quot;,&quot;entity&quot;:&quot;DocDistListHistory&quot;,&quot;preselect&quot;:false,&quot;orderby&quot;:[{&quot;DateDistributed&quot;:&quot;desc&quot;}],&quot;card&quot;:&quot;DistributionCard&quot;,&quot;content&quot;:[{&quot;elementType&quot;:&quot;field&quot;,&quot;field&quot;:{&quot;name&quot;:&quot;Title&quot;,&quot;attribute&quot;:&quot;Title&quot;,&quot;control&quot;:&quot;field&quot;,&quot;entity&quot;:&quot;DocDistListHistory&quot;,&quot;label&quot;:&quot;[#[translatesys:Data Field:ApproveDistributedDocs.list.DistributionListUnattended.listcontent.field.Title:Title:WEB:Title]#]&quot;,&quot;translationKey&quot;:&quot;ApproveDistributedDocs.list.DistributionListUnattended.listcontent.field.Title&quot;,&quot;datatype&quot;:&quot;Text&quot;,&quot;controlsize&quot;:&quot;double&quot;,&quot;array&quot;:false,&quot;maxlength&quot;:250,&quot;editable&quot;:false,&quot;required&quot;:true}},{&quot;elementType&quot;:&quot;field&quot;,&quot;field&quot;:{&quot;name&quot;:&quot;EdmFileRef.FileType&quot;,&quot;attribute&quot;:&quot;EdmFileRef.FileType&quot;,&quot;control&quot;:&quot;field&quot;,&quot;entity&quot;:&quot;EdmFileForOriginalFile&quot;,&quot;label&quot;:&quot;[#[translatesys:Data Field:ApproveDistributedDocs.list.DistributionListUnattended.listcontent.field.EdmFileRef$FileType:EdmFileRef$FileType:WEB:File Type]#]&quot;,&quot;translationKey&quot;:&quot;ApproveDistributedDocs.list.DistributionListUnattended.listcontent.field.EdmFileRef$FileType&quot;,&quot;datatype&quot;:&quot;Text&quot;,&quot;array&quot;:false,&quot;maxlength&quot;:30,&quot;format&quot;:&quot;uppercase&quot;,&quot;editable&quot;:false,&quot;required&quot;:true}},{&quot;elementType&quot;:&quot;field&quot;,&quot;field&quot;:{&quot;name&quot;:&quot;DateDistributed&quot;,&quot;attribute&quot;:&quot;DateDistributed&quot;,&quot;control&quot;:&quot;field&quot;,&quot;entity&quot;:&quot;DocDistListHistory&quot;,&quot;label&quot;:&quot;[#[translatesys:Data Field:ApproveDistributedDocs.list.DistributionListUnattended.listcontent.field.DateDistributed:DateDistributed:WEB:Date Distributed]#]&quot;,&quot;translationKey&quot;:&quot;ApproveDistributedDocs.list.DistributionListUnattended.listcontent.field.DateDistributed&quot;,&quot;datatype&quot;:&quot;Timestamp&quot;,&quot;array&quot;:false,&quot;editable&quot;:false,&quot;required&quot;:false}},{&quot;elementType&quot;:&quot;field&quot;,&quot;field&quot;:{&quot;name&quot;:&quot;SenderInfoRef.Name&quot;,&quot;selectAttributes&quot;:[&quot;SenderPerson&quot;],&quot;attribute&quot;:&quot;SenderInfoRef.Name&quot;,&quot;control&quot;:&quot;field&quot;,&quot;entity&quot;:&quot;PersonInfo&quot;,&quot;label&quot;:&quot;[#[translatesys:Data Field:ApproveDistributedDocs.list.DistributionListUnattended.listcontent.field.SenderInfoRef$Name:SenderInfoRef$Name:WEB:Sender]#]&quot;,&quot;translationKey&quot;:&quot;ApproveDistributedDocs.list.DistributionListUnattended.listcontent.field.SenderInfoRef$Name&quot;,&quot;datatype&quot;:&quot;Text&quot;,&quot;array&quot;:false,&quot;maxlength&quot;:100,&quot;editable&quot;:false,&quot;required&quot;:true,&quot;contactWidget&quot;:{&quot;enabled&quot;:true,&quot;source&quot;:{&quot;Person&quot;:true},&quot;key&quot;:&quot;SenderPerson&quot;}}},{&quot;elementType&quot;:&quot;field&quot;,&quot;field&quot;:{&quot;name&quot;:&quot;DistributionNote&quot;,&quot;attribute&quot;:&quot;DistributionNote&quot;,&quot;control&quot;:&quot;field&quot;,&quot;entity&quot;:&quot;DocDistListHistory&quot;,&quot;label&quot;:&quot;[#[translatesys:Data Field:ApproveDistributedDocs.list.DistributionListUnattended.listcontent.field.DistributionNote:DistributionNote:WEB:Sender&apos;s Note]#]&quot;,&quot;translationKey&quot;:&quot;ApproveDistributedDocs.list.DistributionListUnattended.listcontent.field.DistributionNote&quot;,&quot;datatype&quot;:&quot;Text&quot;,&quot;array&quot;:false,&quot;maxlength&quot;:2000,&quot;editable&quot;:false,&quot;required&quot;:false}},{&quot;elementType&quot;:&quot;field&quot;,&quot;field&quot;:{&quot;name&quot;:&quot;ReceiverNote&quot;,&quot;selectAttributes&quot;:[&quot;Objstate&quot;],&quot;attribute&quot;:&quot;ReceiverNote&quot;,&quot;control&quot;:&quot;field&quot;,&quot;entity&quot;:&quot;DocDistListHistory&quot;,&quot;label&quot;:&quot;[#[translatesys:Data Field:ApproveDistributedDocs.list.DistributionListUnattended.listcontent.field.ReceiverNote:ReceiverNote:WEB:Note]#]&quot;,&quot;translationKey&quot;:&quot;ApproveDistributedDocs.list.DistributionListUnattended.listcontent.field.ReceiverNote&quot;,&quot;datatype&quot;:&quot;Text&quot;,&quot;array&quot;:false,&quot;maxlength&quot;:2000,&quot;editable&quot;:{&quot;!=&quot;:[{&quot;var&quot;:&quot;record.Objstate&quot;},&quot;Approved&quot;]},&quot;required&quot;:false}},{&quot;elementType&quot;:&quot;field&quot;,&quot;field&quot;:{&quot;name&quot;:&quot;Cf_Signer_Name&quot;,&quot;entity&quot;:&quot;DocDistListHistory&quot;,&quot;datatype&quot;:&quot;Text&quot;,&quot;required&quot;:false,&quot;control&quot;:&quot;field&quot;,&quot;label&quot;:&quot;[#[translatesys:Data Field:[UK_Service_Mob].ApproveDistributedDocs.list.DistributionListUnattended.content.field.Cf_Signer_Name:Cf_Signer_Name:CONFIGCLIENT:Signer Name]#]&quot;,&quot;attribute&quot;:&quot;Cf_Signer_Name&quot;,&quot;editable&quot;:true,&quot;maxlength&quot;:100}},{&quot;elementType&quot;:&quot;field&quot;,&quot;field&quot;:{&quot;name&quot;:&quot;DocDistPriority&quot;,&quot;selectAttributes&quot;:[&quot;DocDistPriority&quot;],&quot;attribute&quot;:&quot;DocDistPriority&quot;,&quot;control&quot;:&quot;badge&quot;,&quot;entity&quot;:&quot;DocDistListHistory&quot;,&quot;label&quot;:&quot;[#[translatesys:Data Field:ApproveDistributedDocs.list.DistributionListUnattended.listcontent.badge.DocDistPriority:DocDistPriority:WEB:Priority]#]&quot;,&quot;translationKey&quot;:&quot;ApproveDistributedDocs.list.DistributionListUnattended.listcontent.badge.DocDistPriority&quot;,&quot;style&quot;:&quot;TextOnly&quot;,&quot;datatype&quot;:&quot;Enumeration&quot;,&quot;enumeration&quot;:&quot;DocDistPriority&quot;,&quot;controlsize&quot;:&quot;small&quot;,&quot;emphasis&quot;:[{&quot;Alert&quot;:{&quot;==&quot;:[{&quot;var&quot;:&quot;record.DocDistPriority&quot;},&quot;Urgent&quot;]}},{&quot;Neutral&quot;:{&quot;==&quot;:[{&quot;var&quot;:&quot;record.DocDistPriority&quot;},&quot;Low&quot;]}}],&quot;array&quot;:false,&quot;editable&quot;:true,&quot;required&quot;:true}},{&quot;elementType&quot;:&quot;field&quot;,&quot;field&quot;:{&quot;name&quot;:&quot;DateReceived&quot;,&quot;attribute&quot;:&quot;DateReceived&quot;,&quot;control&quot;:&quot;field&quot;,&quot;entity&quot;:&quot;DocDistListHistory&quot;,&quot;label&quot;:&quot;[#[translatesys:Data Field:ApproveDistributedDocs.list.DistributionListUnattended.listcontent.field.DateReceived:DateReceived:WEB:Date Received]#]&quot;,&quot;translationKey&quot;:&quot;ApproveDistributedDocs.list.DistributionListUnattended.listcontent.field.DateReceived&quot;,&quot;datatype&quot;:&quot;Timestamp&quot;,&quot;array&quot;:false,&quot;editable&quot;:false,&quot;required&quot;:false,&quot;columnVisible&quot;:false}},{&quot;elementType&quot;:&quot;field&quot;,&quot;field&quot;:{&quot;name&quot;:&quot;DocDistMethod&quot;,&quot;attribute&quot;:&quot;DocDistMethod&quot;,&quot;control&quot;:&quot;field&quot;,&quot;entity&quot;:&quot;DocDistListHistory&quot;,&quot;label&quot;:&quot;[#[translatesys:Data Field:ApproveDistributedDocs.list.DistributionListUnattended.listcontent.field.DocDistMethod:DocDistMethod:WEB:Distribution Method]#]&quot;,&quot;translationKey&quot;:&quot;ApproveDistributedDocs.list.DistributionListUnattended.listcontent.field.DocDistMethod&quot;,&quot;datatype&quot;:&quot;Enumeration&quot;,&quot;enumeration&quot;:&quot;DocDistMethod&quot;,&quot;array&quot;:false,&quot;editable&quot;:false,&quot;required&quot;:true}},{&quot;elementType&quot;:&quot;field&quot;,&quot;field&quot;:{&quot;name&quot;:&quot;DocClassDesc&quot;,&quot;attribute&quot;:&quot;DocClassDesc&quot;,&quot;control&quot;:&quot;field&quot;,&quot;entity&quot;:&quot;DocDistListHistory&quot;,&quot;label&quot;:&quot;[#[translatesys:Data Field:ApproveDistributedDocs.list.DistributionListUnattended.listcontent.field.DocClassDesc:DocClassDesc:WEB:Document Class]#]&quot;,&quot;translationKey&quot;:&quot;ApproveDistributedDocs.list.DistributionListUnattended.listcontent.field.DocClassDesc&quot;,&quot;datatype&quot;:&quot;Text&quot;,&quot;controlsize&quot;:&quot;small&quot;,&quot;array&quot;:false,&quot;editable&quot;:false,&quot;required&quot;:false,&quot;columnVisible&quot;:false}},{&quot;elementType&quot;:&quot;field&quot;,&quot;field&quot;:{&quot;name&quot;:&quot;DocNo&quot;,&quot;attribute&quot;:&quot;DocNo&quot;,&quot;control&quot;:&quot;field&quot;,&quot;entity&quot;:&quot;DocDistListHistory&quot;,&quot;label&quot;:&quot;[#[translatesys:Data Field:ApproveDistributedDocs.list.DistributionListUnattended.listcontent.field.DocNo:DocNo:WEB:Document No]#]&quot;,&quot;translationKey&quot;:&quot;ApproveDistributedDocs.list.DistributionListUnattended.listcontent.field.DocNo&quot;,&quot;datatype&quot;:&quot;Text&quot;,&quot;array&quot;:false,&quot;maxlength&quot;:120,&quot;format&quot;:&quot;uppercase&quot;,&quot;editable&quot;:false,&quot;required&quot;:true,&quot;columnVisible&quot;:false}},{&quot;elementType&quot;:&quot;field&quot;,&quot;field&quot;:{&quot;name&quot;:&quot;DocSheet&quot;,&quot;attribute&quot;:&quot;DocSheet&quot;,&quot;control&quot;:&quot;field&quot;,&quot;entity&quot;:&quot;DocDistListHistory&quot;,&quot;label&quot;:&quot;[#[translatesys:Data Field:ApproveDistributedDocs.list.DistributionListUnattended.listcontent.field.DocSheet:DocSheet:WEB:Document Sheet]#]&quot;,&quot;translationKey&quot;:&quot;ApproveDistributedDocs.list.DistributionListUnattended.listcontent.field.DocSheet&quot;,&quot;datatype&quot;:&quot;Text&quot;,&quot;controlsize&quot;:&quot;small&quot;,&quot;array&quot;:false,&quot;maxlength&quot;:10,&quot;format&quot;:&quot;uppercase&quot;,&quot;editable&quot;:false,&quot;required&quot;:true,&quot;columnVisible&quot;:false}},{&quot;elementType&quot;:&quot;field&quot;,&quot;field&quot;:{&quot;name&quot;:&quot;DocRev&quot;,&quot;attribute&quot;:&quot;DocRev&quot;,&quot;control&quot;:&quot;field&quot;,&quot;entity&quot;:&quot;DocDistListHistory&quot;,&quot;label&quot;:&quot;[#[translatesys:Data Field:ApproveDistributedDocs.list.DistributionListUnattended.listcontent.field.DocRev:DocRev:WEB:Document Revision]#]&quot;,&quot;translationKey&quot;:&quot;ApproveDistributedDocs.list.DistributionListUnattended.listcontent.field.DocRev&quot;,&quot;datatype&quot;:&quot;Text&quot;,&quot;controlsize&quot;:&quot;small&quot;,&quot;array&quot;:false,&quot;maxlength&quot;:6,&quot;format&quot;:&quot;uppercase&quot;,&quot;editable&quot;:false,&quot;required&quot;:true,&quot;columnVisible&quot;:false}},{&quot;elementType&quot;:&quot;field&quot;,&quot;field&quot;:{&quot;name&quot;:&quot;DocDistType&quot;,&quot;attribute&quot;:&quot;DocDistType&quot;,&quot;control&quot;:&quot;field&quot;,&quot;entity&quot;:&quot;DocDistListHistory&quot;,&quot;label&quot;:&quot;[#[translatesys:Data Field:ApproveDistributedDocs.list.DistributionListUnattended.listcontent.field.DocDistType:DocDistType:WEB:Distribution Type]#]&quot;,&quot;translationKey&quot;:&quot;ApproveDistributedDocs.list.DistributionListUnattended.listcontent.field.DocDistType&quot;,&quot;datatype&quot;:&quot;Enumeration&quot;,&quot;enumeration&quot;:&quot;DocDistType&quot;,&quot;array&quot;:false,&quot;editable&quot;:false,&quot;required&quot;:true,&quot;columnVisible&quot;:false}}],&quot;fieldranking&quot;:[&quot;ReceiverNote&quot;,&quot;Objstate&quot;],&quot;commands&quot;:[&quot;DistributionListUnattended_ApproveCommand&quot;,&quot;DistributionListUnattended_MarkRead&quot;,&quot;DistributionListUnattended_View&quot;,&quot;DistributionListUnattended_DocumentDetails&quot;,&quot;DistributionListUnattended_AddNote&quot;,&quot;CPEGEN_DistributionListUnattended_Cf_SignDocument&quot;,&quot;CPEGEN_DistributionListUnattended_Cf_SignDocuments(2)&quot;,&quot;CPEGEN_DistributionListUnattended_Cf_SignDocuments(3)&quot;,&quot;CPEGEN_DistributionListUnattended_Cf_SignDocuments&quot;],&quot;commandgroups&quot;:[{&quot;type&quot;:&quot;commandgroup&quot;,&quot;commands&quot;:[&quot;DistributionListUnattended_View&quot;],&quot;content&quot;:[{&quot;type&quot;:&quot;command&quot;,&quot;name&quot;:&quot;DistributionListUnattended_View&quot;}]},{&quot;type&quot;:&quot;commandgroup&quot;,&quot;commands&quot;:[&quot;DistributionListUnattended_DocumentDetails&quot;],&quot;content&quot;:[{&quot;type&quot;:&quot;command&quot;,&quot;name&quot;:&quot;DistributionListUnattended_DocumentDetails&quot;}]},{&quot;type&quot;:&quot;commandgroup&quot;,&quot;commands&quot;:[&quot;DistributionListUnattended_AddNote&quot;],&quot;content&quot;:[{&quot;type&quot;:&quot;command&quot;,&quot;name&quot;:&quot;DistributionListUnattended_AddNote&quot;}]},{&quot;type&quot;:&quot;commandgroup&quot;,&quot;name&quot;:&quot;CPEGEN_CommandGroup&quot;,&quot;label&quot;:&quot;[#[translatesys:Data Field:[UK_Service_Mob].ApproveDistributedDocs.list.DistributionListUnattended.commandgroups.1749028770:commandgroup:CONFIGCLIENT:Command Group]#]&quot;,&quot;content&quot;:[{&quot;type&quot;:&quot;command&quot;,&quot;name&quot;:&quot;CPEGEN_DistributionListUnattended_Cf_SignDocuments&quot;}],&quot;commands&quot;:[&quot;CPEGEN_DistributionListUnattended_Cf_SignDocuments&quot;]}],&quot;@[DIFF]PACKED&quot;:{&quot;content&quot;:{&quot;0&quot;:{&quot;@[DIFF]ID&quot;:&quot;daf5272f641b609c634c9cfba1d87ce779acf116&quot;},&quot;1&quot;:{&quot;@[DIFF]ID&quot;:&quot;fe79cf2d6091b0e8f678dac7da4890c87d0a9ddb&quot;},&quot;2&quot;:{&quot;@[DIFF]ID&quot;:&quot;cd91f25f4e0028320360e6323db134374744e36b&quot;},&quot;3&quot;:{&quot;@[DIFF]ID&quot;:&quot;11c4a25fb31c89c20abec9707c8622452f216238&quot;},&quot;4&quot;:{&quot;@[DIFF]ID&quot;:&quot;d80645483d7980275a4e38bcc77e4ec814b3f449&quot;},&quot;5&quot;:{&quot;field&quot;:{&quot;editable&quot;:{&quot;!=&quot;:{&quot;0&quot;:{&quot;@[DIFF]ID&quot;:&quot;ef73d81b8b038118a23c2af59ce7cb9845a62571&quot;}}}},&quot;@[DIFF]ID&quot;:&quot;93ceebb7e76f7ac560021f1b646e730d5867520b&quot;},&quot;6&quot;:{&quot;@[DIFF]ID&quot;:&quot;6511f2a5a81db81841fda0d141a15b77f14faf4b&quot;},&quot;7&quot;:{&quot;field&quot;:{&quot;emphasis&quot;:{&quot;0&quot;:{&quot;Alert&quot;:{&quot;==&quot;:{&quot;0&quot;:{&quot;@[DIFF]ID&quot;:&quot;69d55341e6fe19996906eda9bf922515af8f3a71&quot;}}},&quot;@[DIFF]ID&quot;:&quot;1fb6152dd6bc753af14c6e844aa25795b57be937&quot;},&quot;1&quot;:{&quot;Neutral&quot;:{&quot;==&quot;:{&quot;0&quot;:{&quot;@[DIFF]ID&quot;:&quot;69d55341e6fe19996906eda9bf922515af8f3a71&quot;}}},&quot;@[DIFF]ID&quot;:&quot;0892bfdd11ad03c5840938e76615ccac07f4a71d&quot;}}},&quot;@[DIFF]ID&quot;:&quot;7f78acce18c22a52ab06ea3e2d85cba5d3a2afe9&quot;},&quot;8&quot;:{&quot;@[DIFF]ID&quot;:&quot;62979010b0a011cfa9a1841f14fd907ea9b76c02&quot;},&quot;9&quot;:{&quot;@[DIFF]ID&quot;:&quot;b3b2f30b914ff436f8ec5b9c02d17ee43e645eb6&quot;},&quot;10&quot;:{&quot;@[DIFF]ID&quot;:&quot;d858a78ffcb4bc9638e6766e1325e239034c1b54&quot;},&quot;11&quot;:{&quot;@[DIFF]ID&quot;:&quot;49a85ecb8f78714521449fffb52636123abd4466&quot;},&quot;12&quot;:{&quot;@[DIFF]ID&quot;:&quot;51c91ee8307002af3e4fecb7a8fb190e8886071f&quot;},&quot;13&quot;:{&quot;@[DIFF]ID&quot;:&quot;39945074da8777683abb54df8366a5a2ce5f5199&quot;},&quot;14&quot;:{&quot;@[DIFF]ID&quot;:&quot;05f3d7346d2aa8a9ba4dfdacea764f0b21f33dd1&quot;}},&quot;commandgroups&quot;:{&quot;0&quot;:{&quot;content&quot;:{&quot;0&quot;:{&quot;@[DIFF]ID&quot;:&quot;cefb68efae55ced0eb7393aa547c45f8dfa64a6a&quot;}},&quot;@[DIFF]ID&quot;:&quot;f2566abfcd6cccbec8658f98d44682528a3e01d8&quot;},&quot;1&quot;:{&quot;content&quot;:{&quot;0&quot;:{&quot;@[DIFF]ID&quot;:&quot;7ddfc863ae22c7ff8584542e32d68f4d374f9192&quot;}},&quot;@[DIFF]ID&quot;:&quot;ddd32cec91b6f4ff8c613a3a4c8437092de13f10&quot;},&quot;2&quot;:{&quot;content&quot;:{&quot;0&quot;:{&quot;@[DIFF]ID&quot;:&quot;60e8a8fbaa88a7db632e5d48b7fc032d0f4c40a5&quot;}},&quot;@[DIFF]ID&quot;:&quot;ce50a73639f33e4eb0be9f03c61a09b5e24c4049&quot;},&quot;3&quot;:{&quot;content&quot;:{&quot;0&quot;:{&quot;@[DIFF]ID&quot;:&quot;07156eb32a356b51be9dcefba37d13d5001c8d0e&quot;}},&quot;@[DIFF]ID&quot;:&quot;c805825a967c0fe59a71572e0f3ebb5a127bf6bf&quot;}}}}</CONTENT>
      </DATA_ROW>
      <DATA_ROW>
        <OBJKEY>C3A655D9E0724165BA582CC348E68D97</OBJKEY>
        <SCOPE_ID>UK_Service_Mob</SCOPE_ID>
        <DATA_ID>page:DocumentDistribution</DATA_ID>
        <ARTIFACT>page</ARTIFACT>
        <NAME>DocumentDistribution</NAME>
        <LINE_NO>99999</LINE_NO>
        <LAYER_NO>2</LAYER_NO>
        <VISIBILITY>Public</VISIBILITY>
        <REFERENCE/>
        <DEPENDENCIES/>
        <CONTENT>{&quot;name&quot;:&quot;DocumentDistribution&quot;,&quot;contextAttributes&quot;:[],&quot;label&quot;:&quot;[#[translatesys:Form Window:ApproveDistributedDocs.page.DocumentDistribution.$this:$this:WEB:My Incoming Documents]#]&quot;,&quot;datasourceProjection&quot;:&quot;ApproveDistributedDocs&quot;,&quot;datasourceEntitySet&quot;:&quot;DocDistListHistorySet&quot;,&quot;entity&quot;:&quot;DocDistListHistory&quot;,&quot;content&quot;:[{&quot;elementType&quot;:&quot;list&quot;,&quot;isReference&quot;:true,&quot;list&quot;:&quot;DistributionListUnattended&quot;,&quot;id&quot;:&quot;DistributionListUnattended&quot;,&quot;datasourceProjection&quot;:&quot;ApproveDistributedDocs&quot;,&quot;datasourceEntitySet&quot;:&quot;UnattendedSet&quot;,&quot;override&quot;:{&quot;label&quot;:&quot;[#[translatesys:Global Data:[UK_Service_Mob].ApproveDistributedDocs.page.DocumentDistribution.content.override.::CONFIGCLIENT:Requires Signature]#]&quot;,&quot;translationKey&quot;:&quot;ApproveDistributedDocs.page.DocumentDistribution.pagecontent.list.DistributionListUnattended&quot;,&quot;preselect&quot;:false}},{&quot;elementType&quot;:&quot;list&quot;,&quot;isReference&quot;:true,&quot;list&quot;:&quot;DistributionListApproved&quot;,&quot;id&quot;:&quot;DistributionListApproved&quot;,&quot;datasourceProjection&quot;:&quot;ApproveDistributedDocs&quot;,&quot;datasourceEntitySet&quot;:&quot;ApproveTodaySet&quot;,&quot;override&quot;:{&quot;label&quot;:&quot;[#[translatesys:Global Data:[UK_Service_Mob].ApproveDistributedDocs.page.DocumentDistribution.content.override.::CONFIGCLIENT:My Signed Documents]#]&quot;,&quot;translationKey&quot;:&quot;ApproveDistributedDocs.page.DocumentDistribution.pagecontent.list.DistributionListApproved&quot;,&quot;collapsed&quot;:true,&quot;preselect&quot;:false}}],&quot;@[DIFF]PACKED&quot;:{&quot;content&quot;:{&quot;0&quot;:{&quot;@[DIFF]ID&quot;:&quot;b2caa8fa97a2c217c76e8343169f947861aa7268&quot;},&quot;1&quot;:{&quot;@[DIFF]ID&quot;:&quot;83a3aca08c9af953b98967bbdd1533307d51ffbd&quot;}}}}</CONTENT>
      </DATA_ROW>
      <DATA_ROW>
        <OBJKEY>F166CFBB50FA4CCC9E65047261A6F4B6</OBJKEY>
        <SCOPE_ID>global</SCOPE_ID>
        <DATA_ID>list:DistributionListUnattended</DATA_ID>
        <ARTIFACT>list</ARTIFACT>
        <NAME>DistributionListUnattended</NAME>
        <LINE_NO>8</LINE_NO>
        <LAYER_NO>2</LAYER_NO>
        <VISIBILITY>Public</VISIBILITY>
        <REFERENCE/>
        <DEPENDENCIES/>
        <CONTENT>{&quot;name&quot;:&quot;DistributionListUnattended&quot;,&quot;label&quot;:&quot;[#[translatesys:Table Window:ApproveDistributedDocs.list.DistributionListUnattended.$this:$this:WEB:Distributed Documents]#]&quot;,&quot;entity&quot;:&quot;DocDistListHistory&quot;,&quot;preselect&quot;:false,&quot;orderby&quot;:[{&quot;DateDistributed&quot;:&quot;desc&quot;}],&quot;card&quot;:&quot;DistributionCard&quot;,&quot;content&quot;:[{&quot;elementType&quot;:&quot;field&quot;,&quot;field&quot;:{&quot;name&quot;:&quot;Title&quot;,&quot;attribute&quot;:&quot;Title&quot;,&quot;control&quot;:&quot;field&quot;,&quot;entity&quot;:&quot;DocDistListHistory&quot;,&quot;label&quot;:&quot;[#[translatesys:Data Field:ApproveDistributedDocs.list.DistributionListUnattended.listcontent.field.Title:Title:WEB:Title]#]&quot;,&quot;translationKey&quot;:&quot;ApproveDistributedDocs.list.DistributionListUnattended.listcontent.field.Title&quot;,&quot;datatype&quot;:&quot;Text&quot;,&quot;controlsize&quot;:&quot;double&quot;,&quot;array&quot;:false,&quot;maxlength&quot;:250,&quot;editable&quot;:false,&quot;required&quot;:true}},{&quot;elementType&quot;:&quot;field&quot;,&quot;field&quot;:{&quot;name&quot;:&quot;EdmFileRef.FileType&quot;,&quot;attribute&quot;:&quot;EdmFileRef.FileType&quot;,&quot;control&quot;:&quot;field&quot;,&quot;entity&quot;:&quot;EdmFileForOriginalFile&quot;,&quot;label&quot;:&quot;[#[translatesys:Data Field:ApproveDistributedDocs.list.DistributionListUnattended.listcontent.field.EdmFileRef$FileType:EdmFileRef$FileType:WEB:File Type]#]&quot;,&quot;translationKey&quot;:&quot;ApproveDistributedDocs.list.DistributionListUnattended.listcontent.field.EdmFileRef$FileType&quot;,&quot;datatype&quot;:&quot;Text&quot;,&quot;array&quot;:false,&quot;maxlength&quot;:30,&quot;format&quot;:&quot;uppercase&quot;,&quot;editable&quot;:false,&quot;required&quot;:true}},{&quot;elementType&quot;:&quot;field&quot;,&quot;field&quot;:{&quot;name&quot;:&quot;Cf_Signer_Name&quot;,&quot;entity&quot;:&quot;DocDistListHistory&quot;,&quot;datatype&quot;:&quot;Text&quot;,&quot;required&quot;:false,&quot;control&quot;:&quot;field&quot;,&quot;label&quot;:&quot;[#[translatesys:Data Field:[global].ApproveDistributedDocs.list.DistributionListUnattended.content.field.Cf_Signer_Name:Cf_Signer_Name:CONFIGCLIENT:Cf_Signer_Name]#]&quot;,&quot;attribute&quot;:&quot;Cf_Signer_Name&quot;,&quot;editable&quot;:true,&quot;maxlength&quot;:100}},{&quot;elementType&quot;:&quot;field&quot;,&quot;field&quot;:{&quot;name&quot;:&quot;DateDistributed&quot;,&quot;attribute&quot;:&quot;DateDistributed&quot;,&quot;control&quot;:&quot;field&quot;,&quot;entity&quot;:&quot;DocDistListHistory&quot;,&quot;label&quot;:&quot;[#[translatesys:Data Field:ApproveDistributedDocs.list.DistributionListUnattended.listcontent.field.DateDistributed:DateDistributed:WEB:Date Distributed]#]&quot;,&quot;translationKey&quot;:&quot;ApproveDistributedDocs.list.DistributionListUnattended.listcontent.field.DateDistributed&quot;,&quot;datatype&quot;:&quot;Timestamp&quot;,&quot;array&quot;:false,&quot;editable&quot;:false,&quot;required&quot;:false}},{&quot;elementType&quot;:&quot;field&quot;,&quot;field&quot;:{&quot;name&quot;:&quot;SenderInfoRef.Name&quot;,&quot;selectAttributes&quot;:[&quot;SenderPerson&quot;],&quot;attribute&quot;:&quot;SenderInfoRef.Name&quot;,&quot;control&quot;:&quot;field&quot;,&quot;entity&quot;:&quot;PersonInfo&quot;,&quot;label&quot;:&quot;[#[translatesys:Data Field:ApproveDistributedDocs.list.DistributionListUnattended.listcontent.field.SenderInfoRef$Name:SenderInfoRef$Name:WEB:Sender]#]&quot;,&quot;translationKey&quot;:&quot;ApproveDistributedDocs.list.DistributionListUnattended.listcontent.field.SenderInfoRef$Name&quot;,&quot;datatype&quot;:&quot;Text&quot;,&quot;array&quot;:false,&quot;maxlength&quot;:100,&quot;editable&quot;:false,&quot;required&quot;:true,&quot;contactWidget&quot;:{&quot;enabled&quot;:true,&quot;source&quot;:{&quot;Person&quot;:true},&quot;key&quot;:&quot;SenderPerson&quot;}}},{&quot;elementType&quot;:&quot;field&quot;,&quot;field&quot;:{&quot;name&quot;:&quot;DistributionNote&quot;,&quot;attribute&quot;:&quot;DistributionNote&quot;,&quot;control&quot;:&quot;field&quot;,&quot;entity&quot;:&quot;DocDistListHistory&quot;,&quot;label&quot;:&quot;[#[translatesys:Data Field:ApproveDistributedDocs.list.DistributionListUnattended.listcontent.field.DistributionNote:DistributionNote:WEB:Sender&apos;s Note]#]&quot;,&quot;translationKey&quot;:&quot;ApproveDistributedDocs.list.DistributionListUnattended.listcontent.field.DistributionNote&quot;,&quot;datatype&quot;:&quot;Text&quot;,&quot;array&quot;:false,&quot;maxlength&quot;:2000,&quot;editable&quot;:false,&quot;required&quot;:false}},{&quot;elementType&quot;:&quot;field&quot;,&quot;field&quot;:{&quot;name&quot;:&quot;ReceiverNote&quot;,&quot;selectAttributes&quot;:[&quot;Objstate&quot;],&quot;attribute&quot;:&quot;ReceiverNote&quot;,&quot;control&quot;:&quot;field&quot;,&quot;entity&quot;:&quot;DocDistListHistory&quot;,&quot;label&quot;:&quot;[#[translatesys:Data Field:ApproveDistributedDocs.list.DistributionListUnattended.listcontent.field.ReceiverNote:ReceiverNote:WEB:Note]#]&quot;,&quot;translationKey&quot;:&quot;ApproveDistributedDocs.list.DistributionListUnattended.listcontent.field.ReceiverNote&quot;,&quot;datatype&quot;:&quot;Text&quot;,&quot;array&quot;:false,&quot;maxlength&quot;:2000,&quot;editable&quot;:{&quot;!=&quot;:[{&quot;var&quot;:&quot;record.Objstate&quot;},&quot;Approved&quot;]},&quot;required&quot;:false}},{&quot;elementType&quot;:&quot;field&quot;,&quot;field&quot;:{&quot;name&quot;:&quot;Cf_Signer_Name&quot;,&quot;entity&quot;:&quot;DocDistListHistory&quot;,&quot;datatype&quot;:&quot;Text&quot;,&quot;required&quot;:false,&quot;control&quot;:&quot;field&quot;,&quot;label&quot;:&quot;[#[translatesys:Data Field:[global].ApproveDistributedDocs.list.DistributionListUnattended.content.field.Cf_Signer_Name:Cf_Signer_Name:CONFIGCLIENT:Signer Name]#]&quot;,&quot;attribute&quot;:&quot;Cf_Signer_Name&quot;,&quot;editable&quot;:true,&quot;maxlength&quot;:100}},{&quot;elementType&quot;:&quot;field&quot;,&quot;field&quot;:{&quot;name&quot;:&quot;DocDistPriority&quot;,&quot;selectAttributes&quot;:[&quot;DocDistPriority&quot;],&quot;attribute&quot;:&quot;DocDistPriority&quot;,&quot;control&quot;:&quot;badge&quot;,&quot;entity&quot;:&quot;DocDistListHistory&quot;,&quot;label&quot;:&quot;[#[translatesys:Data Field:ApproveDistributedDocs.list.DistributionListUnattended.listcontent.badge.DocDistPriority:DocDistPriority:WEB:Priority]#]&quot;,&quot;translationKey&quot;:&quot;ApproveDistributedDocs.list.DistributionListUnattended.listcontent.badge.DocDistPriority&quot;,&quot;style&quot;:&quot;TextOnly&quot;,&quot;datatype&quot;:&quot;Enumeration&quot;,&quot;enumeration&quot;:&quot;DocDistPriority&quot;,&quot;controlsize&quot;:&quot;small&quot;,&quot;emphasis&quot;:[{&quot;Alert&quot;:{&quot;==&quot;:[{&quot;var&quot;:&quot;record.DocDistPriority&quot;},&quot;Urgent&quot;]}},{&quot;Neutral&quot;:{&quot;==&quot;:[{&quot;var&quot;:&quot;record.DocDistPriority&quot;},&quot;Low&quot;]}}],&quot;array&quot;:false,&quot;editable&quot;:true,&quot;required&quot;:true}},{&quot;elementType&quot;:&quot;field&quot;,&quot;field&quot;:{&quot;name&quot;:&quot;DateReceived&quot;,&quot;attribute&quot;:&quot;DateReceived&quot;,&quot;control&quot;:&quot;field&quot;,&quot;entity&quot;:&quot;DocDistListHistory&quot;,&quot;label&quot;:&quot;[#[translatesys:Data Field:ApproveDistributedDocs.list.DistributionListUnattended.listcontent.field.DateReceived:DateReceived:WEB:Date Received]#]&quot;,&quot;translationKey&quot;:&quot;ApproveDistributedDocs.list.DistributionListUnattended.listcontent.field.DateReceived&quot;,&quot;datatype&quot;:&quot;Timestamp&quot;,&quot;array&quot;:false,&quot;editable&quot;:false,&quot;required&quot;:false,&quot;columnVisible&quot;:false}},{&quot;elementType&quot;:&quot;field&quot;,&quot;field&quot;:{&quot;name&quot;:&quot;DocDistMethod&quot;,&quot;attribute&quot;:&quot;DocDistMethod&quot;,&quot;control&quot;:&quot;field&quot;,&quot;entity&quot;:&quot;DocDistListHistory&quot;,&quot;label&quot;:&quot;[#[translatesys:Data Field:ApproveDistributedDocs.list.DistributionListUnattended.listcontent.field.DocDistMethod:DocDistMethod:WEB:Distribution Method]#]&quot;,&quot;translationKey&quot;:&quot;ApproveDistributedDocs.list.DistributionListUnattended.listcontent.field.DocDistMethod&quot;,&quot;datatype&quot;:&quot;Enumeration&quot;,&quot;enumeration&quot;:&quot;DocDistMethod&quot;,&quot;array&quot;:false,&quot;editable&quot;:false,&quot;required&quot;:true}},{&quot;elementType&quot;:&quot;field&quot;,&quot;field&quot;:{&quot;name&quot;:&quot;DocClassDesc&quot;,&quot;attribute&quot;:&quot;DocClassDesc&quot;,&quot;control&quot;:&quot;field&quot;,&quot;entity&quot;:&quot;DocDistListHistory&quot;,&quot;label&quot;:&quot;[#[translatesys:Data Field:ApproveDistributedDocs.list.DistributionListUnattended.listcontent.field.DocClassDesc:DocClassDesc:WEB:Document Class]#]&quot;,&quot;translationKey&quot;:&quot;ApproveDistributedDocs.list.DistributionListUnattended.listcontent.field.DocClassDesc&quot;,&quot;datatype&quot;:&quot;Text&quot;,&quot;controlsize&quot;:&quot;small&quot;,&quot;array&quot;:false,&quot;editable&quot;:false,&quot;required&quot;:false,&quot;columnVisible&quot;:false}},{&quot;elementType&quot;:&quot;field&quot;,&quot;field&quot;:{&quot;name&quot;:&quot;DocNo&quot;,&quot;attribute&quot;:&quot;DocNo&quot;,&quot;control&quot;:&quot;field&quot;,&quot;entity&quot;:&quot;DocDistListHistory&quot;,&quot;label&quot;:&quot;[#[translatesys:Data Field:ApproveDistributedDocs.list.DistributionListUnattended.listcontent.field.DocNo:DocNo:WEB:Document No]#]&quot;,&quot;translationKey&quot;:&quot;ApproveDistributedDocs.list.DistributionListUnattended.listcontent.field.DocNo&quot;,&quot;datatype&quot;:&quot;Text&quot;,&quot;array&quot;:false,&quot;maxlength&quot;:120,&quot;format&quot;:&quot;uppercase&quot;,&quot;editable&quot;:false,&quot;required&quot;:true,&quot;columnVisible&quot;:false}},{&quot;elementType&quot;:&quot;field&quot;,&quot;field&quot;:{&quot;name&quot;:&quot;DocSheet&quot;,&quot;attribute&quot;:&quot;DocSheet&quot;,&quot;control&quot;:&quot;field&quot;,&quot;entity&quot;:&quot;DocDistListHistory&quot;,&quot;label&quot;:&quot;[#[translatesys:Data Field:ApproveDistributedDocs.list.DistributionListUnattended.listcontent.field.DocSheet:DocSheet:WEB:Document Sheet]#]&quot;,&quot;translationKey&quot;:&quot;ApproveDistributedDocs.list.DistributionListUnattended.listcontent.field.DocSheet&quot;,&quot;datatype&quot;:&quot;Text&quot;,&quot;controlsize&quot;:&quot;small&quot;,&quot;array&quot;:false,&quot;maxlength&quot;:10,&quot;format&quot;:&quot;uppercase&quot;,&quot;editable&quot;:false,&quot;required&quot;:true,&quot;columnVisible&quot;:false}},{&quot;elementType&quot;:&quot;field&quot;,&quot;field&quot;:{&quot;name&quot;:&quot;DocRev&quot;,&quot;attribute&quot;:&quot;DocRev&quot;,&quot;control&quot;:&quot;field&quot;,&quot;entity&quot;:&quot;DocDistListHistory&quot;,&quot;label&quot;:&quot;[#[translatesys:Data Field:ApproveDistributedDocs.list.DistributionListUnattended.listcontent.field.DocRev:DocRev:WEB:Document Revision]#]&quot;,&quot;translationKey&quot;:&quot;ApproveDistributedDocs.list.DistributionListUnattended.listcontent.field.DocRev&quot;,&quot;datatype&quot;:&quot;Text&quot;,&quot;controlsize&quot;:&quot;small&quot;,&quot;array&quot;:false,&quot;maxlength&quot;:6,&quot;format&quot;:&quot;uppercase&quot;,&quot;editable&quot;:false,&quot;required&quot;:true,&quot;columnVisible&quot;:false}},{&quot;elementType&quot;:&quot;field&quot;,&quot;field&quot;:{&quot;name&quot;:&quot;DocDistType&quot;,&quot;attribute&quot;:&quot;DocDistType&quot;,&quot;control&quot;:&quot;field&quot;,&quot;entity&quot;:&quot;DocDistListHistory&quot;,&quot;label&quot;:&quot;[#[translatesys:Data Field:ApproveDistributedDocs.list.DistributionListUnattended.listcontent.field.DocDistType:DocDistType:WEB:Distribution Type]#]&quot;,&quot;translationKey&quot;:&quot;ApproveDistributedDocs.list.DistributionListUnattended.listcontent.field.DocDistType&quot;,&quot;datatype&quot;:&quot;Enumeration&quot;,&quot;enumeration&quot;:&quot;DocDistType&quot;,&quot;array&quot;:false,&quot;editable&quot;:false,&quot;required&quot;:true,&quot;columnVisible&quot;:false}}],&quot;fieldranking&quot;:[&quot;ReceiverNote&quot;,&quot;Objstate&quot;],&quot;commands&quot;:[&quot;DistributionListUnattended_ApproveCommand&quot;,&quot;DistributionListUnattended_MarkRead&quot;,&quot;DistributionListUnattended_View&quot;,&quot;DistributionListUnattended_DocumentDetails&quot;,&quot;DistributionListUnattended_AddNote&quot;,&quot;CPEGEN_DistributionListUnattended_Cf_SignDocument&quot;,&quot;CPEGEN_DistributionListUnattended_Cf_SignDocument&quot;,&quot;CPEGEN_DistributionListUnattended_Cf_SignDocument&quot;,&quot;CPEGEN_DistributionListUnattended_Cf_SignDocument&quot;,&quot;CPEGEN_DistributionListUnattended_Cf_SignDocument&quot;,&quot;CPEGEN_DistributionListUnattended_Cf_SignDocuments&quot;,&quot;CPEGEN_DistributionListUnattended_Cf_SignDocuments(1)&quot;],&quot;commandgroups&quot;:[{&quot;type&quot;:&quot;commandgroup&quot;,&quot;commands&quot;:[&quot;DistributionListUnattended_MarkRead&quot;],&quot;content&quot;:[{&quot;type&quot;:&quot;command&quot;,&quot;name&quot;:&quot;DistributionListUnattended_MarkRead&quot;}]},{&quot;type&quot;:&quot;commandgroup&quot;,&quot;commands&quot;:[&quot;DistributionListUnattended_View&quot;],&quot;content&quot;:[{&quot;type&quot;:&quot;command&quot;,&quot;name&quot;:&quot;DistributionListUnattended_View&quot;}]},{&quot;type&quot;:&quot;commandgroup&quot;,&quot;commands&quot;:[&quot;DistributionListUnattended_DocumentDetails&quot;],&quot;content&quot;:[{&quot;type&quot;:&quot;command&quot;,&quot;name&quot;:&quot;DistributionListUnattended_DocumentDetails&quot;}]},{&quot;type&quot;:&quot;commandgroup&quot;,&quot;commands&quot;:[&quot;DistributionListUnattended_AddNote&quot;],&quot;content&quot;:[{&quot;type&quot;:&quot;command&quot;,&quot;name&quot;:&quot;DistributionListUnattended_AddNote&quot;}]},{&quot;type&quot;:&quot;commandgroup&quot;,&quot;name&quot;:&quot;CPEGEN_CommandGroup&quot;,&quot;label&quot;:&quot;[#[translatesys:Data Field:[global].ApproveDistributedDocs.list.DistributionListUnattended.commandgroups.1749028770:commandgroup:CONFIGCLIENT:Command Group]#]&quot;,&quot;content&quot;:[{&quot;type&quot;:&quot;command&quot;,&quot;name&quot;:&quot;CPEGEN_DistributionListUnattended_Cf_SignDocuments&quot;}],&quot;commands&quot;:[&quot;CPEGEN_DistributionListUnattended_Cf_SignDocuments&quot;]},{&quot;type&quot;:&quot;commandgroup&quot;,&quot;name&quot;:&quot;CPEGEN_CommandGroup&quot;,&quot;label&quot;:&quot;[#[translatesys:Data Field:[global].ApproveDistributedDocs.list.DistributionListUnattended.commandgroups.1749028770:commandgroup:CONFIGCLIENT:Command Group]#]&quot;,&quot;content&quot;:[{&quot;type&quot;:&quot;command&quot;,&quot;name&quot;:&quot;CPEGEN_DistributionListUnattended_Cf_SignDocuments(1)&quot;}],&quot;commands&quot;:[&quot;CPEGEN_DistributionListUnattended_Cf_SignDocuments(1)&quot;]}],&quot;@[DIFF]PACKED&quot;:{&quot;content&quot;:{&quot;0&quot;:{&quot;@[DIFF]ID&quot;:&quot;daf5272f641b609c634c9cfba1d87ce779acf116&quot;},&quot;1&quot;:{&quot;@[DIFF]ID&quot;:&quot;fe79cf2d6091b0e8f678dac7da4890c87d0a9ddb&quot;},&quot;2&quot;:{&quot;@[DIFF]ID&quot;:&quot;6511f2a5a81db81841fda0d141a15b77f14faf4b&quot;},&quot;3&quot;:{&quot;@[DIFF]ID&quot;:&quot;cd91f25f4e0028320360e6323db134374744e36b&quot;},&quot;4&quot;:{&quot;@[DIFF]ID&quot;:&quot;11c4a25fb31c89c20abec9707c8622452f216238&quot;},&quot;5&quot;:{&quot;@[DIFF]ID&quot;:&quot;d80645483d7980275a4e38bcc77e4ec814b3f449&quot;},&quot;6&quot;:{&quot;field&quot;:{&quot;editable&quot;:{&quot;!=&quot;:{&quot;0&quot;:{&quot;@[DIFF]ID&quot;:&quot;ef73d81b8b038118a23c2af59ce7cb9845a62571&quot;}}}},&quot;@[DIFF]ID&quot;:&quot;93ceebb7e76f7ac560021f1b646e730d5867520b&quot;},&quot;7&quot;:{&quot;@[DIFF]ID&quot;:&quot;337bfcbf369d6d80ef9cd0771dc39c764d6ab31b&quot;},&quot;8&quot;:{&quot;field&quot;:{&quot;emphasis&quot;:{&quot;0&quot;:{&quot;Alert&quot;:{&quot;==&quot;:{&quot;0&quot;:{&quot;@[DIFF]ID&quot;:&quot;69d55341e6fe19996906eda9bf922515af8f3a71&quot;}}},&quot;@[DIFF]ID&quot;:&quot;1fb6152dd6bc753af14c6e844aa25795b57be937&quot;},&quot;1&quot;:{&quot;Neutral&quot;:{&quot;==&quot;:{&quot;0&quot;:{&quot;@[DIFF]ID&quot;:&quot;69d55341e6fe19996906eda9bf922515af8f3a71&quot;}}},&quot;@[DIFF]ID&quot;:&quot;0892bfdd11ad03c5840938e76615ccac07f4a71d&quot;}}},&quot;@[DIFF]ID&quot;:&quot;7f78acce18c22a52ab06ea3e2d85cba5d3a2afe9&quot;},&quot;9&quot;:{&quot;@[DIFF]ID&quot;:&quot;62979010b0a011cfa9a1841f14fd907ea9b76c02&quot;},&quot;10&quot;:{&quot;@[DIFF]ID&quot;:&quot;b3b2f30b914ff436f8ec5b9c02d17ee43e645eb6&quot;},&quot;11&quot;:{&quot;@[DIFF]ID&quot;:&quot;d858a78ffcb4bc9638e6766e1325e239034c1b54&quot;},&quot;12&quot;:{&quot;@[DIFF]ID&quot;:&quot;49a85ecb8f78714521449fffb52636123abd4466&quot;},&quot;13&quot;:{&quot;@[DIFF]ID&quot;:&quot;51c91ee8307002af3e4fecb7a8fb190e8886071f&quot;},&quot;14&quot;:{&quot;@[DIFF]ID&quot;:&quot;39945074da8777683abb54df8366a5a2ce5f5199&quot;},&quot;15&quot;:{&quot;@[DIFF]ID&quot;:&quot;05f3d7346d2aa8a9ba4dfdacea764f0b21f33dd1&quot;}},&quot;commandgroups&quot;:{&quot;0&quot;:{&quot;content&quot;:{&quot;0&quot;:{&quot;@[DIFF]ID&quot;:&quot;8a256a3e176fec7f529f10f121a4a14b1c7c09e9&quot;}},&quot;@[DIFF]ID&quot;:&quot;a4eba7cce374e8429e7d4daab222445b02a1ad52&quot;},&quot;1&quot;:{&quot;content&quot;:{&quot;0&quot;:{&quot;@[DIFF]ID&quot;:&quot;cefb68efae55ced0eb7393aa547c45f8dfa64a6a&quot;}},&quot;@[DIFF]ID&quot;:&quot;f2566abfcd6cccbec8658f98d44682528a3e01d8&quot;},&quot;2&quot;:{&quot;content&quot;:{&quot;0&quot;:{&quot;@[DIFF]ID&quot;:&quot;7ddfc863ae22c7ff8584542e32d68f4d374f9192&quot;}},&quot;@[DIFF]ID&quot;:&quot;ddd32cec91b6f4ff8c613a3a4c8437092de13f10&quot;},&quot;3&quot;:{&quot;content&quot;:{&quot;0&quot;:{&quot;@[DIFF]ID&quot;:&quot;60e8a8fbaa88a7db632e5d48b7fc032d0f4c40a5&quot;}},&quot;@[DIFF]ID&quot;:&quot;ce50a73639f33e4eb0be9f03c61a09b5e24c4049&quot;},&quot;4&quot;:{&quot;content&quot;:{&quot;0&quot;:{&quot;@[DIFF]ID&quot;:&quot;07156eb32a356b51be9dcefba37d13d5001c8d0e&quot;}},&quot;@[DIFF]ID&quot;:&quot;c805825a967c0fe59a71572e0f3ebb5a127bf6bf&quot;}}}}</CONTENT>
      </DATA_ROW>
      <DATA_ROW>
        <OBJKEY>C11588A6454443108C83855CBCCDAEC6</OBJKEY>
        <SCOPE_ID>global</SCOPE_ID>
        <DATA_ID>page:DocumentDistribution</DATA_ID>
        <ARTIFACT>page</ARTIFACT>
        <NAME>DocumentDistribution</NAME>
        <LINE_NO>11</LINE_NO>
        <LAYER_NO>2</LAYER_NO>
        <VISIBILITY>Public</VISIBILITY>
        <REFERENCE/>
        <DEPENDENCIES/>
        <CONTENT>{&quot;name&quot;:&quot;DocumentDistribution&quot;,&quot;contextAttributes&quot;:[],&quot;label&quot;:&quot;[#[translatesys:Form Window:ApproveDistributedDocs.page.DocumentDistribution.$this:$this:WEB:My Incoming Documents]#]&quot;,&quot;datasourceProjection&quot;:&quot;ApproveDistributedDocs&quot;,&quot;datasourceEntitySet&quot;:&quot;DocDistListHistorySet&quot;,&quot;entity&quot;:&quot;DocDistListHistory&quot;,&quot;content&quot;:[{&quot;elementType&quot;:&quot;list&quot;,&quot;isReference&quot;:true,&quot;list&quot;:&quot;DistributionListUnattended&quot;,&quot;id&quot;:&quot;DistributionListUnattended&quot;,&quot;datasourceProjection&quot;:&quot;ApproveDistributedDocs&quot;,&quot;datasourceEntitySet&quot;:&quot;UnattendedSet&quot;,&quot;override&quot;:{&quot;label&quot;:&quot;[#[translatesys:Global Data:[global].ApproveDistributedDocs.page.DocumentDistribution.content.override.::CONFIGCLIENT:Requires Signature]#]&quot;,&quot;translationKey&quot;:&quot;ApproveDistributedDocs.page.DocumentDistribution.pagecontent.list.DistributionListUnattended&quot;,&quot;preselect&quot;:false}},{&quot;elementType&quot;:&quot;list&quot;,&quot;isReference&quot;:true,&quot;list&quot;:&quot;DistributionListRead&quot;,&quot;id&quot;:&quot;DistributionListRead&quot;,&quot;datasourceProjection&quot;:&quot;ApproveDistributedDocs&quot;,&quot;datasourceEntitySet&quot;:&quot;MarkAsReadSet&quot;,&quot;override&quot;:{&quot;label&quot;:&quot;[#[translatesys:Table Window:ApproveDistributedDocs.page.DocumentDistribution.pagecontent.list.DistributionListRead:DistributionListRead:WEB:Mark as Read]#]&quot;,&quot;translationKey&quot;:&quot;ApproveDistributedDocs.page.DocumentDistribution.pagecontent.list.DistributionListRead&quot;,&quot;collapsed&quot;:true,&quot;preselect&quot;:false,&quot;visible&quot;:false}},{&quot;elementType&quot;:&quot;list&quot;,&quot;isReference&quot;:true,&quot;list&quot;:&quot;DistributionListApproved&quot;,&quot;id&quot;:&quot;DistributionListApproved&quot;,&quot;datasourceProjection&quot;:&quot;ApproveDistributedDocs&quot;,&quot;datasourceEntitySet&quot;:&quot;ApproveTodaySet&quot;,&quot;override&quot;:{&quot;label&quot;:&quot;[#[translatesys:Global Data:[global].ApproveDistributedDocs.page.DocumentDistribution.content.override.::CONFIGCLIENT:My Signed Documents]#]&quot;,&quot;translationKey&quot;:&quot;ApproveDistributedDocs.page.DocumentDistribution.pagecontent.list.DistributionListApproved&quot;,&quot;collapsed&quot;:true,&quot;preselect&quot;:false}}],&quot;@[DIFF]PACKED&quot;:{&quot;content&quot;:{&quot;0&quot;:{&quot;@[DIFF]ID&quot;:&quot;b2caa8fa97a2c217c76e8343169f947861aa7268&quot;},&quot;1&quot;:{&quot;@[DIFF]ID&quot;:&quot;e98b0d3bff306b03b8a88dcd0b38bc2e00d689b5&quot;},&quot;2&quot;:{&quot;@[DIFF]ID&quot;:&quot;83a3aca08c9af953b98967bbdd1533307d51ffbd&quot;}}}}</CONTENT>
      </DATA_ROW>
    </DATA>
  </WEB_PAGE_BUNDLE>
</CUSTOM_OBJECT>
