<?xml version="1.0"?>
<APPLICATION_CONFIGURATION>
  <EXPORT_DEF_VERSION>1</EXPORT_DEF_VERSION>
  <PACKAGE_ID>A3C3C8462F094CC685B305755F89CF27</PACKAGE_ID>
  <NAME>EA_WAREHOUSE</NAME>
  <DESCRIPTION>This package contains the custom objects related to following CRIMs;
 - C0451
 - C0452
 - C0463
 - C0575
 - C0601</DESCRIPTION>
  <AUTHOR>Tunstall Group Holdings Limited</AUTHOR>
  <VERSION>V4</VERSION>
  <VERSION_TIME_STAMP>2021-07-12-04.45.06</VERSION_TIME_STAMP>
  <ORIGIN>TUGRPPR-307544-MC-TUGRPPR-APPS10</ORIGIN>
  <LAST_MODIFIED_DATE>2021-07-12-04.20.53</LAST_MODIFIED_DATE>
  <ITEMS>
    <ITEMS_ROW>
      <NAME>Delivery Control Code</NAME>
      <TYPE>CF_READ_ONLY</TYPE>
      <DESCRIPTION>C0451 - 05/01/2021 Kevin Douglas</DESCRIPTION>
      <FILENAME>CustomFieldReadOnly-PurchaseOrderLine-DELIVERY_CONTROL_CODE.xml</FILENAME>
    </ITEMS_ROW>
    <ITEMS_ROW>
      <NAME>SM2 Location No</NAME>
      <TYPE>CF_PERSISTENT</TYPE>
      <DESCRIPTION>CRIM 601 - EA</DESCRIPTION>
      <FILENAME>CustomFieldPersistent-InventoryPartDefLoc-LOCATION_NO_2.xml</FILENAME>
    </ITEMS_ROW>
    <ITEMS_ROW>
      <NAME>SM2 Warehouse</NAME>
      <TYPE>CF_READ_ONLY</TYPE>
      <DESCRIPTION>CRIM 601 - EA</DESCRIPTION>
      <FILENAME>CustomFieldReadOnly-InventoryPartDefLoc-WAREHOUSE_2.xml</FILENAME>
    </ITEMS_ROW>
    <ITEMS_ROW>
      <NAME>SM1 Bay</NAME>
      <TYPE>CF_READ_ONLY</TYPE>
      <DESCRIPTION>CRIM 601 - EA</DESCRIPTION>
      <FILENAME>CustomFieldReadOnly-InventoryPartDefLoc-BAY.xml</FILENAME>
    </ITEMS_ROW>
    <ITEMS_ROW>
      <NAME>Proc Spec Info</NAME>
      <TYPE>CF_READ_ONLY</TYPE>
      <DESCRIPTION>C0280 - Prageeth Gangabada</DESCRIPTION>
      <FILENAME>CustomFieldReadOnly-ReceiptInfo-PROC_SPEC_INFO.xml</FILENAME>
    </ITEMS_ROW>
    <ITEMS_ROW>
      <NAME>SM2 Row</NAME>
      <TYPE>CF_READ_ONLY</TYPE>
      <DESCRIPTION>CRIM 601- EA</DESCRIPTION>
      <FILENAME>CustomFieldReadOnly-InventoryPartDefLoc-ROW_2.xml</FILENAME>
    </ITEMS_ROW>
    <ITEMS_ROW>
      <NAME>SM2 Location Group</NAME>
      <TYPE>CF_READ_ONLY</TYPE>
      <DESCRIPTION>CRIM 601 - EA</DESCRIPTION>
      <FILENAME>CustomFieldReadOnly-InventoryPartDefLoc-LOCATION_GROUP_2.xml</FILENAME>
    </ITEMS_ROW>
    <ITEMS_ROW>
      <NAME>Goods In Receiver</NAME>
      <TYPE>CF_READ_ONLY</TYPE>
      <DESCRIPTION>CRIM 575 - EA_WAREHOUSE</DESCRIPTION>
      <FILENAME>CustomFieldReadOnly-ReceiptInfo-GOODS_IN_RECEIVER.xml</FILENAME>
    </ITEMS_ROW>
    <ITEMS_ROW>
      <NAME>Notes</NAME>
      <TYPE>CF_READ_ONLY</TYPE>
      <DESCRIPTION/>
      <FILENAME>CustomFieldReadOnly-ReceiptInfo-NOTE_TEXT.xml</FILENAME>
    </ITEMS_ROW>
    <ITEMS_ROW>
      <NAME>SM2 Location Type</NAME>
      <TYPE>CF_READ_ONLY</TYPE>
      <DESCRIPTION>CRIM 601 - EA</DESCRIPTION>
      <FILENAME>CustomFieldReadOnly-InventoryPartDefLoc-LOCATION_TYPE_2.xml</FILENAME>
    </ITEMS_ROW>
    <ITEMS_ROW>
      <NAME>Delivery Cont Code Des</NAME>
      <TYPE>CF_READ_ONLY</TYPE>
      <DESCRIPTION>C0451 - 05/01/2021 Kevin Douglas</DESCRIPTION>
      <FILENAME>CustomFieldReadOnly-PurchaseOrderLine-DELIVERY_CONT_CODE_DES.xml</FILENAME>
    </ITEMS_ROW>
    <ITEMS_ROW>
      <NAME>SM1 Location No</NAME>
      <TYPE>CF_PERSISTENT</TYPE>
      <DESCRIPTION>CRIM 601 - EA</DESCRIPTION>
      <FILENAME>CustomFieldPersistent-InventoryPartDefLoc-LOCATION_NO.xml</FILENAME>
    </ITEMS_ROW>
    <ITEMS_ROW>
      <NAME>SM1 Location Group</NAME>
      <TYPE>CF_READ_ONLY</TYPE>
      <DESCRIPTION>CRIM 601 - EA</DESCRIPTION>
      <FILENAME>CustomFieldReadOnly-InventoryPartDefLoc-LOCATION_GROUP.xml</FILENAME>
    </ITEMS_ROW>
    <ITEMS_ROW>
      <NAME>SM1 Bin</NAME>
      <TYPE>CF_READ_ONLY</TYPE>
      <DESCRIPTION>CRIM 601 - EA</DESCRIPTION>
      <FILENAME>CustomFieldReadOnly-InventoryPartDefLoc-BIN.xml</FILENAME>
    </ITEMS_ROW>
    <ITEMS_ROW>
      <NAME>SM2 Bay</NAME>
      <TYPE>CF_READ_ONLY</TYPE>
      <DESCRIPTION>CRIM 601 - EA</DESCRIPTION>
      <FILENAME>CustomFieldReadOnly-InventoryPartDefLoc-BAY_2.xml</FILENAME>
    </ITEMS_ROW>
    <ITEMS_ROW>
      <NAME>SM1 Location Type</NAME>
      <TYPE>CF_READ_ONLY</TYPE>
      <DESCRIPTION>CRIM 601 - EA</DESCRIPTION>
      <FILENAME>CustomFieldReadOnly-InventoryPartDefLoc-LOCATION_TYPE.xml</FILENAME>
    </ITEMS_ROW>
    <ITEMS_ROW>
      <NAME>Default Location</NAME>
      <TYPE>CF_READ_ONLY</TYPE>
      <DESCRIPTION>C0533 - Prageeth Gangabada</DESCRIPTION>
      <FILENAME>CustomFieldReadOnly-ReceiptInfo-DEFAULT_LOCATION.xml</FILENAME>
    </ITEMS_ROW>
    <ITEMS_ROW>
      <NAME>HU_RECEIVING_OPERATOR</NAME>
      <TYPE>CUSTOM_EVENT</TYPE>
      <DESCRIPTION>To check whether the selected off loader name is a connected user in the warehouse.</DESCRIPTION>
      <FILENAME>CustomEvent-GoodsInOffLoad-HU_RECEIVING_OPERATOR.xml</FILENAME>
    </ITEMS_ROW>
    <ITEMS_ROW>
      <NAME>SM1 Warehouse</NAME>
      <TYPE>CF_READ_ONLY</TYPE>
      <DESCRIPTION>CRIM 601 - EA</DESCRIPTION>
      <FILENAME>CustomFieldReadOnly-InventoryPartDefLoc-WAREHOUSE.xml</FILENAME>
    </ITEMS_ROW>
    <ITEMS_ROW>
      <NAME>PRINT_CONTROLS</NAME>
      <TYPE>CUSTOM_EVENT</TYPE>
      <DESCRIPTION>To get the print ocntrols in the Goods In Off Load Tab in HU Window</DESCRIPTION>
      <FILENAME>CustomEvent-GoodsInOffLoad-PRINT_CONTROLS.xml</FILENAME>
    </ITEMS_ROW>
    <ITEMS_ROW>
      <NAME>SM2 Bin</NAME>
      <TYPE>CF_READ_ONLY</TYPE>
      <DESCRIPTION>CRIM 601 - EA</DESCRIPTION>
      <FILENAME>CustomFieldReadOnly-InventoryPartDefLoc-BIN_2.xml</FILENAME>
    </ITEMS_ROW>
    <ITEMS_ROW>
      <NAME>Notes</NAME>
      <TYPE>CF_READ_ONLY</TYPE>
      <DESCRIPTION>C0280 - Prageeth Gangabada</DESCRIPTION>
      <FILENAME>CustomFieldReadOnly-InventoryPart-INFO_TEXT.xml</FILENAME>
    </ITEMS_ROW>
    <ITEMS_ROW>
      <NAME>1^PRINT_CONTROLS^GoodsInOffLoad</NAME>
      <TYPE>CUSTOM_EVENT_ACTION</TYPE>
      <DESCRIPTION>To get the print control</DESCRIPTION>
      <FILENAME>CustomEventAction-GoodsInOffLoad-PRINT_CONTROLS-1-EXECUTEONLINESQL.xml</FILENAME>
    </ITEMS_ROW>
    <ITEMS_ROW>
      <NAME>Proc Spec Info</NAME>
      <TYPE>CF_READ_ONLY</TYPE>
      <DESCRIPTION>C0280 - Prageeth Gangabada</DESCRIPTION>
      <FILENAME>CustomFieldReadOnly-InventoryPart-PROC_SPEC_INFO.xml</FILENAME>
    </ITEMS_ROW>
    <ITEMS_ROW>
      <NAME>0^HU_RECEIVING_OPERATOR^GoodsInOffLoad</NAME>
      <TYPE>CUSTOM_EVENT_ACTION</TYPE>
      <DESCRIPTION>To check whether the selected off loader name is a connected user in the warehouse.</DESCRIPTION>
      <FILENAME>CustomEventAction-GoodsInOffLoad-HU_RECEIVING_OPERATOR-0-EXECUTEONLINESQL.xml</FILENAME>
    </ITEMS_ROW>
    <ITEMS_ROW>
      <NAME>HU_OFF_LOADER_NAME</NAME>
      <TYPE>CUSTOM_EVENT</TYPE>
      <DESCRIPTION>To get the user who register arrivals the dialog box that states receiver</DESCRIPTION>
      <FILENAME>CustomEvent-ReceiptInvLocation-HU_OFF_LOADER_NAME.xml</FILENAME>
    </ITEMS_ROW>
    <ITEMS_ROW>
      <NAME>SM1 Tier</NAME>
      <TYPE>CF_READ_ONLY</TYPE>
      <DESCRIPTION>CRIM 601 - EA</DESCRIPTION>
      <FILENAME>CustomFieldReadOnly-InventoryPartDefLoc-TIER.xml</FILENAME>
    </ITEMS_ROW>
    <ITEMS_ROW>
      <NAME>SM2 Tier</NAME>
      <TYPE>CF_READ_ONLY</TYPE>
      <DESCRIPTION>CRIM 601 - EA</DESCRIPTION>
      <FILENAME>CustomFieldReadOnly-InventoryPartDefLoc-TIER_2.xml</FILENAME>
    </ITEMS_ROW>
    <ITEMS_ROW>
      <NAME>SM1 Row</NAME>
      <TYPE>CF_READ_ONLY</TYPE>
      <DESCRIPTION>CRIM 601 - EA
</DESCRIPTION>
      <FILENAME>CustomFieldReadOnly-InventoryPartDefLoc-ROW.xml</FILENAME>
    </ITEMS_ROW>
    <ITEMS_ROW>
      <NAME>Proc Spec Info</NAME>
      <TYPE>CF_PERSISTENT</TYPE>
      <DESCRIPTION>C0280 - Prageeth Gangabda</DESCRIPTION>
      <FILENAME>CustomFieldPersistent-PartCatalog-PROC_SPEC_INFO.xml</FILENAME>
    </ITEMS_ROW>
    <ITEMS_ROW>
      <NAME>Delivery Control Code Desc</NAME>
      <TYPE>CF_READ_ONLY</TYPE>
      <DESCRIPTION>C0452 - Prageeth Gangabada</DESCRIPTION>
      <FILENAME>CustomFieldReadOnly-ReceiptInfo-DEL_CONTROL_CODE_DESC.xml</FILENAME>
    </ITEMS_ROW>
    <ITEMS_ROW>
      <NAME>Delivery Control Code</NAME>
      <TYPE>CF_READ_ONLY</TYPE>
      <DESCRIPTION>C0452 - 06/01/2021 Kevin Douglas</DESCRIPTION>
      <FILENAME>CustomFieldReadOnly-ReceiptInfo-DELIVERY_CONTROL_CODE.xml</FILENAME>
    </ITEMS_ROW>
    <ITEMS_ROW>
      <NAME>0^HU_OFF_LOADER_NAME^ReceiptInvLocation</NAME>
      <TYPE>CUSTOM_EVENT_ACTION</TYPE>
      <DESCRIPTION>To get the receiving user based on receipt info</DESCRIPTION>
      <FILENAME>CustomEventAction-ReceiptInvLocation-HU_OFF_LOADER_NAME-0-EXECUTEONLINESQL.xml</FILENAME>
    </ITEMS_ROW>
    <ITEMS_ROW>
      <NAME>Handling Unit...</NAME>
      <TYPE>CUSTOM_MENU</TYPE>
      <DESCRIPTION>To navigate to Handling Unit Window</DESCRIPTION>
      <FILENAME>CustomMenu-frmHandlingUnitsInStock.tblHandlingUnits-95610.xml</FILENAME>
    </ITEMS_ROW>
  </ITEMS>
  <ADDITIONAL_ITEMS>
    <ADDITIONAL_ITEM>
      <NAME>Views-InventoryPart</NAME>
      <TYPE>CF_VIEWS</TYPE>
      <DESCRIPTION>Views Files for InventoryPart</DESCRIPTION>
      <FILENAME>CustomFieldViews-InventoryPart.xml</FILENAME>
    </ADDITIONAL_ITEM>
    <ADDITIONAL_ITEM>
      <NAME>Views-InventoryPartDefLoc</NAME>
      <TYPE>CF_VIEWS</TYPE>
      <DESCRIPTION>Views Files for InventoryPartDefLoc</DESCRIPTION>
      <FILENAME>CustomFieldViews-InventoryPartDefLoc.xml</FILENAME>
    </ADDITIONAL_ITEM>
    <ADDITIONAL_ITEM>
      <NAME>Views-PartCatalog</NAME>
      <TYPE>CF_VIEWS</TYPE>
      <DESCRIPTION>Views Files for PartCatalog</DESCRIPTION>
      <FILENAME>CustomFieldViews-PartCatalog.xml</FILENAME>
    </ADDITIONAL_ITEM>
    <ADDITIONAL_ITEM>
      <NAME>Views-PurchaseOrderLine</NAME>
      <TYPE>CF_VIEWS</TYPE>
      <DESCRIPTION>Views Files for PurchaseOrderLine</DESCRIPTION>
      <FILENAME>CustomFieldViews-PurchaseOrderLine.xml</FILENAME>
    </ADDITIONAL_ITEM>
    <ADDITIONAL_ITEM>
      <NAME>Views-ReceiptInfo</NAME>
      <TYPE>CF_VIEWS</TYPE>
      <DESCRIPTION>Views Files for ReceiptInfo</DESCRIPTION>
      <FILENAME>CustomFieldViews-ReceiptInfo.xml</FILENAME>
    </ADDITIONAL_ITEM>
  </ADDITIONAL_ITEMS>
</APPLICATION_CONFIGURATION>
