<?xml version="1.0"?>
<CUSTOM_OBJECT>
  <NAME>1^PRINT_CONTROLS^GoodsInOffLoad</NAME>
  <TYPE>CUSTOM_EVENT_ACTION</TYPE>
  <DESCRIPTION>To get the print control</DESCRIPTION>
  <CUSTOM_EVENT_ACTION EXPORT_DEF_VERSION="2">
    <EVENT_LU_NAME>GoodsInOffLoad</EVENT_LU_NAME>
    <EVENT_ID>PRINT_CONTROLS</EVENT_ID>
    <ACTION_NUMBER>1</ACTION_NUMBER>
    <ACTION_ENABLE>TRUE</ACTION_ENABLE>
    <ACTION_PARAMETERS>!FNDSER.EVENT_ACTION_PARAM
$SQL=DECLARE
-
-  objid_          VARCHAR2(2000);
-  info_           VARCHAR2(3200);
-  objversion_    VARCHAR2(2000);
-  attr_           VARCHAR2(3200);
-  label_count_    NUMBER;
-
-  CURSOR get_hu_id_details IS	
-    SELECT objid, objversion
-      FROM HANDLING_UNIT
-     WHERE handling_unit_id = &apos;&amp;NEW:CF$_H_ID&apos;;
-
-BEGIN
-
-  OPEN get_hu_id_details;
-  FETCH get_hu_id_details
-    INTO objid_, objversion_;
-  CLOSE get_hu_id_details;
-
-  IF (objid_ is not null and objversion_ is not null and &apos;&amp;NEW:CF$_PRINT_LABEL&apos; is not null and &apos;&amp;NEW:CF$_PRINT_SHIPMENT_LABEL&apos; is not null and &apos;&amp;NEW:CF$_PRINT_CONTENT_LABEL&apos; is not null ) THEN
-    label_count_ :=  &apos;&amp;NEW:CF$_NUMBEROFPALLETS&apos; +  &apos;&amp;NEW:CF$_NUMBEROFPARCELS&apos; + 1;
-    Client_SYS.Clear_Attr(attr_);
-    Client_Sys.Add_To_Attr(&apos;PRINT_LABEL_DB&apos;, &apos;&amp;NEW:CF$_PRINT_LABEL&apos;, attr_);
-    Client_Sys.Add_To_Attr(&apos;PRINT_CONTENT_LABEL_DB&apos;, &apos;&amp;NEW:CF$_PRINT_CONTENT_LABEL&apos;, attr_);
-    Client_Sys.Add_To_Attr(&apos;PRINT_SHIPMENT_LABEL_DB&apos;, &apos;&amp;NEW:CF$_PRINT_SHIPMENT_LABEL&apos;, attr_);
-    Client_Sys.Add_To_Attr(&apos;NO_OF_HANDLING_UNIT_LABELS&apos;,  label_count_, attr_);
-    Client_Sys.Add_To_Attr(&apos;NO_OF_CONTENT_LABELS&apos;,  label_count_, attr_);
-    Client_Sys.Add_To_Attr(&apos;NO_OF_SHIPMENT_LABELS&apos;,  label_count_, attr_);
-    HANDLING_UNIT_API.Modify__(info_, objid_, objversion_, attr_, &apos;DO&apos;);
-  END IF;
-
-END; 
$ATTACH=!ATTACHMENTS
</ACTION_PARAMETERS>
    <FND_EVENT_ACTION_TYPE_DB>EXECUTEONLINESQL</FND_EVENT_ACTION_TYPE_DB>
    <CONDITION_TYPE>!EVENT_ACTION_COND_TYPE
$NEW:CF$_H_ID=
$NEW:CF$_NUMBEROFPALLETS=
$NEW:CF$_NUMBEROFPARCELS=
$NEW:CF$_PRINT_CONTENT_LABEL=
$NEW:CF$_PRINT_LABEL=
$NEW:CF$_PRINT_SHIPMENT_LABEL=
</CONDITION_TYPE>
    <CONDITION_VALUE>!EVENT_ACTION_COND_VALUE
$NEW:CF$_H_ID=
$NEW:CF$_NUMBEROFPALLETS=
$NEW:CF$_NUMBEROFPARCELS=
$NEW:CF$_PRINT_CONTENT_LABEL=
$NEW:CF$_PRINT_LABEL=
$NEW:CF$_PRINT_SHIPMENT_LABEL=
</CONDITION_VALUE>
    <DESCRIPTION>To get the print control</DESCRIPTION>
    <SUBSCRIBABLE>FALSE</SUBSCRIBABLE>
    <SYSTEM_DEFINED>FALSE</SYSTEM_DEFINED>
    <ROLE/>
    <DEFINITION_MODIFIED_DATE>2021-03-08-03.49.53</DEFINITION_MODIFIED_DATE>
    <OBJKEY>B4505247A8994AD2802EBD59075ED12A</OBJKEY>
  </CUSTOM_EVENT_ACTION>
</CUSTOM_OBJECT>
