<?xml version="1.0"?>
<CUSTOM_OBJECT>
  <NAME>Receipt...</NAME>
  <TYPE>CUSTOM_MENU</TYPE>
  <DESCRIPTION>02/02/2021- C0504 - Prageeth Gangabada</DESCRIPTION>
  <CUSTOM_MENU EXPORT_DEF_VERSION="1">
    <MENU_ID>366633</MENU_ID>
    <DESCRIPTION>02/02/2021- C0504 - Prageeth Gangabada</DESCRIPTION>
    <WINDOW>tbwHUReceiptInvLocUnattached</WINDOW>
    <PROCESS>NONE</PROCESS>
    <ORDERING>3</ORDERING>
    <PARAMETER>frmReceiptInfo_Ext</PARAMETER>
    <CUSTOM_MENU_TYPE_DB>2</CUSTOM_MENU_TYPE_DB>
    <BUNDLE_EXECUTION_DB>FALSE</BUNDLE_EXECUTION_DB>
    <PO_ID>frmReceiptInfo_Ext</PO_ID>
    <ENABLED_WHEN/>
    <REFRESH_UI>FALSE</REFRESH_UI>
    <EXPORT_DATE>2021-06-07-11.31.10</EXPORT_DATE>
    <DEFINITION_MODIFIED_DATE>2021-02-17-06.03.27</DEFINITION_MODIFIED_DATE>
    <OBJVERSION>20210329104205</OBJVERSION>
    <OBJKEY>E01F26D61FB5479292D5C123746345AA</OBJKEY>
    <TEXTS>
      <TEXTS_ROW>
        <LANGUAGE_CODE>en</LANGUAGE_CODE>
        <TITLE>Receipt...</TITLE>
        <OBJKEY>ABFEBC2F277F4C898EEEA01C3A10F990</OBJKEY>
      </TEXTS_ROW>
    </TEXTS>
    <KEY_TRANSLATIONS>
      <KEY_TRANSLATIONS_ROW>
        <ID>1</ID>
        <SOURCE_KEY_NAME>RECEIPT_SEQUENCE</SOURCE_KEY_NAME>
        <DEST_KEY_NAME>RECEIPT_SEQUENCE</DEST_KEY_NAME>
        <OBJKEY>0DCCA99D8F384BA5B01F6D53B382B80E</OBJKEY>
      </KEY_TRANSLATIONS_ROW>
    </KEY_TRANSLATIONS>
    <EXPANDABLE_PARAMETERS>
  </EXPANDABLE_PARAMETERS>
  </CUSTOM_MENU>
</CUSTOM_OBJECT>
