<?xml version="1.0"?>
<CUSTOM_OBJECT>
  <NAME>Views -Part Catalog</NAME>
  <TYPE>CF_VIEWS</TYPE>
  <DESCRIPTION>Custom Field Views of Logical Unit Part Catalog</DESCRIPTION>
  <CUSTOM_FIELD_VIEWS EXPORT_DEF_VERSION="1">
    <LU>PartCatalog</LU>
    <TABLE_NAME>PART_CATALOG_CFT</TABLE_NAME>
    <VIEW_NAME>PART_CATALOG_CFV</VIEW_NAME>
    <PACKAGE_NAME>PART_CATALOG_CFP</PACKAGE_NAME>
    <DEFINITION_MODIFIED_DATE>2020-09-15-10.45.02</DEFINITION_MODIFIED_DATE>
    <EXPORT_DATE>2021-07-23-07.17.06</EXPORT_DATE>
    <USED_DB>TRUE</USED_DB>
    <ROWKEY>A51DC85D351B477BA2D1B03883468E2A</ROWKEY>
    <CUSTOM_FIELD_VIEW>
      <CUSTOM_FIELD_VIEW_ROW>
        <VIEW_NAME>PART_CATALOG_GTIN_LOV</VIEW_NAME>
        <CF_VIEW_NAME>PART_CATALOG_GTIN_LOV_CFV</CF_VIEW_NAME>
        <USED_DB>FALSE</USED_DB>
        <ROWKEY>6F155052D91D42D499B51A5390A73724</ROWKEY>
      </CUSTOM_FIELD_VIEW_ROW>
      <CUSTOM_FIELD_VIEW_ROW>
        <VIEW_NAME>PART_CATALOG_ISSUE_SERIAL_LOV</VIEW_NAME>
        <CF_VIEW_NAME>PART_CATALOG_ISS1470512658_CFV</CF_VIEW_NAME>
        <USED_DB>FALSE</USED_DB>
        <ROWKEY>9349FC4B356F4A6E838FFD83809C5706</ROWKEY>
      </CUSTOM_FIELD_VIEW_ROW>
      <CUSTOM_FIELD_VIEW_ROW>
        <VIEW_NAME>PART_CATALOG_LOV</VIEW_NAME>
        <CF_VIEW_NAME>PART_CATALOG_LOV_CFV</CF_VIEW_NAME>
        <USED_DB>FALSE</USED_DB>
        <ROWKEY>E8AB2884A6CE46E8BBBCE4B435F01197</ROWKEY>
      </CUSTOM_FIELD_VIEW_ROW>
      <CUSTOM_FIELD_VIEW_ROW>
        <VIEW_NAME>PART_CATALOG_NOT_POSITION_LOV</VIEW_NAME>
        <CF_VIEW_NAME>PART_CATALOG_NOT1091230548_CFV</CF_VIEW_NAME>
        <USED_DB>FALSE</USED_DB>
        <ROWKEY>2AC92527103548EEB3C40A15A7EDF055</ROWKEY>
      </CUSTOM_FIELD_VIEW_ROW>
    </CUSTOM_FIELD_VIEW>
  </CUSTOM_FIELD_VIEWS>
</CUSTOM_OBJECT>
