<?xml version="1.0"?>
<CUSTOM_OBJECT>
  <NAME>0^HU_OFF_LOADER_NAME^ReceiptInvLocation</NAME>
  <TYPE>CUSTOM_EVENT_ACTION</TYPE>
  <DESCRIPTION>To get the receiving user based on receipt info</DESCRIPTION>
  <CUSTOM_EVENT_ACTION EXPORT_DEF_VERSION="2">
    <EVENT_LU_NAME>ReceiptInvLocation</EVENT_LU_NAME>
    <EVENT_ID>HU_OFF_LOADER_NAME</EVENT_ID>
    <ACTION_NUMBER>0</ACTION_NUMBER>
    <ACTION_ENABLE>TRUE</ACTION_ENABLE>
    <ACTION_PARAMETERS>!FNDSER.EVENT_ACTION_PARAM
$SQL=DECLARE
-
-  user_       VARCHAR2(30);
-  objid_      VARCHAR2(2000);
-  objversion_ VARCHAR2(2000);
-  attr_cf_    VARCHAR2(2000);
-  info_       VARCHAR2(2000);
-
-  CURSOR get_details IS
-    SELECT objid, objversion
-      FROM GOODS_IN_OFF_LOAD_CLV
-     WHERE CF$_H_ID = &apos;&amp;NEW:HANDLING_UNIT_ID&apos;;
-
-BEGIN
-
-IF( &apos;&amp;NEW:HANDLING_UNIT_ID&apos; != &apos;0&apos;)THEN
-  user_ := FND_SESSION_API.Get_Fnd_User();
-
-  Client_SYS.Clear_Attr(attr_cf_);
-  Client_Sys.Add_To_Attr(&apos;CF$_OFF_LOADER_NAME&apos;, user_, attr_cf_);
-  Client_Sys.Add_To_Attr(&apos;CF$_H_ID&apos;, &apos;&amp;NEW:HANDLING_UNIT_ID&apos;, attr_cf_);
-
-  OPEN get_details;
-  FETCH get_details
-    INTO objid_, objversion_;
-  CLOSE get_details;
-
-  IF (objid_ is null and objversion_ is null) THEN
-  
-    GOODS_IN_OFF_LOAD_CLP.New__(info_, objid_, objversion_, attr_cf_, &apos;DO&apos;);
-  ELSE
-    GOODS_IN_OFF_LOAD_CLP.Modify__(info_,
-                                   objid_,
-                                   objversion_,
-                                   attr_cf_,
-                                   &apos;DO&apos;);
-  END IF;
-END IF;
-END; 
$ATTACH=!ATTACHMENTS
</ACTION_PARAMETERS>
    <FND_EVENT_ACTION_TYPE_DB>EXECUTEONLINESQL</FND_EVENT_ACTION_TYPE_DB>
    <CONDITION_TYPE>!EVENT_ACTION_COND_TYPE
$NEW:HANDLING_UNIT_ID=
$NEW:SOURCE_REF1=
$NEW:SOURCE_REF2=
$NEW:SOURCE_REF3=
$NEW:SOURCE_REF4=
</CONDITION_TYPE>
    <CONDITION_VALUE>!EVENT_ACTION_COND_VALUE
$NEW:HANDLING_UNIT_ID=
$NEW:SOURCE_REF1=
$NEW:SOURCE_REF2=
$NEW:SOURCE_REF3=
$NEW:SOURCE_REF4=
</CONDITION_VALUE>
    <DESCRIPTION>To get the receiving user based on receipt info</DESCRIPTION>
    <SUBSCRIBABLE>FALSE</SUBSCRIBABLE>
    <SYSTEM_DEFINED>FALSE</SYSTEM_DEFINED>
    <ROLE/>
    <DEFINITION_MODIFIED_DATE>2021-03-16-10.56.41</DEFINITION_MODIFIED_DATE>
    <OBJKEY>EEA9FDC775124DFE865A9989126269DB</OBJKEY>
  </CUSTOM_EVENT_ACTION>
</CUSTOM_OBJECT>
