<?xml version="1.0"?>
<CUSTOM_OBJECT>
  <NAME>HU_RECEIVING_OPERATOR</NAME>
  <TYPE>CUSTOM_EVENT</TYPE>
  <DESCRIPTION>To check whether the selected off loader name is a connected user in the warehouse.</DESCRIPTION>
  <CUSTOM_EVENT EXPORT_DEF_VERSION="1">
    <EVENT_LU_NAME>GoodsInOffLoad</EVENT_LU_NAME>
    <EVENT_ID>HU_RECEIVING_OPERATOR</EVENT_ID>
    <EVENT_DESCRIPTION>To check whether the selected off loader name is a connected user in the warehouse.</EVENT_DESCRIPTION>
    <EVENT_ENABLE>TRUE</EVENT_ENABLE>
    <EVENT_TABLE_NAME>GOODS_IN_OFF_LOAD_CLT</EVENT_TABLE_NAME>
    <MODIFIED_ATTRIBUTES>CF$_RECEIVING_OPERATOR</MODIFIED_ATTRIBUTES>
    <EVENT_TYPE_DB>CUSTOM</EVENT_TYPE_DB>
    <NEW_ROW_DB>FALSE</NEW_ROW_DB>
    <MODIFY_ROW_DB>TRUE</MODIFY_ROW_DB>
    <REMOVE_ROW_DB>FALSE</REMOVE_ROW_DB>
    <EVENT_TRIGGER_TYPE_DB>AFTER</EVENT_TRIGGER_TYPE_DB>
    <DEFINITION_MODIFIED_DATE>2021-03-03-10.24.44</DEFINITION_MODIFIED_DATE>
    <OBJKEY>81D9598BAA7C4339932A3E64A9F93171</OBJKEY>
    <EVENT_PARAMETERS>
      <EVENT_PARAMETERS_ROW>
        <ID>CF$_H_ID</ID>
        <ID_TYPE>STRING</ID_TYPE>
        <PLSQL_METHOD/>
        <CURRENT_VALUE_DB>FALSE</CURRENT_VALUE_DB>
        <NEW_VALUE_DB>TRUE</NEW_VALUE_DB>
      </EVENT_PARAMETERS_ROW>
      <EVENT_PARAMETERS_ROW>
        <ID>CF$_RECEIVING_OPERATOR</ID>
        <ID_TYPE>STRING</ID_TYPE>
        <PLSQL_METHOD/>
        <CURRENT_VALUE_DB>FALSE</CURRENT_VALUE_DB>
        <NEW_VALUE_DB>TRUE</NEW_VALUE_DB>
      </EVENT_PARAMETERS_ROW>
    </EVENT_PARAMETERS>
  </CUSTOM_EVENT>
</CUSTOM_OBJECT>
