<?xml version="1.0"?>
<CUSTOM_OBJECT>
  <NAME>Handling Unit...</NAME>
  <TYPE>CUSTOM_MENU</TYPE>
  <DESCRIPTION>To navigate to Handling Unit Window</DESCRIPTION>
  <CUSTOM_MENU EXPORT_DEF_VERSION="1">
    <MENU_ID>95610</MENU_ID>
    <DESCRIPTION>To navigate to Handling Unit Window</DESCRIPTION>
    <WINDOW>frmHandlingUnitsInStock.tblHandlingUnits</WINDOW>
    <PROCESS>NONE</PROCESS>
    <ORDERING>1</ORDERING>
    <PARAMETER>frmHandlingUnit</PARAMETER>
    <CUSTOM_MENU_TYPE_DB>2</CUSTOM_MENU_TYPE_DB>
    <BUNDLE_EXECUTION_DB>FALSE</BUNDLE_EXECUTION_DB>
    <PO_ID>frmHandlingUnit</PO_ID>
    <ENABLED_WHEN/>
    <REFRESH_UI>FALSE</REFRESH_UI>
    <EXPORT_DATE>2021-05-10-03.31.56</EXPORT_DATE>
    <DEFINITION_MODIFIED_DATE>2021-02-15-02.52.36</DEFINITION_MODIFIED_DATE>
    <OBJVERSION>20210308104730</OBJVERSION>
    <OBJKEY>F42F915DB1974DC18C6C4E1AFD47A902</OBJKEY>
    <TEXTS>
      <TEXTS_ROW>
        <LANGUAGE_CODE>en</LANGUAGE_CODE>
        <TITLE>Handling Unit...</TITLE>
        <OBJKEY>A19E9E0D468A4D9B944E5463D3188150</OBJKEY>
      </TEXTS_ROW>
    </TEXTS>
    <KEY_TRANSLATIONS>
      <KEY_TRANSLATIONS_ROW>
        <ID>1</ID>
        <SOURCE_KEY_NAME>HANDLING_UNIT_ID</SOURCE_KEY_NAME>
        <DEST_KEY_NAME>HANDLING_UNIT_ID</DEST_KEY_NAME>
        <OBJKEY>25D8BD3EC4E142BEBCEEDC2E13E168AE</OBJKEY>
      </KEY_TRANSLATIONS_ROW>
    </KEY_TRANSLATIONS>
    <EXPANDABLE_PARAMETERS>
  </EXPANDABLE_PARAMETERS>
  </CUSTOM_MENU>
</CUSTOM_OBJECT>
