<?xml version="1.0"?>
<CUSTOM_OBJECT>
  <NAME>Views -Inventory Part Default Location</NAME>
  <TYPE>CF_VIEWS</TYPE>
  <DESCRIPTION>Custom Field Views of Logical Unit Inventory Part Default Location</DESCRIPTION>
  <CUSTOM_FIELD_VIEWS EXPORT_DEF_VERSION="1">
    <LU>InventoryPartDefLoc</LU>
    <TABLE_NAME>INVENTORY_PART_DEF_LOC_CFT</TABLE_NAME>
    <VIEW_NAME>INVENTORY_PART_DEF_LOC_CFV</VIEW_NAME>
    <PACKAGE_NAME>INVENTORY_PART_DEF_LOC_CFP</PACKAGE_NAME>
    <DEFINITION_MODIFIED_DATE>2021-03-11-06.56.36</DEFINITION_MODIFIED_DATE>
    <EXPORT_DATE>2021-07-23-07.17.05</EXPORT_DATE>
    <USED_DB>TRUE</USED_DB>
    <ROWKEY>4FE4F52B42354B98992DE02F813FF920</ROWKEY>
    <CUSTOM_FIELD_VIEW>
  </CUSTOM_FIELD_VIEW>
  </CUSTOM_FIELD_VIEWS>
</CUSTOM_OBJECT>
