<?xml version="1.0"?>
<CUSTOM_OBJECT>
  <NAME>Default Location</NAME>
  <TYPE>CF_READ_ONLY</TYPE>
  <DESCRIPTION>C0533 - Prageeth Gangabada</DESCRIPTION>
  <CUSTOM_FIELD EXPORT_DEF_VERSION="1">
    <LU>ReceiptInfo</LU>
    <TABLE_NAME>RECEIPT_INFO_CFT</TABLE_NAME>
    <VIEW_NAME>RECEIPT_INFO_CFV</VIEW_NAME>
    <PACKAGE_NAME>RECEIPT_INFO_CFP</PACKAGE_NAME>
    <DEFINITION_MODIFIED_DATE>2020-12-04-15.29.02</DEFINITION_MODIFIED_DATE>
    <EXPORT_DATE>2021-06-07-11.31.11</EXPORT_DATE>
    <USED_DB>TRUE</USED_DB>
    <ROWKEY>F03BE0C28F22415F99E1B7309F2E6654</ROWKEY>
    <CUSTOM_FIELD_ATTRIBUTE>
      <CUSTOM_FIELD_ATTRIBUTE_ROW>
        <ATTRIBUTE_NAME>DEFAULT_LOCATION</ATTRIBUTE_NAME>
        <DATA_TYPE_DB>STRING</DATA_TYPE_DB>
        <FORMAT_DB>UNFORMATTED</FORMAT_DB>
        <DATA_LENGTH>4000</DATA_LENGTH>
        <DEFAULT_VALUE_TYPE_DB>NO_DEFAULT_VALUE</DEFAULT_VALUE_TYPE_DB>
        <DEFAULT_VALUE/>
        <MANDATORY_DB>FALSE</MANDATORY_DB>
        <INSERTABLE_DB>FALSE</INSERTABLE_DB>
        <UPDATEABLE_DB>FALSE</UPDATEABLE_DB>
        <QUERYABLE_DB>TRUE</QUERYABLE_DB>
        <PRIVATE_DB>FALSE</PRIVATE_DB>
        <LOV_DB>FALSE</LOV_DB>
        <INDEXED_DB>FALSE</INDEXED_DB>
        <PROMPT>Default Location</PROMPT>
        <DEFINITION_MODIFIED_DATE>2021-02-18-04.29.27</DEFINITION_MODIFIED_DATE>
        <CUSTOM_FIELD_TYPE_DB>READ_ONLY_FIELD</CUSTOM_FIELD_TYPE_DB>
        <CUSTOM_FIELD_IMPL_TYPE_DB>SELECT_STATEMENT</CUSTOM_FIELD_IMPL_TYPE_DB>
        <EXPRESSION>Receipt_Info_Cfp.Get_Cf$_Default_Location(V.source_part_no)</EXPRESSION>
        <METADATA>SELECT location_no FROM inventory_part_def_loc WHERE part_no = :source_part_no AND location_type_db = &apos;PICKING&apos;</METADATA>
        <LU_REFERENCE/>
        <UI_OBJECT_DB>DEFAULT</UI_OBJECT_DB>
        <USED_DB>TRUE</USED_DB>
        <READ_ONLY_EXPRESSION_DB>FALSE</READ_ONLY_EXPRESSION_DB>
        <NOTE>C0533 - Prageeth Gangabada</NOTE>
        <ENABLED_ON_REPORTS_DB>TRUE</ENABLED_ON_REPORTS_DB>
        <CONSTRAINT_TYPE_DB>RESTRICTED</CONSTRAINT_TYPE_DB>
        <LOV_VIEW/>
        <ALTERNATE_KEY_DB>FALSE</ALTERNATE_KEY_DB>
        <ROWKEY>7EBBAEFE740B4684B70D210FEFEB99CB</ROWKEY>
      </CUSTOM_FIELD_ATTRIBUTE_ROW>
    </CUSTOM_FIELD_ATTRIBUTE>
    <TRANSLATIONS>
  </TRANSLATIONS>
    <CUSTOM_FIELD_VIEW>
      <CUSTOM_FIELD_VIEW_ROW>
        <VIEW_NAME>RECEIPT_NON_INV_TRANS_HIST</VIEW_NAME>
        <CF_VIEW_NAME>RECEIPT_NON_INV_TRANS_HIST_CFV</CF_VIEW_NAME>
        <USED_DB>FALSE</USED_DB>
        <ROWKEY>ED7683ADB05C4F34893BB35B37C5329E</ROWKEY>
      </CUSTOM_FIELD_VIEW_ROW>
      <CUSTOM_FIELD_VIEW_ROW>
        <VIEW_NAME>RECEIPT_NON_INV_TRANS_HISTORY</VIEW_NAME>
        <CF_VIEW_NAME>RECEIPT_NON_INV_2884665564_CFV</CF_VIEW_NAME>
        <USED_DB>FALSE</USED_DB>
        <ROWKEY>81D49AF38FD845A1ABCB024D86DC6663</ROWKEY>
      </CUSTOM_FIELD_VIEW_ROW>
      <CUSTOM_FIELD_VIEW_ROW>
        <VIEW_NAME>RECEIPT_REFERENCE</VIEW_NAME>
        <CF_VIEW_NAME>RECEIPT_REFERENCE_CFV</CF_VIEW_NAME>
        <USED_DB>FALSE</USED_DB>
        <ROWKEY>52CF055BF84F4378A866B936382476B7</ROWKEY>
      </CUSTOM_FIELD_VIEW_ROW>
      <CUSTOM_FIELD_VIEW_ROW>
        <VIEW_NAME>RECEIPT_REFERENCE_INV_PART</VIEW_NAME>
        <CF_VIEW_NAME>RECEIPT_REFERENCE_INV_PART_CFV</CF_VIEW_NAME>
        <USED_DB>FALSE</USED_DB>
        <ROWKEY>CEDDD8605F114EAF893A6F26FE1DDAB7</ROWKEY>
      </CUSTOM_FIELD_VIEW_ROW>
      <CUSTOM_FIELD_VIEW_ROW>
        <VIEW_NAME>RECEIVABLE_OBJECT_INFO</VIEW_NAME>
        <CF_VIEW_NAME>RECEIVABLE_OBJECT_INFO_CFV</CF_VIEW_NAME>
        <USED_DB>FALSE</USED_DB>
        <ROWKEY>FA6D8B37C8724F9CAD4D140A03FF446A</ROWKEY>
      </CUSTOM_FIELD_VIEW_ROW>
    </CUSTOM_FIELD_VIEW>
  </CUSTOM_FIELD>
</CUSTOM_OBJECT>
