<?xml version="1.0"?>
<CUSTOM_OBJECT>
  <NAME>Notes</NAME>
  <TYPE>CF_READ_ONLY</TYPE>
  <DESCRIPTION>C0280 - Prageeth Gangabada</DESCRIPTION>
  <CUSTOM_FIELD EXPORT_DEF_VERSION="1">
    <LU>InventoryPart</LU>
    <TABLE_NAME>INVENTORY_PART_CFT</TABLE_NAME>
    <VIEW_NAME>INVENTORY_PART_CFV</VIEW_NAME>
    <PACKAGE_NAME>INVENTORY_PART_CFP</PACKAGE_NAME>
    <DEFINITION_MODIFIED_DATE>2020-09-10-09.54.07</DEFINITION_MODIFIED_DATE>
    <EXPORT_DATE>2021-07-12-04.45.05</EXPORT_DATE>
    <USED_DB>TRUE</USED_DB>
    <ROWKEY>7447C33669984E3D9D243DA9511FF0BD</ROWKEY>
    <CUSTOM_FIELD_ATTRIBUTE>
      <CUSTOM_FIELD_ATTRIBUTE_ROW>
        <ATTRIBUTE_NAME>INFO_TEXT</ATTRIBUTE_NAME>
        <DATA_TYPE_DB>STRING</DATA_TYPE_DB>
        <FORMAT_DB>UNFORMATTED</FORMAT_DB>
        <DATA_LENGTH>2000</DATA_LENGTH>
        <DEFAULT_VALUE_TYPE_DB>NO_DEFAULT_VALUE</DEFAULT_VALUE_TYPE_DB>
        <DEFAULT_VALUE/>
        <MANDATORY_DB>FALSE</MANDATORY_DB>
        <INSERTABLE_DB>FALSE</INSERTABLE_DB>
        <UPDATEABLE_DB>FALSE</UPDATEABLE_DB>
        <QUERYABLE_DB>TRUE</QUERYABLE_DB>
        <PRIVATE_DB>FALSE</PRIVATE_DB>
        <LOV_DB>FALSE</LOV_DB>
        <INDEXED_DB>FALSE</INDEXED_DB>
        <PROMPT>Notes</PROMPT>
        <DEFINITION_MODIFIED_DATE>2021-02-18-04.24.26</DEFINITION_MODIFIED_DATE>
        <CUSTOM_FIELD_TYPE_DB>READ_ONLY_FIELD</CUSTOM_FIELD_TYPE_DB>
        <CUSTOM_FIELD_IMPL_TYPE_DB>REFERENCED_VALUE</CUSTOM_FIELD_IMPL_TYPE_DB>
        <EXPRESSION>Inventory_Part_Cfp.Get_CF$_Info_Text(v.objkey)</EXPRESSION>
        <METADATA>InventoryPart=&gt;PartCatalog(Part_No).Info_Text</METADATA>
        <LU_REFERENCE/>
        <UI_OBJECT_DB>MULTILINE</UI_OBJECT_DB>
        <USED_DB>TRUE</USED_DB>
        <READ_ONLY_EXPRESSION_DB>FALSE</READ_ONLY_EXPRESSION_DB>
        <NOTE>C0280 - Prageeth Gangabada</NOTE>
        <ENABLED_ON_REPORTS_DB>TRUE</ENABLED_ON_REPORTS_DB>
        <CONSTRAINT_TYPE_DB>RESTRICTED</CONSTRAINT_TYPE_DB>
        <LOV_VIEW/>
        <ALTERNATE_KEY_DB>FALSE</ALTERNATE_KEY_DB>
        <ROWKEY>A5FC524E7A5B4FE481B0080589A33B29</ROWKEY>
      </CUSTOM_FIELD_ATTRIBUTE_ROW>
    </CUSTOM_FIELD_ATTRIBUTE>
    <TRANSLATIONS>
  </TRANSLATIONS>
    <CUSTOM_FIELD_VIEW>
      <CUSTOM_FIELD_VIEW_ROW>
        <VIEW_NAME>INTORDER_PART_ALTERNATE_LOV</VIEW_NAME>
        <CF_VIEW_NAME>INTORDER_PART_AL2924379584_CFV</CF_VIEW_NAME>
        <USED_DB>FALSE</USED_DB>
        <ROWKEY>FD05FEE8D28D4680B1FA1EACE714EC66</ROWKEY>
      </CUSTOM_FIELD_VIEW_ROW>
      <CUSTOM_FIELD_VIEW_ROW>
        <VIEW_NAME>INTORDER_PART_LOV</VIEW_NAME>
        <CF_VIEW_NAME>INTORDER_PART_LOV_CFV</CF_VIEW_NAME>
        <USED_DB>FALSE</USED_DB>
        <ROWKEY>445E261C14A341C3AADA36D32ABE59AE</ROWKEY>
      </CUSTOM_FIELD_VIEW_ROW>
      <CUSTOM_FIELD_VIEW_ROW>
        <VIEW_NAME>INTORDER_PART_LOV2</VIEW_NAME>
        <CF_VIEW_NAME>INTORDER_PART_LOV2_CFV</CF_VIEW_NAME>
        <USED_DB>FALSE</USED_DB>
        <ROWKEY>4BF35A5A6A6D4D4194AEACCCE4A5ED21</ROWKEY>
      </CUSTOM_FIELD_VIEW_ROW>
      <CUSTOM_FIELD_VIEW_ROW>
        <VIEW_NAME>INTORDER_PART_LOV3</VIEW_NAME>
        <CF_VIEW_NAME>INTORDER_PART_LOV3_CFV</CF_VIEW_NAME>
        <USED_DB>FALSE</USED_DB>
        <ROWKEY>B5475B28FE6D4345B9FC4695FD300D7E</ROWKEY>
      </CUSTOM_FIELD_VIEW_ROW>
      <CUSTOM_FIELD_VIEW_ROW>
        <VIEW_NAME>INTORDER_PART_LOV4</VIEW_NAME>
        <CF_VIEW_NAME>INTORDER_PART_LOV4_CFV</CF_VIEW_NAME>
        <USED_DB>FALSE</USED_DB>
        <ROWKEY>E00F1ACE5AC34470996393B50935E000</ROWKEY>
      </CUSTOM_FIELD_VIEW_ROW>
      <CUSTOM_FIELD_VIEW_ROW>
        <VIEW_NAME>INTORDER_PART_LOV_ALL</VIEW_NAME>
        <CF_VIEW_NAME>INTORDER_PART_LOV_ALL_CFV</CF_VIEW_NAME>
        <USED_DB>FALSE</USED_DB>
        <ROWKEY>825BF20152CF4F3086C92649139E9403</ROWKEY>
      </CUSTOM_FIELD_VIEW_ROW>
      <CUSTOM_FIELD_VIEW_ROW>
        <VIEW_NAME>INTORDER_POSITION_PART_LOV</VIEW_NAME>
        <CF_VIEW_NAME>INTORDER_POSITION_PART_LOV_CFV</CF_VIEW_NAME>
        <USED_DB>FALSE</USED_DB>
        <ROWKEY>44F9EAE74C254D42B552F36AEC02C297</ROWKEY>
      </CUSTOM_FIELD_VIEW_ROW>
      <CUSTOM_FIELD_VIEW_ROW>
        <VIEW_NAME>INVENTORY_PART_ALTERNATE</VIEW_NAME>
        <CF_VIEW_NAME>INVENTORY_PART_ALTERNATE_CFV</CF_VIEW_NAME>
        <USED_DB>FALSE</USED_DB>
        <ROWKEY>5A0046E0490E46D4AC783226EE504C11</ROWKEY>
      </CUSTOM_FIELD_VIEW_ROW>
      <CUSTOM_FIELD_VIEW_ROW>
        <VIEW_NAME>INVENTORY_PART_ALTERNATE_LOV2</VIEW_NAME>
        <CF_VIEW_NAME>INVENTORY_PART_A1280539601_CFV</CF_VIEW_NAME>
        <USED_DB>FALSE</USED_DB>
        <ROWKEY>6659CA0408D4413C8F8226D85E2AE3AE</ROWKEY>
      </CUSTOM_FIELD_VIEW_ROW>
      <CUSTOM_FIELD_VIEW_ROW>
        <VIEW_NAME>INVENTORY_PART_BLOW_PHANT_LOV</VIEW_NAME>
        <CF_VIEW_NAME>INVENTORY_PART_B1885936483_CFV</CF_VIEW_NAME>
        <USED_DB>FALSE</USED_DB>
        <ROWKEY>50FE9C89DBB341B09563497846EAF58D</ROWKEY>
      </CUSTOM_FIELD_VIEW_ROW>
      <CUSTOM_FIELD_VIEW_ROW>
        <VIEW_NAME>INVENTORY_PART_CC_LOV</VIEW_NAME>
        <CF_VIEW_NAME>INVENTORY_PART_CC_LOV_CFV</CF_VIEW_NAME>
        <USED_DB>FALSE</USED_DB>
        <ROWKEY>AE51CA5DD79740A6B7AF03951144BF9A</ROWKEY>
      </CUSTOM_FIELD_VIEW_ROW>
      <CUSTOM_FIELD_VIEW_ROW>
        <VIEW_NAME>INVENTORY_PART_LOV</VIEW_NAME>
        <CF_VIEW_NAME>INVENTORY_PART_LOV_CFV</CF_VIEW_NAME>
        <USED_DB>FALSE</USED_DB>
        <ROWKEY>C046BB8B5C6F4DC59700A62D630644FA</ROWKEY>
      </CUSTOM_FIELD_VIEW_ROW>
      <CUSTOM_FIELD_VIEW_ROW>
        <VIEW_NAME>INVENTORY_PART_LOV12</VIEW_NAME>
        <CF_VIEW_NAME>INVENTORY_PART_LOV12_CFV</CF_VIEW_NAME>
        <USED_DB>FALSE</USED_DB>
        <ROWKEY>E4ED2D6467494B08B9E50A522A3AFEA3</ROWKEY>
      </CUSTOM_FIELD_VIEW_ROW>
      <CUSTOM_FIELD_VIEW_ROW>
        <VIEW_NAME>INVENTORY_PART_LOV13</VIEW_NAME>
        <CF_VIEW_NAME>INVENTORY_PART_LOV13_CFV</CF_VIEW_NAME>
        <USED_DB>FALSE</USED_DB>
        <ROWKEY>2661C08139E4495C80629245D36B9D64</ROWKEY>
      </CUSTOM_FIELD_VIEW_ROW>
      <CUSTOM_FIELD_VIEW_ROW>
        <VIEW_NAME>INVENTORY_PART_LOV18</VIEW_NAME>
        <CF_VIEW_NAME>INVENTORY_PART_LOV18_CFV</CF_VIEW_NAME>
        <USED_DB>FALSE</USED_DB>
        <ROWKEY>FA86C1B1A11A408AA8A187A53287E022</ROWKEY>
      </CUSTOM_FIELD_VIEW_ROW>
      <CUSTOM_FIELD_VIEW_ROW>
        <VIEW_NAME>INVENTORY_PART_LOV2</VIEW_NAME>
        <CF_VIEW_NAME>INVENTORY_PART_LOV2_CFV</CF_VIEW_NAME>
        <USED_DB>FALSE</USED_DB>
        <ROWKEY>B5E061BFD1B94BB396EC467200F04E03</ROWKEY>
      </CUSTOM_FIELD_VIEW_ROW>
      <CUSTOM_FIELD_VIEW_ROW>
        <VIEW_NAME>INVENTORY_PART_LOV20</VIEW_NAME>
        <CF_VIEW_NAME>INVENTORY_PART_LOV20_CFV</CF_VIEW_NAME>
        <USED_DB>FALSE</USED_DB>
        <ROWKEY>02BD7A5D5BC446CD8FE4E418E6F6CEEC</ROWKEY>
      </CUSTOM_FIELD_VIEW_ROW>
      <CUSTOM_FIELD_VIEW_ROW>
        <VIEW_NAME>INVENTORY_PART_LOV24</VIEW_NAME>
        <CF_VIEW_NAME>INVENTORY_PART_LOV24_CFV</CF_VIEW_NAME>
        <USED_DB>FALSE</USED_DB>
        <ROWKEY>5B69C37E28EF44AF89F8F095687B448A</ROWKEY>
      </CUSTOM_FIELD_VIEW_ROW>
      <CUSTOM_FIELD_VIEW_ROW>
        <VIEW_NAME>INVENTORY_PART_LOV25</VIEW_NAME>
        <CF_VIEW_NAME>INVENTORY_PART_LOV25_CFV</CF_VIEW_NAME>
        <USED_DB>FALSE</USED_DB>
        <ROWKEY>DE179273564C4F81BC9204350B839F47</ROWKEY>
      </CUSTOM_FIELD_VIEW_ROW>
      <CUSTOM_FIELD_VIEW_ROW>
        <VIEW_NAME>INVENTORY_PART_LOV26</VIEW_NAME>
        <CF_VIEW_NAME>INVENTORY_PART_LOV26_CFV</CF_VIEW_NAME>
        <USED_DB>FALSE</USED_DB>
        <ROWKEY>77C020BAC5DE4B69AF58E4FFD37FD637</ROWKEY>
      </CUSTOM_FIELD_VIEW_ROW>
      <CUSTOM_FIELD_VIEW_ROW>
        <VIEW_NAME>INVENTORY_PART_LOV28</VIEW_NAME>
        <CF_VIEW_NAME>INVENTORY_PART_LOV28_CFV</CF_VIEW_NAME>
        <USED_DB>FALSE</USED_DB>
        <ROWKEY>9AF6FE2E9DBE405AB6A6436120F84DC5</ROWKEY>
      </CUSTOM_FIELD_VIEW_ROW>
      <CUSTOM_FIELD_VIEW_ROW>
        <VIEW_NAME>INVENTORY_PART_LOV3</VIEW_NAME>
        <CF_VIEW_NAME>INVENTORY_PART_LOV3_CFV</CF_VIEW_NAME>
        <USED_DB>FALSE</USED_DB>
        <ROWKEY>B1FFAB4A61A946BAA1105A23B05B76AB</ROWKEY>
      </CUSTOM_FIELD_VIEW_ROW>
      <CUSTOM_FIELD_VIEW_ROW>
        <VIEW_NAME>INVENTORY_PART_LOV4</VIEW_NAME>
        <CF_VIEW_NAME>INVENTORY_PART_LOV4_CFV</CF_VIEW_NAME>
        <USED_DB>FALSE</USED_DB>
        <ROWKEY>74DC7745561C4D59A39D7464FC9BA347</ROWKEY>
      </CUSTOM_FIELD_VIEW_ROW>
      <CUSTOM_FIELD_VIEW_ROW>
        <VIEW_NAME>INVENTORY_PART_LOV5</VIEW_NAME>
        <CF_VIEW_NAME>INVENTORY_PART_LOV5_CFV</CF_VIEW_NAME>
        <USED_DB>FALSE</USED_DB>
        <ROWKEY>C7DCAF9773F8482386115DD16F96AACB</ROWKEY>
      </CUSTOM_FIELD_VIEW_ROW>
      <CUSTOM_FIELD_VIEW_ROW>
        <VIEW_NAME>INVENTORY_PART_LOV_27</VIEW_NAME>
        <CF_VIEW_NAME>INVENTORY_PART_LOV_27_CFV</CF_VIEW_NAME>
        <USED_DB>FALSE</USED_DB>
        <ROWKEY>AD6F96F84D464C1DB736AC0E6AEE13A5</ROWKEY>
      </CUSTOM_FIELD_VIEW_ROW>
      <CUSTOM_FIELD_VIEW_ROW>
        <VIEW_NAME>INVENTORY_PART_LOV_MRP</VIEW_NAME>
        <CF_VIEW_NAME>INVENTORY_PART_LOV_MRP_CFV</CF_VIEW_NAME>
        <USED_DB>FALSE</USED_DB>
        <ROWKEY>DD38EFCC2D264357A7F89F5857B3BE6A</ROWKEY>
      </CUSTOM_FIELD_VIEW_ROW>
      <CUSTOM_FIELD_VIEW_ROW>
        <VIEW_NAME>INVENTORY_PART_NO_RECIPE_LOV</VIEW_NAME>
        <CF_VIEW_NAME>INVENTORY_PART_N1493814764_CFV</CF_VIEW_NAME>
        <USED_DB>FALSE</USED_DB>
        <ROWKEY>E55FC394938B4DB3B6B2939BC2CA3816</ROWKEY>
      </CUSTOM_FIELD_VIEW_ROW>
      <CUSTOM_FIELD_VIEW_ROW>
        <VIEW_NAME>INVENTORY_PART_PROD_LINE_LOV</VIEW_NAME>
        <CF_VIEW_NAME>INVENTORY_PART_P2715962626_CFV</CF_VIEW_NAME>
        <USED_DB>FALSE</USED_DB>
        <ROWKEY>A1D60D341C4F4B66A69B079CA288EECC</ROWKEY>
      </CUSTOM_FIELD_VIEW_ROW>
      <CUSTOM_FIELD_VIEW_ROW>
        <VIEW_NAME>INVENTORY_PART_QMAN_LOV</VIEW_NAME>
        <CF_VIEW_NAME>INVENTORY_PART_QMAN_LOV_CFV</CF_VIEW_NAME>
        <USED_DB>FALSE</USED_DB>
        <ROWKEY>A882B7FADE1043E1B99CF95155C6D2D9</ROWKEY>
      </CUSTOM_FIELD_VIEW_ROW>
      <CUSTOM_FIELD_VIEW_ROW>
        <VIEW_NAME>INVENTORY_PART_SHORTAGE_REP</VIEW_NAME>
        <CF_VIEW_NAME>INVENTORY_PART_SH107625064_CFV</CF_VIEW_NAME>
        <USED_DB>FALSE</USED_DB>
        <ROWKEY>923F206C54044D43ACA4016264D11B38</ROWKEY>
      </CUSTOM_FIELD_VIEW_ROW>
      <CUSTOM_FIELD_VIEW_ROW>
        <VIEW_NAME>INVENTORY_PART_SO_CASCADE_LOV</VIEW_NAME>
        <CF_VIEW_NAME>INVENTORY_PART_S4083165647_CFV</CF_VIEW_NAME>
        <USED_DB>FALSE</USED_DB>
        <ROWKEY>8CDD4DB73ED441B0A184F8E9C96EE8D3</ROWKEY>
      </CUSTOM_FIELD_VIEW_ROW>
      <CUSTOM_FIELD_VIEW_ROW>
        <VIEW_NAME>INVENTORY_PART_SPARE_PART_LOV</VIEW_NAME>
        <CF_VIEW_NAME>INVENTORY_PART_S1062575667_CFV</CF_VIEW_NAME>
        <USED_DB>FALSE</USED_DB>
        <ROWKEY>1EAA1BBA5D0441E1BCCF7C7F8F4DA624</ROWKEY>
      </CUSTOM_FIELD_VIEW_ROW>
      <CUSTOM_FIELD_VIEW_ROW>
        <VIEW_NAME>INVENTORY_PART_WEIGHT_VOL_LOV</VIEW_NAME>
        <CF_VIEW_NAME>INVENTORY_PART_W3202624944_CFV</CF_VIEW_NAME>
        <USED_DB>FALSE</USED_DB>
        <ROWKEY>3A59D915BC5741E89BFA84B164BFD8FA</ROWKEY>
      </CUSTOM_FIELD_VIEW_ROW>
      <CUSTOM_FIELD_VIEW_ROW>
        <VIEW_NAME>INVENTORY_PART_WO_LOV</VIEW_NAME>
        <CF_VIEW_NAME>INVENTORY_PART_WO_LOV_CFV</CF_VIEW_NAME>
        <USED_DB>FALSE</USED_DB>
        <ROWKEY>CEB434E94AF84AB5B128044EB0ED845C</ROWKEY>
      </CUSTOM_FIELD_VIEW_ROW>
      <CUSTOM_FIELD_VIEW_ROW>
        <VIEW_NAME>INVENT_INFO_SERVICES_RPV</VIEW_NAME>
        <CF_VIEW_NAME>INVENT_INFO_SERVICES_RPV_CFV</CF_VIEW_NAME>
        <USED_DB>FALSE</USED_DB>
        <ROWKEY>B518D37CFACD4DCFA7B81DBD35D16861</ROWKEY>
      </CUSTOM_FIELD_VIEW_ROW>
      <CUSTOM_FIELD_VIEW_ROW>
        <VIEW_NAME>INVENT_TURNO_PRT_REP</VIEW_NAME>
        <CF_VIEW_NAME>INVENT_TURNO_PRT_REP_CFV</CF_VIEW_NAME>
        <USED_DB>FALSE</USED_DB>
        <ROWKEY>9DBD5483A21243F8B484FB5BAD251735</ROWKEY>
      </CUSTOM_FIELD_VIEW_ROW>
      <CUSTOM_FIELD_VIEW_ROW>
        <VIEW_NAME>INV_PART_ORDER_PNT_REP_REP</VIEW_NAME>
        <CF_VIEW_NAME>INV_PART_ORDER_PNT_REP_REP_CFV</CF_VIEW_NAME>
        <USED_DB>FALSE</USED_DB>
        <ROWKEY>031D0745E5ED4E59A209A0A2EBC79742</ROWKEY>
      </CUSTOM_FIELD_VIEW_ROW>
      <CUSTOM_FIELD_VIEW_ROW>
        <VIEW_NAME>SLOW_MOVING_PART_REP</VIEW_NAME>
        <CF_VIEW_NAME>SLOW_MOVING_PART_REP_CFV</CF_VIEW_NAME>
        <USED_DB>FALSE</USED_DB>
        <ROWKEY>3500E9A880F445EF8DA30F1390F83BA7</ROWKEY>
      </CUSTOM_FIELD_VIEW_ROW>
    </CUSTOM_FIELD_VIEW>
  </CUSTOM_FIELD>
</CUSTOM_OBJECT>
