<?xml version="1.0"?>
<CUSTOM_OBJECT>
  <NAME>SM1 Row</NAME>
  <TYPE>CF_READ_ONLY</TYPE>
  <DESCRIPTION>CRIM 601 - EA
</DESCRIPTION>
  <CUSTOM_FIELD EXPORT_DEF_VERSION="1">
    <LU>InventoryPartDefLoc</LU>
    <TABLE_NAME>INVENTORY_PART_DEF_LOC_CFT</TABLE_NAME>
    <VIEW_NAME>INVENTORY_PART_DEF_LOC_CFV</VIEW_NAME>
    <PACKAGE_NAME>INVENTORY_PART_DEF_LOC_CFP</PACKAGE_NAME>
    <DEFINITION_MODIFIED_DATE>2021-03-11-06.56.36</DEFINITION_MODIFIED_DATE>
    <EXPORT_DATE>2021-08-19-09.53.50</EXPORT_DATE>
    <USED_DB>TRUE</USED_DB>
    <ROWKEY>4FE4F52B42354B98992DE02F813FF920</ROWKEY>
    <CUSTOM_FIELD_ATTRIBUTE>
      <CUSTOM_FIELD_ATTRIBUTE_ROW>
        <ATTRIBUTE_NAME>ROW</ATTRIBUTE_NAME>
        <DATA_TYPE_DB>STRING</DATA_TYPE_DB>
        <FORMAT_DB>UNFORMATTED</FORMAT_DB>
        <DATA_LENGTH>5</DATA_LENGTH>
        <DEFAULT_VALUE_TYPE_DB>NO_DEFAULT_VALUE</DEFAULT_VALUE_TYPE_DB>
        <DEFAULT_VALUE/>
        <MANDATORY_DB>FALSE</MANDATORY_DB>
        <INSERTABLE_DB>FALSE</INSERTABLE_DB>
        <UPDATEABLE_DB>FALSE</UPDATEABLE_DB>
        <QUERYABLE_DB>TRUE</QUERYABLE_DB>
        <PRIVATE_DB>FALSE</PRIVATE_DB>
        <LOV_DB>FALSE</LOV_DB>
        <INDEXED_DB>FALSE</INDEXED_DB>
        <PROMPT>SM1 Row</PROMPT>
        <DEFINITION_MODIFIED_DATE>2021-03-12-03.47.02</DEFINITION_MODIFIED_DATE>
        <CUSTOM_FIELD_TYPE_DB>READ_ONLY_FIELD</CUSTOM_FIELD_TYPE_DB>
        <CUSTOM_FIELD_IMPL_TYPE_DB>REFERENCED_VALUE</CUSTOM_FIELD_IMPL_TYPE_DB>
        <EXPRESSION>Inventory_Part_Def_Loc_Cfp.Get_CF$_Row(v.objkey)</EXPRESSION>
        <METADATA>InventoryPartDefLoc=&gt;InventoryLocation(Cf$_Location_No)=&gt;WarehouseBayRow(Row_No).Row_Id</METADATA>
        <LU_REFERENCE/>
        <UI_OBJECT_DB>DEFAULT</UI_OBJECT_DB>
        <USED_DB>TRUE</USED_DB>
        <READ_ONLY_EXPRESSION_DB>FALSE</READ_ONLY_EXPRESSION_DB>
        <NOTE>CRIM 601 - EA
</NOTE>
        <ENABLED_ON_REPORTS_DB>TRUE</ENABLED_ON_REPORTS_DB>
        <CONSTRAINT_TYPE_DB>RESTRICTED</CONSTRAINT_TYPE_DB>
        <LOV_VIEW/>
        <ALTERNATE_KEY_DB>FALSE</ALTERNATE_KEY_DB>
        <ROWKEY>E09AF15EF4D04BD09A44A83CB1FDE819</ROWKEY>
      </CUSTOM_FIELD_ATTRIBUTE_ROW>
    </CUSTOM_FIELD_ATTRIBUTE>
    <TRANSLATIONS>
  </TRANSLATIONS>
    <CUSTOM_FIELD_VIEW>
  </CUSTOM_FIELD_VIEW>
  </CUSTOM_FIELD>
</CUSTOM_OBJECT>
