<?xml version="1.0"?>
<CUSTOM_OBJECT>
  <NAME>0^HU_RECEIVING_OPERATOR^GoodsInOffLoad</NAME>
  <TYPE>CUSTOM_EVENT_ACTION</TYPE>
  <DESCRIPTION>To check whether the selected off loader name is a connected user in the warehouse.</DESCRIPTION>
  <CUSTOM_EVENT_ACTION EXPORT_DEF_VERSION="2">
    <EVENT_LU_NAME>GoodsInOffLoad</EVENT_LU_NAME>
    <EVENT_ID>HU_RECEIVING_OPERATOR</EVENT_ID>
    <ACTION_NUMBER>0</ACTION_NUMBER>
    <ACTION_ENABLE>TRUE</ACTION_ENABLE>
    <ACTION_PARAMETERS>!FNDSER.EVENT_ACTION_PARAM
$SQL=DECLARE
-
-warehouse_ VARCHAR2(100);
-site_ VARCHAR2(100);
-location_ VARCHAR2(100);
-user_id_  VARCHAR2(50);
-
-CURSOR get_hu_info IS 
-    SELECT CONTRACT, LOCATION_NO
-    FROM Handling_Unit_tab
-    WHERE HANDLING_UNIT_ID = &apos;&amp;NEW:CF$_H_ID&apos;;
-
-CURSOR get_users_warehouse(site_ VARCHAR2, warehouse_ VARCHAR2) IS
-   SELECT USER_ID
-   FROM USER_WAREHOUSE_CONNECTION
-   WHERE CONTRACT = site_
-   AND WAREHOUSE_ID = warehouse_
-   AND  OBJKEY = &apos;&amp;NEW:CF$_RECEIVING_OPERATOR&apos;;
-
-BEGIN
-
-OPEN get_hu_info;
-FETCH get_hu_info INTO site_, location_ ;
-CLOSE get_hu_info;
-
-warehouse_  := Inventory_Location_API.Get_Warehouse(site_, location_);
-
-IF(&apos;&amp;NEW:CF$_OFFLOADERNAME&apos; is not null)THEN
-   OPEN get_users_warehouse(site_, warehouse_);
-   FETCH get_users_warehouse INTO user_id_ ;
-      IF get_users_warehouse%FOUND THEN
-         CLOSE get_users_warehouse;
-      ELSE 
-        CLOSE get_users_warehouse;
-      --  ERROR_SYS.RECORD_GENERAL(&apos;GoodsInOffLoad&apos;, &apos;OFFLOADERERROR: Receiving Operator is not connected to the --Warehouse and Site. Please select another  Receiving Operator / User&apos; );
-      END IF;
-END IF;
-END;
$ATTACH=!ATTACHMENTS
</ACTION_PARAMETERS>
    <FND_EVENT_ACTION_TYPE_DB>EXECUTEONLINESQL</FND_EVENT_ACTION_TYPE_DB>
    <CONDITION_TYPE>!EVENT_ACTION_COND_TYPE
$NEW:CF$_H_ID=
$NEW:CF$_RECEIVING_OPERATOR=
</CONDITION_TYPE>
    <CONDITION_VALUE>!EVENT_ACTION_COND_VALUE
$NEW:CF$_H_ID=
$NEW:CF$_RECEIVING_OPERATOR=
</CONDITION_VALUE>
    <DESCRIPTION>To check whether the selected off loader name is a connected user in the warehouse.</DESCRIPTION>
    <SUBSCRIBABLE>FALSE</SUBSCRIBABLE>
    <SYSTEM_DEFINED>FALSE</SYSTEM_DEFINED>
    <ROLE/>
    <DEFINITION_MODIFIED_DATE>2021-07-22-13.59.59</DEFINITION_MODIFIED_DATE>
    <OBJKEY>B87935362D0F4969B504C7EC0DE98433</OBJKEY>
  </CUSTOM_EVENT_ACTION>
</CUSTOM_OBJECT>
