<?xml version="1.0"?>
<CUSTOM_OBJECT>
  <NAME>Proc Spec Info</NAME>
  <TYPE>CF_PERSISTENT</TYPE>
  <DESCRIPTION>C0280 - Prageeth Gangabda</DESCRIPTION>
  <CUSTOM_FIELD EXPORT_DEF_VERSION="1">
    <LU>PartCatalog</LU>
    <TABLE_NAME>PART_CATALOG_CFT</TABLE_NAME>
    <VIEW_NAME>PART_CATALOG_CFV</VIEW_NAME>
    <PACKAGE_NAME>PART_CATALOG_CFP</PACKAGE_NAME>
    <DEFINITION_MODIFIED_DATE>2020-09-15-10.45.02</DEFINITION_MODIFIED_DATE>
    <EXPORT_DATE>2021-07-12-04.45.06</EXPORT_DATE>
    <USED_DB>TRUE</USED_DB>
    <ROWKEY>A51DC85D351B477BA2D1B03883468E2A</ROWKEY>
    <CUSTOM_FIELD_ATTRIBUTE>
      <CUSTOM_FIELD_ATTRIBUTE_ROW>
        <ATTRIBUTE_NAME>PROC_SPEC_INFO</ATTRIBUTE_NAME>
        <DATA_TYPE_DB>STRING</DATA_TYPE_DB>
        <FORMAT_DB>UNFORMATTED</FORMAT_DB>
        <DATA_LENGTH>100</DATA_LENGTH>
        <DEFAULT_VALUE_TYPE_DB>NO_DEFAULT_VALUE</DEFAULT_VALUE_TYPE_DB>
        <DEFAULT_VALUE/>
        <MANDATORY_DB>FALSE</MANDATORY_DB>
        <INSERTABLE_DB>TRUE</INSERTABLE_DB>
        <UPDATEABLE_DB>TRUE</UPDATEABLE_DB>
        <QUERYABLE_DB>TRUE</QUERYABLE_DB>
        <PRIVATE_DB>TRUE</PRIVATE_DB>
        <LOV_DB>FALSE</LOV_DB>
        <INDEXED_DB>FALSE</INDEXED_DB>
        <PROMPT>Proc Spec Info</PROMPT>
        <DEFINITION_MODIFIED_DATE>2021-02-18-04.27.24</DEFINITION_MODIFIED_DATE>
        <CUSTOM_FIELD_TYPE_DB>PERSISTENT_FIELD</CUSTOM_FIELD_TYPE_DB>
        <CUSTOM_FIELD_IMPL_TYPE_DB>NOT_APPLICABLE</CUSTOM_FIELD_IMPL_TYPE_DB>
        <EXPRESSION/>
        <METADATA/>
        <LU_REFERENCE/>
        <UI_OBJECT_DB>MULTILINE</UI_OBJECT_DB>
        <USED_DB>TRUE</USED_DB>
        <READ_ONLY_EXPRESSION_DB>FALSE</READ_ONLY_EXPRESSION_DB>
        <NOTE>C0280 - Prageeth Gangabda</NOTE>
        <ENABLED_ON_REPORTS_DB>TRUE</ENABLED_ON_REPORTS_DB>
        <CONSTRAINT_TYPE_DB>RESTRICTED</CONSTRAINT_TYPE_DB>
        <LOV_VIEW/>
        <ALTERNATE_KEY_DB>FALSE</ALTERNATE_KEY_DB>
        <ROWKEY>E1ADC52D8BE34D0AB91444240FD47A7D</ROWKEY>
      </CUSTOM_FIELD_ATTRIBUTE_ROW>
    </CUSTOM_FIELD_ATTRIBUTE>
    <TRANSLATIONS>
  </TRANSLATIONS>
    <CUSTOM_FIELD_VIEW>
      <CUSTOM_FIELD_VIEW_ROW>
        <VIEW_NAME>PART_CATALOG_GTIN_LOV</VIEW_NAME>
        <CF_VIEW_NAME>PART_CATALOG_GTIN_LOV_CFV</CF_VIEW_NAME>
        <USED_DB>FALSE</USED_DB>
        <ROWKEY>6F155052D91D42D499B51A5390A73724</ROWKEY>
      </CUSTOM_FIELD_VIEW_ROW>
      <CUSTOM_FIELD_VIEW_ROW>
        <VIEW_NAME>PART_CATALOG_ISSUE_SERIAL_LOV</VIEW_NAME>
        <CF_VIEW_NAME>PART_CATALOG_ISS1470512658_CFV</CF_VIEW_NAME>
        <USED_DB>FALSE</USED_DB>
        <ROWKEY>9349FC4B356F4A6E838FFD83809C5706</ROWKEY>
      </CUSTOM_FIELD_VIEW_ROW>
      <CUSTOM_FIELD_VIEW_ROW>
        <VIEW_NAME>PART_CATALOG_LOV</VIEW_NAME>
        <CF_VIEW_NAME>PART_CATALOG_LOV_CFV</CF_VIEW_NAME>
        <USED_DB>FALSE</USED_DB>
        <ROWKEY>E8AB2884A6CE46E8BBBCE4B435F01197</ROWKEY>
      </CUSTOM_FIELD_VIEW_ROW>
      <CUSTOM_FIELD_VIEW_ROW>
        <VIEW_NAME>PART_CATALOG_NOT_POSITION_LOV</VIEW_NAME>
        <CF_VIEW_NAME>PART_CATALOG_NOT1091230548_CFV</CF_VIEW_NAME>
        <USED_DB>FALSE</USED_DB>
        <ROWKEY>2AC92527103548EEB3C40A15A7EDF055</ROWKEY>
      </CUSTOM_FIELD_VIEW_ROW>
    </CUSTOM_FIELD_VIEW>
  </CUSTOM_FIELD>
</CUSTOM_OBJECT>
