<?xml version="1.0"?>
<CUSTOM_OBJECT>
  <NAME>Delivery Cont Code Des</NAME>
  <TYPE>CF_READ_ONLY</TYPE>
  <DESCRIPTION>C0451 - 05/01/2021 Kevin Douglas</DESCRIPTION>
  <CUSTOM_FIELD EXPORT_DEF_VERSION="1">
    <LU>PurchaseOrderLine</LU>
    <TABLE_NAME>PURCHASE_ORDER_LINE_CFT</TABLE_NAME>
    <VIEW_NAME>PURCHASE_ORDER_LINE_CFV</VIEW_NAME>
    <PACKAGE_NAME>PURCHASE_ORDER_LINE_CFP</PACKAGE_NAME>
    <DEFINITION_MODIFIED_DATE>2020-10-15-13.15.31</DEFINITION_MODIFIED_DATE>
    <EXPORT_DATE>2021-07-12-04.45.06</EXPORT_DATE>
    <USED_DB>TRUE</USED_DB>
    <ROWKEY>BE316F1C59D14D3CAB5B61C1AA5247BD</ROWKEY>
    <CUSTOM_FIELD_ATTRIBUTE>
      <CUSTOM_FIELD_ATTRIBUTE_ROW>
        <ATTRIBUTE_NAME>DELIVERY_CONT_CODE_DES</ATTRIBUTE_NAME>
        <DATA_TYPE_DB>STRING</DATA_TYPE_DB>
        <FORMAT_DB>UNFORMATTED</FORMAT_DB>
        <DATA_LENGTH>35</DATA_LENGTH>
        <DEFAULT_VALUE_TYPE_DB>NO_DEFAULT_VALUE</DEFAULT_VALUE_TYPE_DB>
        <DEFAULT_VALUE/>
        <MANDATORY_DB>FALSE</MANDATORY_DB>
        <INSERTABLE_DB>FALSE</INSERTABLE_DB>
        <UPDATEABLE_DB>FALSE</UPDATEABLE_DB>
        <QUERYABLE_DB>TRUE</QUERYABLE_DB>
        <PRIVATE_DB>FALSE</PRIVATE_DB>
        <LOV_DB>FALSE</LOV_DB>
        <INDEXED_DB>FALSE</INDEXED_DB>
        <PROMPT>Delivery Cont Code Des</PROMPT>
        <DEFINITION_MODIFIED_DATE>2021-01-05-12.22.03</DEFINITION_MODIFIED_DATE>
        <CUSTOM_FIELD_TYPE_DB>READ_ONLY_FIELD</CUSTOM_FIELD_TYPE_DB>
        <CUSTOM_FIELD_IMPL_TYPE_DB>REFERENCED_VALUE</CUSTOM_FIELD_IMPL_TYPE_DB>
        <EXPRESSION>Purchase_Order_Line_Cfp.Get_CF$_Delivery_Cont_Code_Des(v.objkey)</EXPRESSION>
        <METADATA>PurchaseOrderLine=&gt;DeliveryControlCode(Delivery_Control_Code).Description</METADATA>
        <LU_REFERENCE/>
        <UI_OBJECT_DB>DEFAULT</UI_OBJECT_DB>
        <USED_DB>TRUE</USED_DB>
        <READ_ONLY_EXPRESSION_DB>FALSE</READ_ONLY_EXPRESSION_DB>
        <NOTE>C0451 - 05/01/2021 Kevin Douglas</NOTE>
        <ENABLED_ON_REPORTS_DB>TRUE</ENABLED_ON_REPORTS_DB>
        <CONSTRAINT_TYPE_DB>RESTRICTED</CONSTRAINT_TYPE_DB>
        <LOV_VIEW/>
        <ALTERNATE_KEY_DB>FALSE</ALTERNATE_KEY_DB>
        <ROWKEY>4BB938707C7A4724B063656DFB624F74</ROWKEY>
      </CUSTOM_FIELD_ATTRIBUTE_ROW>
    </CUSTOM_FIELD_ATTRIBUTE>
    <TRANSLATIONS>
  </TRANSLATIONS>
    <CUSTOM_FIELD_VIEW>
      <CUSTOM_FIELD_VIEW_ROW>
        <VIEW_NAME>CAMPAIGN_PURCH_ORD_LINE</VIEW_NAME>
        <CF_VIEW_NAME>CAMPAIGN_PURCH_ORD_LINE_CFV</CF_VIEW_NAME>
        <USED_DB>FALSE</USED_DB>
        <ROWKEY>2CD06E23111349E390B7B14A375CC669</ROWKEY>
      </CUSTOM_FIELD_VIEW_ROW>
      <CUSTOM_FIELD_VIEW_ROW>
        <VIEW_NAME>EXTERNAL_RESOURCE_LINE_LOV</VIEW_NAME>
        <CF_VIEW_NAME>EXTERNAL_RESOURCE_LINE_LOV_CFV</CF_VIEW_NAME>
        <USED_DB>FALSE</USED_DB>
        <ROWKEY>6B609E2E64854F46B09BBF5C34A6831E</ROWKEY>
      </CUSTOM_FIELD_VIEW_ROW>
      <CUSTOM_FIELD_VIEW_ROW>
        <VIEW_NAME>EXT_RES_LINE_RELEASE_NO_LOV</VIEW_NAME>
        <CF_VIEW_NAME>EXT_RES_LINE_RELE365560178_CFV</CF_VIEW_NAME>
        <USED_DB>FALSE</USED_DB>
        <ROWKEY>D776173A474F464E80B5A3F7AD2BA9BE</ROWKEY>
      </CUSTOM_FIELD_VIEW_ROW>
      <CUSTOM_FIELD_VIEW_ROW>
        <VIEW_NAME>PURCHASE_ORDER_CONSOLIDATED</VIEW_NAME>
        <CF_VIEW_NAME>PURCHASE_ORDER_C2183996680_CFV</CF_VIEW_NAME>
        <USED_DB>FALSE</USED_DB>
        <ROWKEY>5167F4D21E804860AC1BFFC9396DE5C9</ROWKEY>
      </CUSTOM_FIELD_VIEW_ROW>
      <CUSTOM_FIELD_VIEW_ROW>
        <VIEW_NAME>PURCHASE_ORDER_LINE_ADDR</VIEW_NAME>
        <CF_VIEW_NAME>PURCHASE_ORDER_LINE_ADDR_CFV</CF_VIEW_NAME>
        <USED_DB>FALSE</USED_DB>
        <ROWKEY>FE8CC84910D140F996ADE6315AAE02B9</ROWKEY>
      </CUSTOM_FIELD_VIEW_ROW>
      <CUSTOM_FIELD_VIEW_ROW>
        <VIEW_NAME>PURCHASE_ORDER_LINE_ALL</VIEW_NAME>
        <CF_VIEW_NAME>PURCHASE_ORDER_LINE_ALL_CFV</CF_VIEW_NAME>
        <USED_DB>TRUE</USED_DB>
        <ROWKEY>FB8CCFADF5004C8FACABEE294DDA1F9F</ROWKEY>
      </CUSTOM_FIELD_VIEW_ROW>
      <CUSTOM_FIELD_VIEW_ROW>
        <VIEW_NAME>PURCHASE_ORDER_LINE_ALL_VMI</VIEW_NAME>
        <CF_VIEW_NAME>PURCHASE_ORDER_L1633044108_CFV</CF_VIEW_NAME>
        <USED_DB>FALSE</USED_DB>
        <ROWKEY>2489912D236E4E4791A2C4CC38E2064A</ROWKEY>
      </CUSTOM_FIELD_VIEW_ROW>
      <CUSTOM_FIELD_VIEW_ROW>
        <VIEW_NAME>PURCHASE_ORDER_LINE_ANALYSIS</VIEW_NAME>
        <CF_VIEW_NAME>PURCHASE_ORDER_L1149310600_CFV</CF_VIEW_NAME>
        <USED_DB>FALSE</USED_DB>
        <ROWKEY>9836125F715D45849BD573CE3FF777D3</ROWKEY>
      </CUSTOM_FIELD_VIEW_ROW>
      <CUSTOM_FIELD_VIEW_ROW>
        <VIEW_NAME>PURCHASE_ORDER_LINE_CONNECTION</VIEW_NAME>
        <CF_VIEW_NAME>PURCHASE_ORDER_L2132612769_CFV</CF_VIEW_NAME>
        <USED_DB>FALSE</USED_DB>
        <ROWKEY>03EA8F25BEE34D9AB9DDD6DD9A801830</ROWKEY>
      </CUSTOM_FIELD_VIEW_ROW>
      <CUSTOM_FIELD_VIEW_ROW>
        <VIEW_NAME>PURCHASE_ORDER_LINE_DETAIL</VIEW_NAME>
        <CF_VIEW_NAME>PURCHASE_ORDER_LINE_DETAIL_CFV</CF_VIEW_NAME>
        <USED_DB>FALSE</USED_DB>
        <ROWKEY>374572E6F86147B59193F3CA9CF61358</ROWKEY>
      </CUSTOM_FIELD_VIEW_ROW>
      <CUSTOM_FIELD_VIEW_ROW>
        <VIEW_NAME>PURCHASE_ORDER_LINE_NEW</VIEW_NAME>
        <CF_VIEW_NAME>PURCHASE_ORDER_LINE_NEW_CFV</CF_VIEW_NAME>
        <USED_DB>FALSE</USED_DB>
        <ROWKEY>B0102AA188D542F698ED970DF6E23253</ROWKEY>
      </CUSTOM_FIELD_VIEW_ROW>
      <CUSTOM_FIELD_VIEW_ROW>
        <VIEW_NAME>PURCHASE_ORDER_LINE_NEW1</VIEW_NAME>
        <CF_VIEW_NAME>PURCHASE_ORDER_LINE_NEW1_CFV</CF_VIEW_NAME>
        <USED_DB>FALSE</USED_DB>
        <ROWKEY>2A3DD7D950FB4963A7B98B617BE7D199</ROWKEY>
      </CUSTOM_FIELD_VIEW_ROW>
      <CUSTOM_FIELD_VIEW_ROW>
        <VIEW_NAME>PUR_ORDER_CONSOLIDATED_TOTALS</VIEW_NAME>
        <CF_VIEW_NAME>PUR_ORDER_CONSOL1556266342_CFV</CF_VIEW_NAME>
        <USED_DB>FALSE</USED_DB>
        <ROWKEY>58A2DC62A7F447C0B20BD2EF1D21109E</ROWKEY>
      </CUSTOM_FIELD_VIEW_ROW>
      <CUSTOM_FIELD_VIEW_ROW>
        <VIEW_NAME>RECEIPT_INFO_ALT</VIEW_NAME>
        <CF_VIEW_NAME>RECEIPT_INFO_ALT_CFV</CF_VIEW_NAME>
        <USED_DB>TRUE</USED_DB>
        <ROWKEY>CE67386C4FDE4C289A96645787C240AA</ROWKEY>
      </CUSTOM_FIELD_VIEW_ROW>
    </CUSTOM_FIELD_VIEW>
  </CUSTOM_FIELD>
</CUSTOM_OBJECT>
