<?xml version="1.0"?>
<CUSTOM_OBJECT>
  <NAME>Created Ncr</NAME>
  <TYPE>CF_PERSISTENT</TYPE>
  <DESCRIPTION>EA - C0618 </DESCRIPTION>
  <CUSTOM_FIELD EXPORT_DEF_VERSION="1">
    <LU>MrbHead</LU>
    <TABLE_NAME>MRB_HEAD_CFT</TABLE_NAME>
    <VIEW_NAME>MRB_HEAD_CFV</VIEW_NAME>
    <PACKAGE_NAME>MRB_HEAD_CFP</PACKAGE_NAME>
    <DEFINITION_MODIFIED_DATE>2021-04-13-11.23.18</DEFINITION_MODIFIED_DATE>
    <EXPORT_DATE>2021-08-19-10.08.10</EXPORT_DATE>
    <USED_DB>TRUE</USED_DB>
    <ROWKEY>7C16CA312A2443B1A58663B8C25F682E</ROWKEY>
    <CUSTOM_FIELD_ATTRIBUTE>
      <CUSTOM_FIELD_ATTRIBUTE_ROW>
        <ATTRIBUTE_NAME>CREATED_NCR</ATTRIBUTE_NAME>
        <DATA_TYPE_DB>STRING</DATA_TYPE_DB>
        <FORMAT_DB>UNFORMATTED</FORMAT_DB>
        <DATA_LENGTH>4000</DATA_LENGTH>
        <DEFAULT_VALUE_TYPE_DB>NO_DEFAULT_VALUE</DEFAULT_VALUE_TYPE_DB>
        <DEFAULT_VALUE/>
        <MANDATORY_DB>FALSE</MANDATORY_DB>
        <INSERTABLE_DB>TRUE</INSERTABLE_DB>
        <UPDATEABLE_DB>TRUE</UPDATEABLE_DB>
        <QUERYABLE_DB>TRUE</QUERYABLE_DB>
        <PRIVATE_DB>FALSE</PRIVATE_DB>
        <LOV_DB>FALSE</LOV_DB>
        <INDEXED_DB>FALSE</INDEXED_DB>
        <PROMPT>Created Ncr</PROMPT>
        <DEFINITION_MODIFIED_DATE>2021-08-10-04.37.15</DEFINITION_MODIFIED_DATE>
        <CUSTOM_FIELD_TYPE_DB>PERSISTENT_FIELD</CUSTOM_FIELD_TYPE_DB>
        <CUSTOM_FIELD_IMPL_TYPE_DB>NOT_APPLICABLE</CUSTOM_FIELD_IMPL_TYPE_DB>
        <EXPRESSION/>
        <METADATA/>
        <LU_REFERENCE/>
        <UI_OBJECT_DB>DEFAULT</UI_OBJECT_DB>
        <USED_DB>TRUE</USED_DB>
        <READ_ONLY_EXPRESSION_DB>FALSE</READ_ONLY_EXPRESSION_DB>
        <NOTE>EA - C0618 </NOTE>
        <ENABLED_ON_REPORTS_DB>TRUE</ENABLED_ON_REPORTS_DB>
        <CONSTRAINT_TYPE_DB>RESTRICTED</CONSTRAINT_TYPE_DB>
        <LOV_VIEW/>
        <ALTERNATE_KEY_DB>FALSE</ALTERNATE_KEY_DB>
        <ROWKEY>D29BBC20BB294F2D89B2F508EBAD2013</ROWKEY>
      </CUSTOM_FIELD_ATTRIBUTE_ROW>
    </CUSTOM_FIELD_ATTRIBUTE>
    <TRANSLATIONS>
  </TRANSLATIONS>
    <CUSTOM_FIELD_VIEW>
      <CUSTOM_FIELD_VIEW_ROW>
        <VIEW_NAME>MRB_HEAD_CASE_LOV</VIEW_NAME>
        <CF_VIEW_NAME>MRB_HEAD_CASE_LOV_CFV</CF_VIEW_NAME>
        <USED_DB>FALSE</USED_DB>
        <ROWKEY>12897B5FF5EA49C1AAC8D587227B9E29</ROWKEY>
      </CUSTOM_FIELD_VIEW_ROW>
      <CUSTOM_FIELD_VIEW_ROW>
        <VIEW_NAME>MRB_HEAD_DISTINCT</VIEW_NAME>
        <CF_VIEW_NAME>MRB_HEAD_DISTINCT_CFV</CF_VIEW_NAME>
        <USED_DB>FALSE</USED_DB>
        <ROWKEY>32BE109DA09B4F7EA908E058ECA92BDE</ROWKEY>
      </CUSTOM_FIELD_VIEW_ROW>
      <CUSTOM_FIELD_VIEW_ROW>
        <VIEW_NAME>MRB_HEAD_PART_LOV</VIEW_NAME>
        <CF_VIEW_NAME>MRB_HEAD_PART_LOV_CFV</CF_VIEW_NAME>
        <USED_DB>FALSE</USED_DB>
        <ROWKEY>E7B205F4C09B428D87571651CB094D42</ROWKEY>
      </CUSTOM_FIELD_VIEW_ROW>
      <CUSTOM_FIELD_VIEW_ROW>
        <VIEW_NAME>MRB_HEAD_REP</VIEW_NAME>
        <CF_VIEW_NAME>MRB_HEAD_REP_CFV</CF_VIEW_NAME>
        <USED_DB>FALSE</USED_DB>
        <ROWKEY>B3D222AB3F974AF6A5E120ECD0CDF06A</ROWKEY>
      </CUSTOM_FIELD_VIEW_ROW>
      <CUSTOM_FIELD_VIEW_ROW>
        <VIEW_NAME>MRB_HEAD_SITE_LOV</VIEW_NAME>
        <CF_VIEW_NAME>MRB_HEAD_SITE_LOV_CFV</CF_VIEW_NAME>
        <USED_DB>FALSE</USED_DB>
        <ROWKEY>38F2549A52AF4A9CA3B943AFBF358A00</ROWKEY>
      </CUSTOM_FIELD_VIEW_ROW>
      <CUSTOM_FIELD_VIEW_ROW>
        <VIEW_NAME>MRB_LABEL_REP</VIEW_NAME>
        <CF_VIEW_NAME>MRB_LABEL_REP_CFV</CF_VIEW_NAME>
        <USED_DB>FALSE</USED_DB>
        <ROWKEY>2BE209B4CAF54D4E97395963FB430BF1</ROWKEY>
      </CUSTOM_FIELD_VIEW_ROW>
      <CUSTOM_FIELD_VIEW_ROW>
        <VIEW_NAME>SHOP_ORDER_MRB_EXT</VIEW_NAME>
        <CF_VIEW_NAME>SHOP_ORDER_MRB_EXT_CFV</CF_VIEW_NAME>
        <USED_DB>FALSE</USED_DB>
        <ROWKEY>7EB384F1BC594CA1964D250B985F34E6</ROWKEY>
      </CUSTOM_FIELD_VIEW_ROW>
    </CUSTOM_FIELD_VIEW>
  </CUSTOM_FIELD>
</CUSTOM_OBJECT>
