<?xml version="1.0"?>
<CUSTOM_OBJECT>
  <NAME>Create NCR and CAPA</NAME>
  <TYPE>CUSTOM_MENU</TYPE>
  <DESCRIPTION>Create NCR and CAPA - C618 EA</DESCRIPTION>
  <CUSTOM_MENU EXPORT_DEF_VERSION="1">
    <MENU_ID>647580</MENU_ID>
    <DESCRIPTION>Create NCR and CAPA - C618 EA</DESCRIPTION>
    <WINDOW>frmMrbMaintenance</WINDOW>
    <PROCESS>NONE</PROCESS>
    <ORDERING>2</ORDERING>
    <PARAMETER>DECLARE

BEGIN

C_EA_Customization_Util_API.Create_NCR_And_CAPA__(&amp;CF$_SUPPLIER_NO, &amp;MRB_DESCRIPTION, &amp;MRB_CODE,  &amp;MRB_COORDINATOR, &amp;CONTRACT,  &amp;MRB_NUMBER);

END;</PARAMETER>
    <CUSTOM_MENU_TYPE_DB>12</CUSTOM_MENU_TYPE_DB>
    <BUNDLE_EXECUTION_DB>FALSE</BUNDLE_EXECUTION_DB>
    <PO_ID>frmMrbMaintenance</PO_ID>
    <ENABLED_WHEN/>
    <REFRESH_UI>FALSE</REFRESH_UI>
    <EXPORT_DATE>2021-08-19-10.08.10</EXPORT_DATE>
    <DEFINITION_MODIFIED_DATE>2021-08-12-13.44.47</DEFINITION_MODIFIED_DATE>
    <OBJVERSION>20210812134427</OBJVERSION>
    <OBJKEY>0AD08F833E3447B0ADF9DFCA67A58FCD</OBJKEY>
    <TEXTS>
      <TEXTS_ROW>
        <LANGUAGE_CODE>en</LANGUAGE_CODE>
        <TITLE>Create NCR and CAPA</TITLE>
        <OBJKEY>2FF493B2F5EE46449EAD9F4CD5F1592D</OBJKEY>
      </TEXTS_ROW>
      <TEXTS_ROW>
        <LANGUAGE_CODE>gb</LANGUAGE_CODE>
        <TITLE>Create NCR and CAPA</TITLE>
        <OBJKEY>90A614C30E494355BBDB595FFB7AE07D</OBJKEY>
      </TEXTS_ROW>
    </TEXTS>
    <KEY_TRANSLATIONS>
  </KEY_TRANSLATIONS>
    <EXPANDABLE_PARAMETERS>
  </EXPANDABLE_PARAMETERS>
  </CUSTOM_MENU>
</CUSTOM_OBJECT>
