<?xml version="1.0"?>
<CUSTOM_OBJECT>
  <NAME>Create NCR </NAME>
  <TYPE>CUSTOM_MENU</TYPE>
  <DESCRIPTION>C0618</DESCRIPTION>
  <CUSTOM_MENU EXPORT_DEF_VERSION="1">
    <MENU_ID>404895</MENU_ID>
    <DESCRIPTION>C0618</DESCRIPTION>
    <WINDOW>frmMrbMaintenance</WINDOW>
    <PROCESS>NONE</PROCESS>
    <ORDERING>3</ORDERING>
    <PARAMETER>DECLARE

attr_ VARCHAR2(500);
supplier_no_ VARCHAR2(200);
info_ VARCHAR2(3200);
info_2_ VARCHAR2(3200);
info_3_ VARCHAR2(3200);
ncr_no_ VARCHAR2(25);
key_ref_ VARCHAR2(3200);
key_ref_2_ VARCHAR2(3200);
objid_ VARCHAR2(3200);
objversion_ VARCHAR2(3200);
objid_2_ VARCHAR2(3200);
objversion_2_ VARCHAR2(3200);
attr_ncr_ca_    VARCHAR2(3200) := null; 
attr_obj_conn_  VARCHAR2(3200) := null;
attr_handover_ VARCHAR2(3200) := null;

BEGIN

supplier_no_ := SUBSTR(&amp;CF$_SUPPLIER_NO,
              ( INSTR(&amp;CF$_SUPPLIER_NO, &apos;^&apos;)+1),
              (length(&amp;CF$_SUPPLIER_NO) - INSTR(&amp;CF$_SUPPLIER_NO, &apos;^&apos;)) );

&amp;AO.Client_SYS.Add_To_Attr(&apos;DESCRIPTION&apos;, &amp;MRB_DESCRIPTION, attr_ );
&amp;AO.Client_SYS.Add_To_Attr(&apos;NONCONFORMANCE_CODE&apos;, &amp;MRB_CODE , attr_);
&amp;AO.Client_SYS.Add_To_Attr(&apos;SEVERITY_ID&apos;, &apos;20&apos; , attr_);
&amp;AO.Client_SYS.Add_To_Attr(&apos;RESPONSIBLE_PERSON_ID&apos;, &amp;MRB_COORDINATOR, attr_);
&amp;AO.Client_SYS.Add_To_Attr(&apos;TARGET_COMPLETION_DATE&apos;, sysdate + 21, attr_);
&amp;AO.Client_SYS.Add_To_Attr(&apos;COMPANY&apos;,&apos;1201&apos;, attr_);
&amp;AO.Client_SYS.Add_To_Attr(&apos;CONTRACT&apos;,&amp;CONTRACT , attr_);
&amp;AO.Client_SYS.Add_To_Attr(&apos;RAISED_BY&apos;, &amp;MRB_COORDINATOR, attr_);
&amp;AO.Client_SYS.Add_To_Attr(&apos;NCR_REFERENCE_DETAILS&apos;, supplier_no_ , attr_);

&amp;AO.Ncr_Util_API.New_Ncr_From_Wizard(info_ ,attr_ , attr_ncr_ca_, attr_obj_conn_, attr_handover_);

ncr_no_ := &amp;AO.Client_SYS.Get_Item_Value(&apos;NCR_NO&apos;, attr_);

key_ref_ := &apos;MRB_NUMBER=&apos;||&amp;MRB_NUMBER||&apos;^&apos;;

&amp;AO.Client_SYS.Clear_Attr(attr_);
&amp;AO.Client_SYS.Add_To_Attr(&apos;NCR_NO&apos;, ncr_no_, attr_ );
&amp;AO.Client_SYS.Add_To_Attr(&apos;LU_NAME&apos;, &apos;MrbHead&apos;, attr_ );
&amp;AO.Client_SYS.Add_To_Attr(&apos;KEY_REF&apos;, key_ref_, attr_ );

&amp;AO.NCR_OBJECT_CONNECTION_API.NEW__( info_2_ , objid_ , objversion_ , attr_ , &apos;DO&apos; );

key_ref_2_  := &apos;SUPPLIER_ID=&apos;||supplier_no_||&apos;^&apos;;

&amp;AO.Client_SYS.Clear_Attr(attr_);
&amp;AO.Client_SYS.Add_To_Attr(&apos;NCR_NO&apos;, ncr_no_, attr_ );
&amp;AO.Client_SYS.Add_To_Attr(&apos;LU_NAME&apos;, &apos;SupplierInfoGeneral&apos;, attr_ );
&amp;AO.Client_SYS.Add_To_Attr(&apos;KEY_REF&apos;, key_ref_2_ , attr_ );


&amp;AO.NCR_OBJECT_CONNECTION_API.NEW__( info_3_ , objid_2_ , objversion_2_ , attr_ , &apos;DO&apos; );

END;</PARAMETER>
    <CUSTOM_MENU_TYPE_DB>12</CUSTOM_MENU_TYPE_DB>
    <BUNDLE_EXECUTION_DB>FALSE</BUNDLE_EXECUTION_DB>
    <PO_ID>frmMrbMaintenance</PO_ID>
    <ENABLED_WHEN/>
    <REFRESH_UI>FALSE</REFRESH_UI>
    <EXPORT_DATE>2021-07-23-07.18.22</EXPORT_DATE>
    <DEFINITION_MODIFIED_DATE>2021-06-24-12.16.18</DEFINITION_MODIFIED_DATE>
    <OBJVERSION>20210616072315</OBJVERSION>
    <OBJKEY>64899E88D40D45B6B0D7A4A4DAA8B499</OBJKEY>
    <TEXTS>
      <TEXTS_ROW>
        <LANGUAGE_CODE>en</LANGUAGE_CODE>
        <TITLE>Create NCR </TITLE>
        <OBJKEY>2E9399F1928F48B38B3F431E298D431E</OBJKEY>
      </TEXTS_ROW>
      <TEXTS_ROW>
        <LANGUAGE_CODE>gb</LANGUAGE_CODE>
        <TITLE>Create NCR </TITLE>
        <OBJKEY>EE5430C86CB144269C962641E40ECCC4</OBJKEY>
      </TEXTS_ROW>
    </TEXTS>
    <KEY_TRANSLATIONS>
  </KEY_TRANSLATIONS>
    <EXPANDABLE_PARAMETERS>
  </EXPANDABLE_PARAMETERS>
  </CUSTOM_MENU>
</CUSTOM_OBJECT>
