<?xml version="1.0"?>
<APPLICATION_CONFIGURATION>
  <EXPORT_DEF_VERSION>1</EXPORT_DEF_VERSION>
  <PACKAGE_ID>351932E869A842EBA4CF7774FCE93416</PACKAGE_ID>
  <NAME>EA_MANUFACTURING</NAME>
  <DESCRIPTION>This package contains 
 - C0638
 - C0252</DESCRIPTION>
  <AUTHOR>Tunstall Group Holdings Limited</AUTHOR>
  <VERSION/>
  <VERSION_TIME_STAMP>2021-08-19-10.09.00</VERSION_TIME_STAMP>
  <ORIGIN>TUGRPPR-307544-MC-TUGRPPR-APPS10</ORIGIN>
  <LAST_MODIFIED_DATE>2021-07-27-08.12.51</LAST_MODIFIED_DATE>
  <ITEMS>
    <ITEMS_ROW>
      <NAME>SO Materials Exist</NAME>
      <TYPE>CF_READ_ONLY</TYPE>
      <DESCRIPTION>C0252</DESCRIPTION>
      <FILENAME>CustomFieldReadOnly-ShopOrd-SO_MATERIALS_EXIST.xml</FILENAME>
    </ITEMS_ROW>
    <ITEMS_ROW>
      <NAME>SO Doc Exists</NAME>
      <TYPE>CF_READ_ONLY</TYPE>
      <DESCRIPTION>C0252</DESCRIPTION>
      <FILENAME>CustomFieldReadOnly-ShopOrd-SO_DOC_EXISTS.xml</FILENAME>
    </ITEMS_ROW>
    <ITEMS_ROW>
      <NAME>SO Operations Exist</NAME>
      <TYPE>CF_READ_ONLY</TYPE>
      <DESCRIPTION>C0252</DESCRIPTION>
      <FILENAME>CustomFieldReadOnly-ShopOrd-SO_OPERATIONS_EXIST.xml</FILENAME>
    </ITEMS_ROW>
    <ITEMS_ROW>
      <NAME>TO_VALIDATE_DEFAULT_LOCA</NAME>
      <TYPE>CUSTOM_EVENT</TYPE>
      <DESCRIPTION>EA - C0638. To validate the custom field </DESCRIPTION>
      <FILENAME>CustomEvent-PartHandlingUnit-TO_VALIDATE_DEFAULT_LOCA.xml</FILENAME>
    </ITEMS_ROW>
    <ITEMS_ROW>
      <NAME>Document Survey Report</NAME>
      <TYPE>CUSTOM_MENU</TYPE>
      <DESCRIPTION>Document Survey Report</DESCRIPTION>
      <FILENAME>CustomMenu-frmShopOrd_Ext-864431.xml</FILENAME>
    </ITEMS_ROW>
    <ITEMS_ROW>
      <NAME>Manuf Default Location</NAME>
      <TYPE>CF_PERSISTENT</TYPE>
      <DESCRIPTION>EA-C0638</DESCRIPTION>
      <FILENAME>CustomFieldPersistent-PartHandlingUnit-DEF_LOC.xml</FILENAME>
    </ITEMS_ROW>
    <ITEMS_ROW>
      <NAME>0^TO_VALIDATE_DEFAULT_LOCA^PartHandlingUnit</NAME>
      <TYPE>CUSTOM_EVENT_ACTION</TYPE>
      <DESCRIPTION>EA - C0638. To validate the custom field </DESCRIPTION>
      <FILENAME>CustomEventAction-PartHandlingUnit-TO_VALIDATE_DEFAULT_LOCA-0-EXECUTEONLINESQL.xml</FILENAME>
    </ITEMS_ROW>
    <ITEMS_ROW>
      <NAME>Concession No</NAME>
      <TYPE>CF_PERSISTENT</TYPE>
      <DESCRIPTION/>
      <FILENAME>CustomFieldPersistent-ShopOrd-CONC_NO.xml</FILENAME>
    </ITEMS_ROW>
    <ITEMS_ROW>
      <NAME>Print Count</NAME>
      <TYPE>CF_PERSISTENT</TYPE>
      <DESCRIPTION>C0252</DESCRIPTION>
      <FILENAME>CustomFieldPersistent-ShopOrd-PRINT_COUNT.xml</FILENAME>
    </ITEMS_ROW>
  </ITEMS>
  <ADDITIONAL_ITEMS>
    <ADDITIONAL_ITEM>
      <NAME>Views-PartHandlingUnit</NAME>
      <TYPE>CF_VIEWS</TYPE>
      <DESCRIPTION>Views Files for PartHandlingUnit</DESCRIPTION>
      <FILENAME>CustomFieldViews-PartHandlingUnit.xml</FILENAME>
    </ADDITIONAL_ITEM>
    <ADDITIONAL_ITEM>
      <NAME>Views-ShopOrd</NAME>
      <TYPE>CF_VIEWS</TYPE>
      <DESCRIPTION>Views Files for ShopOrd</DESCRIPTION>
      <FILENAME>CustomFieldViews-ShopOrd.xml</FILENAME>
    </ADDITIONAL_ITEM>
  </ADDITIONAL_ITEMS>
</APPLICATION_CONFIGURATION>
