<?xml version="1.0"?>
<APPLICATION_CONFIGURATION>
  <EXPORT_DEF_VERSION>1</EXPORT_DEF_VERSION>
  <PACKAGE_ID>351932E869A842EBA4CF7774FCE93416</PACKAGE_ID>
  <NAME>EA_MANUFACTURING</NAME>
  <DESCRIPTION>This package contains 
 - C0638
 - C0641 - MRB Case Label - SUPPLIER_NAME_MRB_REP</DESCRIPTION>
  <AUTHOR>Tunstall Group Holdings Limited</AUTHOR>
  <VERSION/>
  <VERSION_TIME_STAMP>2021-08-16-14.25.15</VERSION_TIME_STAMP>
  <ORIGIN>TUGRREF-307544-MC-TUGRREF-APPS10</ORIGIN>
  <LAST_MODIFIED_DATE>2021-08-16-14.20.29</LAST_MODIFIED_DATE>
  <ITEMS>
    <ITEMS_ROW>
      <NAME>0^TO_VALIDATE_DEFAULT_LOCA^PartHandlingUnit</NAME>
      <TYPE>CUSTOM_EVENT_ACTION</TYPE>
      <DESCRIPTION>EA - C0638. To validate the custom field </DESCRIPTION>
      <FILENAME>CustomEventAction-PartHandlingUnit-TO_VALIDATE_DEFAULT_LOCA-0-EXECUTEONLINESQL.xml</FILENAME>
    </ITEMS_ROW>
    <ITEMS_ROW>
      <NAME>Supplier Name Mrb Rep</NAME>
      <TYPE>CF_READ_ONLY</TYPE>
      <DESCRIPTION>C0641 - MRB Case Label - Fetch supplier name for the MRB Label report when the Source is &apos;Purchase Order Receipt&apos;</DESCRIPTION>
      <FILENAME>CustomFieldReadOnly-MrbHead-SUPPLIER_NAME_MRB_REP.xml</FILENAME>
    </ITEMS_ROW>
    <ITEMS_ROW>
      <NAME>TO_VALIDATE_DEFAULT_LOCA</NAME>
      <TYPE>CUSTOM_EVENT</TYPE>
      <DESCRIPTION>EA - C0638. To validate the custom field </DESCRIPTION>
      <FILENAME>CustomEvent-PartHandlingUnit-TO_VALIDATE_DEFAULT_LOCA.xml</FILENAME>
    </ITEMS_ROW>
    <ITEMS_ROW>
      <NAME>Manuf Default Location</NAME>
      <TYPE>CF_PERSISTENT</TYPE>
      <DESCRIPTION>EA-C0638</DESCRIPTION>
      <FILENAME>CustomFieldPersistent-PartHandlingUnit-DEF_LOC.xml</FILENAME>
    </ITEMS_ROW>
    <ITEMS_ROW>
      <NAME>Concession No</NAME>
      <TYPE>CF_PERSISTENT</TYPE>
      <DESCRIPTION/>
      <FILENAME>CustomFieldPersistent-ShopOrd-CONC_NO.xml</FILENAME>
    </ITEMS_ROW>
  </ITEMS>
  <ADDITIONAL_ITEMS>
    <ADDITIONAL_ITEM>
      <NAME>Views-MrbHead</NAME>
      <TYPE>CF_VIEWS</TYPE>
      <DESCRIPTION>Views Files for MrbHead</DESCRIPTION>
      <FILENAME>CustomFieldViews-MrbHead.xml</FILENAME>
    </ADDITIONAL_ITEM>
    <ADDITIONAL_ITEM>
      <NAME>Views-PartHandlingUnit</NAME>
      <TYPE>CF_VIEWS</TYPE>
      <DESCRIPTION>Views Files for PartHandlingUnit</DESCRIPTION>
      <FILENAME>CustomFieldViews-PartHandlingUnit.xml</FILENAME>
    </ADDITIONAL_ITEM>
    <ADDITIONAL_ITEM>
      <NAME>Views-ShopOrd</NAME>
      <TYPE>CF_VIEWS</TYPE>
      <DESCRIPTION>Views Files for ShopOrd</DESCRIPTION>
      <FILENAME>CustomFieldViews-ShopOrd.xml</FILENAME>
    </ADDITIONAL_ITEM>
  </ADDITIONAL_ITEMS>
</APPLICATION_CONFIGURATION>
