<?xml version="1.0"?>
<CUSTOM_OBJECT>
  <NAME>Views -MRB Head</NAME>
  <TYPE>CF_VIEWS</TYPE>
  <DESCRIPTION>Custom Field Views of Logical Unit MRB Head</DESCRIPTION>
  <CUSTOM_FIELD_VIEWS EXPORT_DEF_VERSION="1">
    <LU>MrbHead</LU>
    <TABLE_NAME>MRB_HEAD_CFT</TABLE_NAME>
    <VIEW_NAME>MRB_HEAD_CFV</VIEW_NAME>
    <PACKAGE_NAME>MRB_HEAD_CFP</PACKAGE_NAME>
    <DEFINITION_MODIFIED_DATE>2021-04-13-11.23.18</DEFINITION_MODIFIED_DATE>
    <EXPORT_DATE>2021-08-16-14.25.14</EXPORT_DATE>
    <USED_DB>TRUE</USED_DB>
    <ROWKEY>DFA36FF9E8944AA68D48D3D705092F3A</ROWKEY>
    <CUSTOM_FIELD_VIEW>
      <CUSTOM_FIELD_VIEW_ROW>
        <VIEW_NAME>MRB_HEAD_CASE_LOV</VIEW_NAME>
        <CF_VIEW_NAME>MRB_HEAD_CASE_LOV_CFV</CF_VIEW_NAME>
        <USED_DB>FALSE</USED_DB>
        <ROWKEY>8C7385ADAAED463C842F25F6BD67FC91</ROWKEY>
      </CUSTOM_FIELD_VIEW_ROW>
      <CUSTOM_FIELD_VIEW_ROW>
        <VIEW_NAME>MRB_HEAD_DISTINCT</VIEW_NAME>
        <CF_VIEW_NAME>MRB_HEAD_DISTINCT_CFV</CF_VIEW_NAME>
        <USED_DB>FALSE</USED_DB>
        <ROWKEY>D7550DBD35714E96920D2975D332DEC6</ROWKEY>
      </CUSTOM_FIELD_VIEW_ROW>
      <CUSTOM_FIELD_VIEW_ROW>
        <VIEW_NAME>MRB_HEAD_PART_LOV</VIEW_NAME>
        <CF_VIEW_NAME>MRB_HEAD_PART_LOV_CFV</CF_VIEW_NAME>
        <USED_DB>FALSE</USED_DB>
        <ROWKEY>0C23FE9E69BE4B4EB4427C59FE68D008</ROWKEY>
      </CUSTOM_FIELD_VIEW_ROW>
      <CUSTOM_FIELD_VIEW_ROW>
        <VIEW_NAME>MRB_HEAD_REP</VIEW_NAME>
        <CF_VIEW_NAME>MRB_HEAD_REP_CFV</CF_VIEW_NAME>
        <USED_DB>FALSE</USED_DB>
        <ROWKEY>49651AB64A04429291CDF4391DCB888C</ROWKEY>
      </CUSTOM_FIELD_VIEW_ROW>
      <CUSTOM_FIELD_VIEW_ROW>
        <VIEW_NAME>MRB_HEAD_SITE_LOV</VIEW_NAME>
        <CF_VIEW_NAME>MRB_HEAD_SITE_LOV_CFV</CF_VIEW_NAME>
        <USED_DB>FALSE</USED_DB>
        <ROWKEY>13208C3E188C4120BEE37616F8556CD7</ROWKEY>
      </CUSTOM_FIELD_VIEW_ROW>
      <CUSTOM_FIELD_VIEW_ROW>
        <VIEW_NAME>MRB_LABEL_REP</VIEW_NAME>
        <CF_VIEW_NAME>MRB_LABEL_REP_CFV</CF_VIEW_NAME>
        <USED_DB>FALSE</USED_DB>
        <ROWKEY>B6C5B8C4F5F94F9FAFF309406B5FFC36</ROWKEY>
      </CUSTOM_FIELD_VIEW_ROW>
      <CUSTOM_FIELD_VIEW_ROW>
        <VIEW_NAME>SHOP_ORDER_MRB_EXT</VIEW_NAME>
        <CF_VIEW_NAME>SHOP_ORDER_MRB_EXT_CFV</CF_VIEW_NAME>
        <USED_DB>FALSE</USED_DB>
        <ROWKEY>6C9582433E36491C81E71C8357C419C0</ROWKEY>
      </CUSTOM_FIELD_VIEW_ROW>
    </CUSTOM_FIELD_VIEW>
  </CUSTOM_FIELD_VIEWS>
</CUSTOM_OBJECT>
