<?xml version="1.0"?>
<CUSTOM_OBJECT>
  <NAME>Supplier Name Mrb Rep</NAME>
  <TYPE>CF_READ_ONLY</TYPE>
  <DESCRIPTION>C0641 - MRB Case Label - Fetch supplier name for the MRB Label report when the Source is &apos;Purchase Order Receipt&apos;</DESCRIPTION>
  <CUSTOM_FIELD EXPORT_DEF_VERSION="1">
    <LU>MrbHead</LU>
    <TABLE_NAME>MRB_HEAD_CFT</TABLE_NAME>
    <VIEW_NAME>MRB_HEAD_CFV</VIEW_NAME>
    <PACKAGE_NAME>MRB_HEAD_CFP</PACKAGE_NAME>
    <DEFINITION_MODIFIED_DATE>2021-04-13-11.23.18</DEFINITION_MODIFIED_DATE>
    <EXPORT_DATE>2021-08-16-14.25.14</EXPORT_DATE>
    <USED_DB>TRUE</USED_DB>
    <ROWKEY>DFA36FF9E8944AA68D48D3D705092F3A</ROWKEY>
    <CUSTOM_FIELD_ATTRIBUTE>
      <CUSTOM_FIELD_ATTRIBUTE_ROW>
        <ATTRIBUTE_NAME>SUPPLIER_NAME_MRB_REP</ATTRIBUTE_NAME>
        <DATA_TYPE_DB>STRING</DATA_TYPE_DB>
        <FORMAT_DB>UNFORMATTED</FORMAT_DB>
        <DATA_LENGTH>4000</DATA_LENGTH>
        <DEFAULT_VALUE_TYPE_DB>NO_DEFAULT_VALUE</DEFAULT_VALUE_TYPE_DB>
        <DEFAULT_VALUE/>
        <MANDATORY_DB>FALSE</MANDATORY_DB>
        <INSERTABLE_DB>FALSE</INSERTABLE_DB>
        <UPDATEABLE_DB>FALSE</UPDATEABLE_DB>
        <QUERYABLE_DB>FALSE</QUERYABLE_DB>
        <PRIVATE_DB>FALSE</PRIVATE_DB>
        <LOV_DB>FALSE</LOV_DB>
        <INDEXED_DB>FALSE</INDEXED_DB>
        <PROMPT>Supplier Name Mrb Rep</PROMPT>
        <DEFINITION_MODIFIED_DATE>2021-05-17-15.02.10</DEFINITION_MODIFIED_DATE>
        <CUSTOM_FIELD_TYPE_DB>READ_ONLY_FIELD</CUSTOM_FIELD_TYPE_DB>
        <CUSTOM_FIELD_IMPL_TYPE_DB>EXPRESSION</CUSTOM_FIELD_IMPL_TYPE_DB>
        <EXPRESSION>Mrb_Head_Cfp.Get_CF$_Supplier_Name_Mrb_Rep(v.objkey)</EXPRESSION>
        <METADATA>Purchase_Order_API.Get_Vendor_No(v.order_ref1)</METADATA>
        <LU_REFERENCE/>
        <UI_OBJECT_DB>DEFAULT</UI_OBJECT_DB>
        <USED_DB>TRUE</USED_DB>
        <READ_ONLY_EXPRESSION_DB>TRUE</READ_ONLY_EXPRESSION_DB>
        <NOTE>C0641 - MRB Case Label - Fetch supplier name for the MRB Label report when the Source is &apos;Purchase Order Receipt&apos;</NOTE>
        <ENABLED_ON_REPORTS_DB>TRUE</ENABLED_ON_REPORTS_DB>
        <CONSTRAINT_TYPE_DB>RESTRICTED</CONSTRAINT_TYPE_DB>
        <LOV_VIEW/>
        <ALTERNATE_KEY_DB>FALSE</ALTERNATE_KEY_DB>
        <ROWKEY>4CAB73C0F2214E59B133991ED2022910</ROWKEY>
      </CUSTOM_FIELD_ATTRIBUTE_ROW>
    </CUSTOM_FIELD_ATTRIBUTE>
    <TRANSLATIONS>
  </TRANSLATIONS>
    <CUSTOM_FIELD_VIEW>
      <CUSTOM_FIELD_VIEW_ROW>
        <VIEW_NAME>MRB_HEAD_CASE_LOV</VIEW_NAME>
        <CF_VIEW_NAME>MRB_HEAD_CASE_LOV_CFV</CF_VIEW_NAME>
        <USED_DB>FALSE</USED_DB>
        <ROWKEY>8C7385ADAAED463C842F25F6BD67FC91</ROWKEY>
      </CUSTOM_FIELD_VIEW_ROW>
      <CUSTOM_FIELD_VIEW_ROW>
        <VIEW_NAME>MRB_HEAD_DISTINCT</VIEW_NAME>
        <CF_VIEW_NAME>MRB_HEAD_DISTINCT_CFV</CF_VIEW_NAME>
        <USED_DB>FALSE</USED_DB>
        <ROWKEY>D7550DBD35714E96920D2975D332DEC6</ROWKEY>
      </CUSTOM_FIELD_VIEW_ROW>
      <CUSTOM_FIELD_VIEW_ROW>
        <VIEW_NAME>MRB_HEAD_PART_LOV</VIEW_NAME>
        <CF_VIEW_NAME>MRB_HEAD_PART_LOV_CFV</CF_VIEW_NAME>
        <USED_DB>FALSE</USED_DB>
        <ROWKEY>0C23FE9E69BE4B4EB4427C59FE68D008</ROWKEY>
      </CUSTOM_FIELD_VIEW_ROW>
      <CUSTOM_FIELD_VIEW_ROW>
        <VIEW_NAME>MRB_HEAD_REP</VIEW_NAME>
        <CF_VIEW_NAME>MRB_HEAD_REP_CFV</CF_VIEW_NAME>
        <USED_DB>FALSE</USED_DB>
        <ROWKEY>49651AB64A04429291CDF4391DCB888C</ROWKEY>
      </CUSTOM_FIELD_VIEW_ROW>
      <CUSTOM_FIELD_VIEW_ROW>
        <VIEW_NAME>MRB_HEAD_SITE_LOV</VIEW_NAME>
        <CF_VIEW_NAME>MRB_HEAD_SITE_LOV_CFV</CF_VIEW_NAME>
        <USED_DB>FALSE</USED_DB>
        <ROWKEY>13208C3E188C4120BEE37616F8556CD7</ROWKEY>
      </CUSTOM_FIELD_VIEW_ROW>
      <CUSTOM_FIELD_VIEW_ROW>
        <VIEW_NAME>MRB_LABEL_REP</VIEW_NAME>
        <CF_VIEW_NAME>MRB_LABEL_REP_CFV</CF_VIEW_NAME>
        <USED_DB>FALSE</USED_DB>
        <ROWKEY>B6C5B8C4F5F94F9FAFF309406B5FFC36</ROWKEY>
      </CUSTOM_FIELD_VIEW_ROW>
      <CUSTOM_FIELD_VIEW_ROW>
        <VIEW_NAME>SHOP_ORDER_MRB_EXT</VIEW_NAME>
        <CF_VIEW_NAME>SHOP_ORDER_MRB_EXT_CFV</CF_VIEW_NAME>
        <USED_DB>FALSE</USED_DB>
        <ROWKEY>6C9582433E36491C81E71C8357C419C0</ROWKEY>
      </CUSTOM_FIELD_VIEW_ROW>
    </CUSTOM_FIELD_VIEW>
  </CUSTOM_FIELD>
</CUSTOM_OBJECT>
