<?xml version="1.0"?>
<CUSTOM_OBJECT>
  <NAME>Views -Part Handling Unit</NAME>
  <TYPE>CF_VIEWS</TYPE>
  <DESCRIPTION>Custom Field Views of Logical Unit Part Handling Unit</DESCRIPTION>
  <CUSTOM_FIELD_VIEWS EXPORT_DEF_VERSION="1">
    <LU>PartHandlingUnit</LU>
    <TABLE_NAME>PART_HANDLING_UNIT_CFT</TABLE_NAME>
    <VIEW_NAME>PART_HANDLING_UNIT_CFV</VIEW_NAME>
    <PACKAGE_NAME>PART_HANDLING_UNIT_CFP</PACKAGE_NAME>
    <DEFINITION_MODIFIED_DATE>2021-04-07-10.21.34</DEFINITION_MODIFIED_DATE>
    <EXPORT_DATE>2021-06-15-09.42.16</EXPORT_DATE>
    <USED_DB>TRUE</USED_DB>
    <ROWKEY>454E77EE5C444A148A923135F9A5C64D</ROWKEY>
    <CUSTOM_FIELD_VIEW>
      <CUSTOM_FIELD_VIEW_ROW>
        <VIEW_NAME>PART_HANDLING_UNIT_OPERATIVE</VIEW_NAME>
        <CF_VIEW_NAME>PART_HANDLING_UN2055616040_CFV</CF_VIEW_NAME>
        <USED_DB>FALSE</USED_DB>
        <ROWKEY>F9F6E4C347DC4937B3E23B3A09838437</ROWKEY>
      </CUSTOM_FIELD_VIEW_ROW>
    </CUSTOM_FIELD_VIEW>
  </CUSTOM_FIELD_VIEWS>
</CUSTOM_OBJECT>
