<?xml version="1.0"?>
<CUSTOM_OBJECT>
  <NAME>Concession No</NAME>
  <TYPE>CF_PERSISTENT</TYPE>
  <DESCRIPTION/>
  <CUSTOM_FIELD EXPORT_DEF_VERSION="1">
    <LU>ShopOrd</LU>
    <TABLE_NAME>SHOP_ORD_CFT</TABLE_NAME>
    <VIEW_NAME>SHOP_ORD_CFV</VIEW_NAME>
    <PACKAGE_NAME>SHOP_ORD_CFP</PACKAGE_NAME>
    <DEFINITION_MODIFIED_DATE>2021-03-03-17.18.58</DEFINITION_MODIFIED_DATE>
    <EXPORT_DATE>2021-06-15-09.42.17</EXPORT_DATE>
    <USED_DB>TRUE</USED_DB>
    <ROWKEY>901828B2F9884940B184069292832A60</ROWKEY>
    <CUSTOM_FIELD_ATTRIBUTE>
      <CUSTOM_FIELD_ATTRIBUTE_ROW>
        <ATTRIBUTE_NAME>CONC_NO</ATTRIBUTE_NAME>
        <DATA_TYPE_DB>STRING</DATA_TYPE_DB>
        <FORMAT_DB>UPPERCASE</FORMAT_DB>
        <DATA_LENGTH>4</DATA_LENGTH>
        <DEFAULT_VALUE_TYPE_DB>NO_DEFAULT_VALUE</DEFAULT_VALUE_TYPE_DB>
        <DEFAULT_VALUE/>
        <MANDATORY_DB>FALSE</MANDATORY_DB>
        <INSERTABLE_DB>TRUE</INSERTABLE_DB>
        <UPDATEABLE_DB>TRUE</UPDATEABLE_DB>
        <QUERYABLE_DB>TRUE</QUERYABLE_DB>
        <PRIVATE_DB>FALSE</PRIVATE_DB>
        <LOV_DB>FALSE</LOV_DB>
        <INDEXED_DB>FALSE</INDEXED_DB>
        <PROMPT>Concession No</PROMPT>
        <DEFINITION_MODIFIED_DATE>2021-03-03-17.18.58</DEFINITION_MODIFIED_DATE>
        <CUSTOM_FIELD_TYPE_DB>PERSISTENT_FIELD</CUSTOM_FIELD_TYPE_DB>
        <CUSTOM_FIELD_IMPL_TYPE_DB>NOT_APPLICABLE</CUSTOM_FIELD_IMPL_TYPE_DB>
        <EXPRESSION/>
        <METADATA/>
        <LU_REFERENCE/>
        <UI_OBJECT_DB>DEFAULT</UI_OBJECT_DB>
        <USED_DB>TRUE</USED_DB>
        <READ_ONLY_EXPRESSION_DB>FALSE</READ_ONLY_EXPRESSION_DB>
        <NOTE/>
        <ENABLED_ON_REPORTS_DB>TRUE</ENABLED_ON_REPORTS_DB>
        <CONSTRAINT_TYPE_DB>RESTRICTED</CONSTRAINT_TYPE_DB>
        <LOV_VIEW/>
        <ALTERNATE_KEY_DB>FALSE</ALTERNATE_KEY_DB>
        <ROWKEY>D32CE4C8BC9242DE956A45AD1AF497AF</ROWKEY>
      </CUSTOM_FIELD_ATTRIBUTE_ROW>
    </CUSTOM_FIELD_ATTRIBUTE>
    <TRANSLATIONS>
  </TRANSLATIONS>
    <CUSTOM_FIELD_VIEW>
      <CUSTOM_FIELD_VIEW_ROW>
        <VIEW_NAME>RESERVED_SERIAL_STRUCTURE_REP</VIEW_NAME>
        <CF_VIEW_NAME>RESERVED_SERIAL_S688577280_CFV</CF_VIEW_NAME>
        <USED_DB>FALSE</USED_DB>
        <ROWKEY>480E10D264AB4645B5E39B1D887AAA10</ROWKEY>
      </CUSTOM_FIELD_VIEW_ROW>
      <CUSTOM_FIELD_VIEW_ROW>
        <VIEW_NAME>SHOP_ORDER_CONFIG_USAGE</VIEW_NAME>
        <CF_VIEW_NAME>SHOP_ORDER_CONFIG_USAGE_CFV</CF_VIEW_NAME>
        <USED_DB>FALSE</USED_DB>
        <ROWKEY>F5582400295F48A5A58BF1C08A308ABF</ROWKEY>
      </CUSTOM_FIELD_VIEW_ROW>
      <CUSTOM_FIELD_VIEW_ROW>
        <VIEW_NAME>SHOP_ORDER_COST_REP</VIEW_NAME>
        <CF_VIEW_NAME>SHOP_ORDER_COST_REP_CFV</CF_VIEW_NAME>
        <USED_DB>FALSE</USED_DB>
        <ROWKEY>407A8BF434C64F73A3BA79DA7EFDED35</ROWKEY>
      </CUSTOM_FIELD_VIEW_ROW>
      <CUSTOM_FIELD_VIEW_ROW>
        <VIEW_NAME>SHOP_ORDER_EXT</VIEW_NAME>
        <CF_VIEW_NAME>SHOP_ORDER_EXT_CFV</CF_VIEW_NAME>
        <USED_DB>FALSE</USED_DB>
        <ROWKEY>E9FDB25420F34786BBA2AE71A1B8CC83</ROWKEY>
      </CUSTOM_FIELD_VIEW_ROW>
      <CUSTOM_FIELD_VIEW_ROW>
        <VIEW_NAME>SHOP_ORDER_MS</VIEW_NAME>
        <CF_VIEW_NAME>SHOP_ORDER_MS_CFV</CF_VIEW_NAME>
        <USED_DB>FALSE</USED_DB>
        <ROWKEY>284DAB04D1F6447896ACDFDB7DCB8EEE</ROWKEY>
      </CUSTOM_FIELD_VIEW_ROW>
      <CUSTOM_FIELD_VIEW_ROW>
        <VIEW_NAME>SHOP_ORDER_ORG_AND_SPLIT</VIEW_NAME>
        <CF_VIEW_NAME>SHOP_ORDER_ORG_AND_SPLIT_CFV</CF_VIEW_NAME>
        <USED_DB>FALSE</USED_DB>
        <ROWKEY>1C931C60304A4FB589147E314BA625A0</ROWKEY>
      </CUSTOM_FIELD_VIEW_ROW>
      <CUSTOM_FIELD_VIEW_ROW>
        <VIEW_NAME>SHOP_ORDER_REP</VIEW_NAME>
        <CF_VIEW_NAME>SHOP_ORDER_REP_CFV</CF_VIEW_NAME>
        <USED_DB>FALSE</USED_DB>
        <ROWKEY>B3A6569B73834F329D7171AB7F151705</ROWKEY>
      </CUSTOM_FIELD_VIEW_ROW>
      <CUSTOM_FIELD_VIEW_ROW>
        <VIEW_NAME>SHOP_ORDER_SPLITS_DISTINCT</VIEW_NAME>
        <CF_VIEW_NAME>SHOP_ORDER_SPLITS_DISTINCT_CFV</CF_VIEW_NAME>
        <USED_DB>FALSE</USED_DB>
        <ROWKEY>69E054781BAE47AAAA0AAAAB39E8465A</ROWKEY>
      </CUSTOM_FIELD_VIEW_ROW>
      <CUSTOM_FIELD_VIEW_ROW>
        <VIEW_NAME>SHOP_ORD_CONSOL_PICK_LIST_REP</VIEW_NAME>
        <CF_VIEW_NAME>SHOP_ORD_CONSOL_1189020147_CFV</CF_VIEW_NAME>
        <USED_DB>FALSE</USED_DB>
        <ROWKEY>E1196BF8C37542488E475510DEBE9B53</ROWKEY>
      </CUSTOM_FIELD_VIEW_ROW>
      <CUSTOM_FIELD_VIEW_ROW>
        <VIEW_NAME>SHOP_ORD_LOV2</VIEW_NAME>
        <CF_VIEW_NAME>SHOP_ORD_LOV2_CFV</CF_VIEW_NAME>
        <USED_DB>FALSE</USED_DB>
        <ROWKEY>50FD4F2554AB4C698264BFBA9F17EEFC</ROWKEY>
      </CUSTOM_FIELD_VIEW_ROW>
      <CUSTOM_FIELD_VIEW_ROW>
        <VIEW_NAME>SHOP_ORD_LOV3</VIEW_NAME>
        <CF_VIEW_NAME>SHOP_ORD_LOV3_CFV</CF_VIEW_NAME>
        <USED_DB>FALSE</USED_DB>
        <ROWKEY>665BC7C25B56435482A6D6E078CA95C6</ROWKEY>
      </CUSTOM_FIELD_VIEW_ROW>
      <CUSTOM_FIELD_VIEW_ROW>
        <VIEW_NAME>SHOP_ORD_LOV4</VIEW_NAME>
        <CF_VIEW_NAME>SHOP_ORD_LOV4_CFV</CF_VIEW_NAME>
        <USED_DB>FALSE</USED_DB>
        <ROWKEY>00EF61BFADC542B2AF3B1C72345213ED</ROWKEY>
      </CUSTOM_FIELD_VIEW_ROW>
      <CUSTOM_FIELD_VIEW_ROW>
        <VIEW_NAME>SHOP_ORD_LOV5</VIEW_NAME>
        <CF_VIEW_NAME>SHOP_ORD_LOV5_CFV</CF_VIEW_NAME>
        <USED_DB>FALSE</USED_DB>
        <ROWKEY>F22CBD63449E4EE99C8171FABC11D263</ROWKEY>
      </CUSTOM_FIELD_VIEW_ROW>
      <CUSTOM_FIELD_VIEW_ROW>
        <VIEW_NAME>SHOP_ORD_LOV6</VIEW_NAME>
        <CF_VIEW_NAME>SHOP_ORD_LOV6_CFV</CF_VIEW_NAME>
        <USED_DB>FALSE</USED_DB>
        <ROWKEY>DD0008246449412CB2F7AF8065237F82</ROWKEY>
      </CUSTOM_FIELD_VIEW_ROW>
      <CUSTOM_FIELD_VIEW_ROW>
        <VIEW_NAME>SHOP_ORD_LOV7</VIEW_NAME>
        <CF_VIEW_NAME>SHOP_ORD_LOV7_CFV</CF_VIEW_NAME>
        <USED_DB>FALSE</USED_DB>
        <ROWKEY>2F34C86CA2074DE6AC4BD618585E4B56</ROWKEY>
      </CUSTOM_FIELD_VIEW_ROW>
      <CUSTOM_FIELD_VIEW_ROW>
        <VIEW_NAME>SHOP_ORD_PUB</VIEW_NAME>
        <CF_VIEW_NAME>SHOP_ORD_PUB_CFV</CF_VIEW_NAME>
        <USED_DB>FALSE</USED_DB>
        <ROWKEY>38B315F998D3452390844F37EB304968</ROWKEY>
      </CUSTOM_FIELD_VIEW_ROW>
      <CUSTOM_FIELD_VIEW_ROW>
        <VIEW_NAME>SHOP_ORD_REL_LOV</VIEW_NAME>
        <CF_VIEW_NAME>SHOP_ORD_REL_LOV_CFV</CF_VIEW_NAME>
        <USED_DB>FALSE</USED_DB>
        <ROWKEY>0D47025687A249428447C212295DF876</ROWKEY>
      </CUSTOM_FIELD_VIEW_ROW>
      <CUSTOM_FIELD_VIEW_ROW>
        <VIEW_NAME>SHOP_ORD_SEQ_LOV</VIEW_NAME>
        <CF_VIEW_NAME>SHOP_ORD_SEQ_LOV_CFV</CF_VIEW_NAME>
        <USED_DB>FALSE</USED_DB>
        <ROWKEY>7A9883AB2C634905B8FD094643702D1D</ROWKEY>
      </CUSTOM_FIELD_VIEW_ROW>
      <CUSTOM_FIELD_VIEW_ROW>
        <VIEW_NAME>SHOP_ORD_SHORTAGE_REP</VIEW_NAME>
        <CF_VIEW_NAME>SHOP_ORD_SHORTAGE_REP_CFV</CF_VIEW_NAME>
        <USED_DB>FALSE</USED_DB>
        <ROWKEY>B7D6D5E2B751419FB0CE53D29A719F2D</ROWKEY>
      </CUSTOM_FIELD_VIEW_ROW>
      <CUSTOM_FIELD_VIEW_ROW>
        <VIEW_NAME>SHOP_ORD_SUPPLY</VIEW_NAME>
        <CF_VIEW_NAME>SHOP_ORD_SUPPLY_CFV</CF_VIEW_NAME>
        <USED_DB>FALSE</USED_DB>
        <ROWKEY>CBB9A09491504768A69A7A496C53F71E</ROWKEY>
      </CUSTOM_FIELD_VIEW_ROW>
      <CUSTOM_FIELD_VIEW_ROW>
        <VIEW_NAME>SHOP_ORD_SUPPLY_OE</VIEW_NAME>
        <CF_VIEW_NAME>SHOP_ORD_SUPPLY_OE_CFV</CF_VIEW_NAME>
        <USED_DB>FALSE</USED_DB>
        <ROWKEY>1C00B364081843EEBE01A7D1A68152FE</ROWKEY>
      </CUSTOM_FIELD_VIEW_ROW>
      <CUSTOM_FIELD_VIEW_ROW>
        <VIEW_NAME>SHOP_ORD_SUPPLY_PUB</VIEW_NAME>
        <CF_VIEW_NAME>SHOP_ORD_SUPPLY_PUB_CFV</CF_VIEW_NAME>
        <USED_DB>FALSE</USED_DB>
        <ROWKEY>2B8C9D3CCE874529B633670ADF64D178</ROWKEY>
      </CUSTOM_FIELD_VIEW_ROW>
      <CUSTOM_FIELD_VIEW_ROW>
        <VIEW_NAME>SHOP_ORD_WIPPF_REP</VIEW_NAME>
        <CF_VIEW_NAME>SHOP_ORD_WIPPF_REP_CFV</CF_VIEW_NAME>
        <USED_DB>FALSE</USED_DB>
        <ROWKEY>59BFE4FCF6534E0B803CB6CC7F232F6C</ROWKEY>
      </CUSTOM_FIELD_VIEW_ROW>
      <CUSTOM_FIELD_VIEW_ROW>
        <VIEW_NAME>SHOP_ORD_WIP_REP</VIEW_NAME>
        <CF_VIEW_NAME>SHOP_ORD_WIP_REP_CFV</CF_VIEW_NAME>
        <USED_DB>FALSE</USED_DB>
        <ROWKEY>F7A6F76FBDB6410DAB80B7DAED7AFE15</ROWKEY>
      </CUSTOM_FIELD_VIEW_ROW>
      <CUSTOM_FIELD_VIEW_ROW>
        <VIEW_NAME>SHOP_ORD_WI_REP</VIEW_NAME>
        <CF_VIEW_NAME>SHOP_ORD_WI_REP_CFV</CF_VIEW_NAME>
        <USED_DB>FALSE</USED_DB>
        <ROWKEY>F953BB2047EA4CBB952E31E089C703B6</ROWKEY>
      </CUSTOM_FIELD_VIEW_ROW>
      <CUSTOM_FIELD_VIEW_ROW>
        <VIEW_NAME>SHPORD_INFO_SERVICES_RPV</VIEW_NAME>
        <CF_VIEW_NAME>SHPORD_INFO_SERVICES_RPV_CFV</CF_VIEW_NAME>
        <USED_DB>FALSE</USED_DB>
        <ROWKEY>D9075C1EA5F442B89462B724CC801428</ROWKEY>
      </CUSTOM_FIELD_VIEW_ROW>
      <CUSTOM_FIELD_VIEW_ROW>
        <VIEW_NAME>SO_LOT_BATCH_LOV</VIEW_NAME>
        <CF_VIEW_NAME>SO_LOT_BATCH_LOV_CFV</CF_VIEW_NAME>
        <USED_DB>FALSE</USED_DB>
        <ROWKEY>F0C8279B8E184F1DA3CE1EEC325867CD</ROWKEY>
      </CUSTOM_FIELD_VIEW_ROW>
      <CUSTOM_FIELD_VIEW_ROW>
        <VIEW_NAME>TOOL_USAGE_REP</VIEW_NAME>
        <CF_VIEW_NAME>TOOL_USAGE_REP_CFV</CF_VIEW_NAME>
        <USED_DB>FALSE</USED_DB>
        <ROWKEY>2496DD05B1194538A9F3A652B340D930</ROWKEY>
      </CUSTOM_FIELD_VIEW_ROW>
      <CUSTOM_FIELD_VIEW_ROW>
        <VIEW_NAME>WIP_COST_CENTER_REP</VIEW_NAME>
        <CF_VIEW_NAME>WIP_COST_CENTER_REP_CFV</CF_VIEW_NAME>
        <USED_DB>FALSE</USED_DB>
        <ROWKEY>96B842ECA94D4ADB9468FB7D4FF71368</ROWKEY>
      </CUSTOM_FIELD_VIEW_ROW>
    </CUSTOM_FIELD_VIEW>
  </CUSTOM_FIELD>
</CUSTOM_OBJECT>
