<?xml version="1.0"?>
<CUSTOM_OBJECT>
  <NAME>Manuf Default Location</NAME>
  <TYPE>CF_PERSISTENT</TYPE>
  <DESCRIPTION>EA-C0638</DESCRIPTION>
  <CUSTOM_FIELD EXPORT_DEF_VERSION="1">
    <LU>PartHandlingUnit</LU>
    <TABLE_NAME>PART_HANDLING_UNIT_CFT</TABLE_NAME>
    <VIEW_NAME>PART_HANDLING_UNIT_CFV</VIEW_NAME>
    <PACKAGE_NAME>PART_HANDLING_UNIT_CFP</PACKAGE_NAME>
    <DEFINITION_MODIFIED_DATE>2021-04-07-10.21.34</DEFINITION_MODIFIED_DATE>
    <EXPORT_DATE>2021-08-16-14.25.15</EXPORT_DATE>
    <USED_DB>TRUE</USED_DB>
    <ROWKEY>A835889190664E9C850944402803C3B2</ROWKEY>
    <CUSTOM_FIELD_ATTRIBUTE>
      <CUSTOM_FIELD_ATTRIBUTE_ROW>
        <ATTRIBUTE_NAME>DEF_LOC</ATTRIBUTE_NAME>
        <DATA_TYPE_DB>REFERENCE</DATA_TYPE_DB>
        <FORMAT_DB>UNFORMATTED</FORMAT_DB>
        <DATA_LENGTH>100</DATA_LENGTH>
        <DEFAULT_VALUE_TYPE_DB>NO_DEFAULT_VALUE</DEFAULT_VALUE_TYPE_DB>
        <DEFAULT_VALUE/>
        <MANDATORY_DB>FALSE</MANDATORY_DB>
        <INSERTABLE_DB>TRUE</INSERTABLE_DB>
        <UPDATEABLE_DB>TRUE</UPDATEABLE_DB>
        <QUERYABLE_DB>TRUE</QUERYABLE_DB>
        <PRIVATE_DB>FALSE</PRIVATE_DB>
        <LOV_DB>TRUE</LOV_DB>
        <INDEXED_DB>FALSE</INDEXED_DB>
        <PROMPT>Manuf Default Location</PROMPT>
        <DEFINITION_MODIFIED_DATE>2021-04-12-13.56.55</DEFINITION_MODIFIED_DATE>
        <CUSTOM_FIELD_TYPE_DB>PERSISTENT_FIELD</CUSTOM_FIELD_TYPE_DB>
        <CUSTOM_FIELD_IMPL_TYPE_DB>NOT_APPLICABLE</CUSTOM_FIELD_IMPL_TYPE_DB>
        <EXPRESSION>Part_Handling_Unit_Cfp.Ref_Cf$_Def_Loc(t.cf$_Def_Loc)</EXPRESSION>
        <METADATA>LOCATION_NO</METADATA>
        <LU_REFERENCE>WarehouseBayBin</LU_REFERENCE>
        <UI_OBJECT_DB>DEFAULT</UI_OBJECT_DB>
        <USED_DB>TRUE</USED_DB>
        <READ_ONLY_EXPRESSION_DB>FALSE</READ_ONLY_EXPRESSION_DB>
        <NOTE>EA-C0638</NOTE>
        <ENABLED_ON_REPORTS_DB>TRUE</ENABLED_ON_REPORTS_DB>
        <CONSTRAINT_TYPE_DB>RESTRICTED</CONSTRAINT_TYPE_DB>
        <LOV_VIEW>WAREHOUSE_BAY_BIN</LOV_VIEW>
        <ALTERNATE_KEY_DB>FALSE</ALTERNATE_KEY_DB>
        <ROWKEY>B924AA18D42D4D9D805C737C93CE954E</ROWKEY>
      </CUSTOM_FIELD_ATTRIBUTE_ROW>
    </CUSTOM_FIELD_ATTRIBUTE>
    <TRANSLATIONS>
  </TRANSLATIONS>
    <CUSTOM_FIELD_VIEW>
      <CUSTOM_FIELD_VIEW_ROW>
        <VIEW_NAME>PART_HANDLING_UNIT_OPERATIVE</VIEW_NAME>
        <CF_VIEW_NAME>PART_HANDLING_UN2055616040_CFV</CF_VIEW_NAME>
        <USED_DB>FALSE</USED_DB>
        <ROWKEY>796B27EFB6244A7AA9BAC1D2F91CD126</ROWKEY>
      </CUSTOM_FIELD_VIEW_ROW>
    </CUSTOM_FIELD_VIEW>
  </CUSTOM_FIELD>
</CUSTOM_OBJECT>
