<?xml version="1.0"?>
<CUSTOM_OBJECT>
  <NAME>Views -Shop Order</NAME>
  <TYPE>CF_VIEWS</TYPE>
  <DESCRIPTION>Custom Field Views of Logical Unit Shop Order</DESCRIPTION>
  <CUSTOM_FIELD_VIEWS EXPORT_DEF_VERSION="1">
    <LU>ShopOrd</LU>
    <TABLE_NAME>SHOP_ORD_CFT</TABLE_NAME>
    <VIEW_NAME>SHOP_ORD_CFV</VIEW_NAME>
    <PACKAGE_NAME>SHOP_ORD_CFP</PACKAGE_NAME>
    <DEFINITION_MODIFIED_DATE>2021-08-10-01.17.30</DEFINITION_MODIFIED_DATE>
    <EXPORT_DATE>2021-08-16-14.25.15</EXPORT_DATE>
    <USED_DB>TRUE</USED_DB>
    <ROWKEY>143566FE1099430681ED3F4E0FA704A9</ROWKEY>
    <CUSTOM_FIELD_VIEW>
      <CUSTOM_FIELD_VIEW_ROW>
        <VIEW_NAME>EA_SHOP_ORDER_REP</VIEW_NAME>
        <CF_VIEW_NAME>EA_SHOP_ORDER_REP_CFV</CF_VIEW_NAME>
        <USED_DB>FALSE</USED_DB>
        <ROWKEY>29AB6B136E204FB9937799673891E849</ROWKEY>
      </CUSTOM_FIELD_VIEW_ROW>
      <CUSTOM_FIELD_VIEW_ROW>
        <VIEW_NAME>RESERVED_SERIAL_STRUCTURE_REP</VIEW_NAME>
        <CF_VIEW_NAME>RESERVED_SERIAL_S688577280_CFV</CF_VIEW_NAME>
        <USED_DB>FALSE</USED_DB>
        <ROWKEY>F633B70733D54EFDB5F2B61CD0FE8E2E</ROWKEY>
      </CUSTOM_FIELD_VIEW_ROW>
      <CUSTOM_FIELD_VIEW_ROW>
        <VIEW_NAME>SHOP_ORDER_CONFIG_USAGE</VIEW_NAME>
        <CF_VIEW_NAME>SHOP_ORDER_CONFIG_USAGE_CFV</CF_VIEW_NAME>
        <USED_DB>FALSE</USED_DB>
        <ROWKEY>40C0996E2A65414099015F22F4029DF9</ROWKEY>
      </CUSTOM_FIELD_VIEW_ROW>
      <CUSTOM_FIELD_VIEW_ROW>
        <VIEW_NAME>SHOP_ORDER_COST_REP</VIEW_NAME>
        <CF_VIEW_NAME>SHOP_ORDER_COST_REP_CFV</CF_VIEW_NAME>
        <USED_DB>FALSE</USED_DB>
        <ROWKEY>0DE924D4A4374363B68C3007EC734652</ROWKEY>
      </CUSTOM_FIELD_VIEW_ROW>
      <CUSTOM_FIELD_VIEW_ROW>
        <VIEW_NAME>SHOP_ORDER_EXT</VIEW_NAME>
        <CF_VIEW_NAME>SHOP_ORDER_EXT_CFV</CF_VIEW_NAME>
        <USED_DB>FALSE</USED_DB>
        <ROWKEY>CF792049F0F04CFA93B1764AF285C831</ROWKEY>
      </CUSTOM_FIELD_VIEW_ROW>
      <CUSTOM_FIELD_VIEW_ROW>
        <VIEW_NAME>SHOP_ORDER_MS</VIEW_NAME>
        <CF_VIEW_NAME>SHOP_ORDER_MS_CFV</CF_VIEW_NAME>
        <USED_DB>FALSE</USED_DB>
        <ROWKEY>CB867BBD4EA648CCB915D84E46330E89</ROWKEY>
      </CUSTOM_FIELD_VIEW_ROW>
      <CUSTOM_FIELD_VIEW_ROW>
        <VIEW_NAME>SHOP_ORDER_ORG_AND_SPLIT</VIEW_NAME>
        <CF_VIEW_NAME>SHOP_ORDER_ORG_AND_SPLIT_CFV</CF_VIEW_NAME>
        <USED_DB>FALSE</USED_DB>
        <ROWKEY>610E06C7A6E84161B960350580A553EB</ROWKEY>
      </CUSTOM_FIELD_VIEW_ROW>
      <CUSTOM_FIELD_VIEW_ROW>
        <VIEW_NAME>SHOP_ORDER_REP</VIEW_NAME>
        <CF_VIEW_NAME>SHOP_ORDER_REP_CFV</CF_VIEW_NAME>
        <USED_DB>FALSE</USED_DB>
        <ROWKEY>C05B0A52405746BDACF2481CFF3F6408</ROWKEY>
      </CUSTOM_FIELD_VIEW_ROW>
      <CUSTOM_FIELD_VIEW_ROW>
        <VIEW_NAME>SHOP_ORDER_SPLITS_DISTINCT</VIEW_NAME>
        <CF_VIEW_NAME>SHOP_ORDER_SPLITS_DISTINCT_CFV</CF_VIEW_NAME>
        <USED_DB>FALSE</USED_DB>
        <ROWKEY>B69FFCDA0B084C7294FBB0E1B09169DD</ROWKEY>
      </CUSTOM_FIELD_VIEW_ROW>
      <CUSTOM_FIELD_VIEW_ROW>
        <VIEW_NAME>SHOP_ORD_CONSOL_PICK_LIST_REP</VIEW_NAME>
        <CF_VIEW_NAME>SHOP_ORD_CONSOL_1189020147_CFV</CF_VIEW_NAME>
        <USED_DB>FALSE</USED_DB>
        <ROWKEY>27F758D0213843A7A48349C62EE38A32</ROWKEY>
      </CUSTOM_FIELD_VIEW_ROW>
      <CUSTOM_FIELD_VIEW_ROW>
        <VIEW_NAME>SHOP_ORD_LOV2</VIEW_NAME>
        <CF_VIEW_NAME>SHOP_ORD_LOV2_CFV</CF_VIEW_NAME>
        <USED_DB>FALSE</USED_DB>
        <ROWKEY>B6B7AD35B08A4B62A8B81F7630174D36</ROWKEY>
      </CUSTOM_FIELD_VIEW_ROW>
      <CUSTOM_FIELD_VIEW_ROW>
        <VIEW_NAME>SHOP_ORD_LOV3</VIEW_NAME>
        <CF_VIEW_NAME>SHOP_ORD_LOV3_CFV</CF_VIEW_NAME>
        <USED_DB>FALSE</USED_DB>
        <ROWKEY>AE320B4440114BBD8613CB23D1DF278B</ROWKEY>
      </CUSTOM_FIELD_VIEW_ROW>
      <CUSTOM_FIELD_VIEW_ROW>
        <VIEW_NAME>SHOP_ORD_LOV4</VIEW_NAME>
        <CF_VIEW_NAME>SHOP_ORD_LOV4_CFV</CF_VIEW_NAME>
        <USED_DB>FALSE</USED_DB>
        <ROWKEY>C57B2FF06B464CA8B312BC01C3C35903</ROWKEY>
      </CUSTOM_FIELD_VIEW_ROW>
      <CUSTOM_FIELD_VIEW_ROW>
        <VIEW_NAME>SHOP_ORD_LOV5</VIEW_NAME>
        <CF_VIEW_NAME>SHOP_ORD_LOV5_CFV</CF_VIEW_NAME>
        <USED_DB>FALSE</USED_DB>
        <ROWKEY>DE31887C176E41228CA9192E937E082A</ROWKEY>
      </CUSTOM_FIELD_VIEW_ROW>
      <CUSTOM_FIELD_VIEW_ROW>
        <VIEW_NAME>SHOP_ORD_LOV6</VIEW_NAME>
        <CF_VIEW_NAME>SHOP_ORD_LOV6_CFV</CF_VIEW_NAME>
        <USED_DB>FALSE</USED_DB>
        <ROWKEY>83F82FD19A93460595591562F4D36C5B</ROWKEY>
      </CUSTOM_FIELD_VIEW_ROW>
      <CUSTOM_FIELD_VIEW_ROW>
        <VIEW_NAME>SHOP_ORD_LOV7</VIEW_NAME>
        <CF_VIEW_NAME>SHOP_ORD_LOV7_CFV</CF_VIEW_NAME>
        <USED_DB>FALSE</USED_DB>
        <ROWKEY>9550BAAE08ED45B0A67B369F84CE3A37</ROWKEY>
      </CUSTOM_FIELD_VIEW_ROW>
      <CUSTOM_FIELD_VIEW_ROW>
        <VIEW_NAME>SHOP_ORD_PUB</VIEW_NAME>
        <CF_VIEW_NAME>SHOP_ORD_PUB_CFV</CF_VIEW_NAME>
        <USED_DB>FALSE</USED_DB>
        <ROWKEY>D89FACCC6E3C4E2CAD51BA187C75586A</ROWKEY>
      </CUSTOM_FIELD_VIEW_ROW>
      <CUSTOM_FIELD_VIEW_ROW>
        <VIEW_NAME>SHOP_ORD_REL_LOV</VIEW_NAME>
        <CF_VIEW_NAME>SHOP_ORD_REL_LOV_CFV</CF_VIEW_NAME>
        <USED_DB>FALSE</USED_DB>
        <ROWKEY>B5CFE6665ADA4BC9A16816EB225ADA3A</ROWKEY>
      </CUSTOM_FIELD_VIEW_ROW>
      <CUSTOM_FIELD_VIEW_ROW>
        <VIEW_NAME>SHOP_ORD_SEQ_LOV</VIEW_NAME>
        <CF_VIEW_NAME>SHOP_ORD_SEQ_LOV_CFV</CF_VIEW_NAME>
        <USED_DB>FALSE</USED_DB>
        <ROWKEY>FAA96EAC474B44E1AD0DB247C689A6B1</ROWKEY>
      </CUSTOM_FIELD_VIEW_ROW>
      <CUSTOM_FIELD_VIEW_ROW>
        <VIEW_NAME>SHOP_ORD_SHORTAGE_REP</VIEW_NAME>
        <CF_VIEW_NAME>SHOP_ORD_SHORTAGE_REP_CFV</CF_VIEW_NAME>
        <USED_DB>FALSE</USED_DB>
        <ROWKEY>F629DAF38A5D458C8C2E4B9D6DEEF5FB</ROWKEY>
      </CUSTOM_FIELD_VIEW_ROW>
      <CUSTOM_FIELD_VIEW_ROW>
        <VIEW_NAME>SHOP_ORD_SUPPLY</VIEW_NAME>
        <CF_VIEW_NAME>SHOP_ORD_SUPPLY_CFV</CF_VIEW_NAME>
        <USED_DB>FALSE</USED_DB>
        <ROWKEY>00CCE9B900CC4784A72A3A6588CAC215</ROWKEY>
      </CUSTOM_FIELD_VIEW_ROW>
      <CUSTOM_FIELD_VIEW_ROW>
        <VIEW_NAME>SHOP_ORD_SUPPLY_OE</VIEW_NAME>
        <CF_VIEW_NAME>SHOP_ORD_SUPPLY_OE_CFV</CF_VIEW_NAME>
        <USED_DB>FALSE</USED_DB>
        <ROWKEY>C95A01557E84477E818AAA6C0F3E6B0D</ROWKEY>
      </CUSTOM_FIELD_VIEW_ROW>
      <CUSTOM_FIELD_VIEW_ROW>
        <VIEW_NAME>SHOP_ORD_SUPPLY_PUB</VIEW_NAME>
        <CF_VIEW_NAME>SHOP_ORD_SUPPLY_PUB_CFV</CF_VIEW_NAME>
        <USED_DB>FALSE</USED_DB>
        <ROWKEY>B14B4C62FB7D45E88BDC08933B3EAF62</ROWKEY>
      </CUSTOM_FIELD_VIEW_ROW>
      <CUSTOM_FIELD_VIEW_ROW>
        <VIEW_NAME>SHOP_ORD_WIPPF_REP</VIEW_NAME>
        <CF_VIEW_NAME>SHOP_ORD_WIPPF_REP_CFV</CF_VIEW_NAME>
        <USED_DB>FALSE</USED_DB>
        <ROWKEY>DB6C66D0254E472E898F01DDE7DDD874</ROWKEY>
      </CUSTOM_FIELD_VIEW_ROW>
      <CUSTOM_FIELD_VIEW_ROW>
        <VIEW_NAME>SHOP_ORD_WIP_REP</VIEW_NAME>
        <CF_VIEW_NAME>SHOP_ORD_WIP_REP_CFV</CF_VIEW_NAME>
        <USED_DB>FALSE</USED_DB>
        <ROWKEY>9C14309AA8094782A8838FC37E60C6A8</ROWKEY>
      </CUSTOM_FIELD_VIEW_ROW>
      <CUSTOM_FIELD_VIEW_ROW>
        <VIEW_NAME>SHOP_ORD_WI_REP</VIEW_NAME>
        <CF_VIEW_NAME>SHOP_ORD_WI_REP_CFV</CF_VIEW_NAME>
        <USED_DB>FALSE</USED_DB>
        <ROWKEY>0B62C118746F4831AAE7A06813E621F4</ROWKEY>
      </CUSTOM_FIELD_VIEW_ROW>
      <CUSTOM_FIELD_VIEW_ROW>
        <VIEW_NAME>SHPORD_INFO_SERVICES_RPV</VIEW_NAME>
        <CF_VIEW_NAME>SHPORD_INFO_SERVICES_RPV_CFV</CF_VIEW_NAME>
        <USED_DB>FALSE</USED_DB>
        <ROWKEY>492216094426444A9C2AE9DE1A070040</ROWKEY>
      </CUSTOM_FIELD_VIEW_ROW>
      <CUSTOM_FIELD_VIEW_ROW>
        <VIEW_NAME>SO_LOT_BATCH_LOV</VIEW_NAME>
        <CF_VIEW_NAME>SO_LOT_BATCH_LOV_CFV</CF_VIEW_NAME>
        <USED_DB>FALSE</USED_DB>
        <ROWKEY>86B42E3CFFCE4CF181C4D1158C5538C6</ROWKEY>
      </CUSTOM_FIELD_VIEW_ROW>
      <CUSTOM_FIELD_VIEW_ROW>
        <VIEW_NAME>TOOL_USAGE_REP</VIEW_NAME>
        <CF_VIEW_NAME>TOOL_USAGE_REP_CFV</CF_VIEW_NAME>
        <USED_DB>FALSE</USED_DB>
        <ROWKEY>B10D1FB2B6964F709E56BB533CECB834</ROWKEY>
      </CUSTOM_FIELD_VIEW_ROW>
      <CUSTOM_FIELD_VIEW_ROW>
        <VIEW_NAME>WIP_COST_CENTER_REP</VIEW_NAME>
        <CF_VIEW_NAME>WIP_COST_CENTER_REP_CFV</CF_VIEW_NAME>
        <USED_DB>FALSE</USED_DB>
        <ROWKEY>120A1708CA0D4ABC9BDE00A815BCEFE2</ROWKEY>
      </CUSTOM_FIELD_VIEW_ROW>
    </CUSTOM_FIELD_VIEW>
  </CUSTOM_FIELD_VIEWS>
</CUSTOM_OBJECT>
