<?xml version="1.0"?>
<APPLICATION_CONFIGURATION>
  <EXPORT_DEF_VERSION>1</EXPORT_DEF_VERSION>
  <PACKAGE_ID>45C56E2B02AD450B85018B7EB2A19313</PACKAGE_ID>
  <NAME>EA_FINANCE_EVENTS</NAME>
  <DESCRIPTION>This ACP includes custom events belongs to following CRIMs;
C0367</DESCRIPTION>
  <AUTHOR>Tunstall Group Holdings Limited</AUTHOR>
  <VERSION/>
  <VERSION_TIME_STAMP>2021-08-19-10.09.24</VERSION_TIME_STAMP>
  <ORIGIN>TUGRPPR-307544-MC-TUGRPPR-APPS10</ORIGIN>
  <LAST_MODIFIED_DATE>2021-08-04-04.11.53</LAST_MODIFIED_DATE>
  <ITEMS>
    <ITEMS_ROW>
      <NAME>CUSTOMER_MODEL</NAME>
      <TYPE>CUSTOM_EVENT</TYPE>
      <DESCRIPTION>C0367 - Tunstall Credit Analyst Lobby. To update Reminder Id, Statement Id and Credit Blockd checkbox based on Customer Model in credit info tab</DESCRIPTION>
      <FILENAME>CustomEvent-CustomerCreditInfo-CUSTOMER_MODEL.xml</FILENAME>
    </ITEMS_ROW>
    <ITEMS_ROW>
      <NAME>VALIDATE_CUSTOMER_MODELS</NAME>
      <TYPE>CUSTOM_EVENT</TYPE>
      <DESCRIPTION>C0367- To validate data in Customer Models custom tab</DESCRIPTION>
      <FILENAME>CustomEvent-CustomerModels-VALIDATE_CUSTOMER_MODELS.xml</FILENAME>
    </ITEMS_ROW>
    <ITEMS_ROW>
      <NAME>0^VALIDATE_CUSTOMER_MODELS^CustomerModels</NAME>
      <TYPE>CUSTOM_EVENT_ACTION</TYPE>
      <DESCRIPTION>0367- To validate data in Custom Models custom tab</DESCRIPTION>
      <FILENAME>CustomEventAction-CustomerModels-VALIDATE_CUSTOMER_MODELS-0-EXECUTEONLINESQL.xml</FILENAME>
    </ITEMS_ROW>
    <ITEMS_ROW>
      <NAME>0^C_VALIDATE_CREDIT_TARGETS^CreditTargets</NAME>
      <TYPE>CUSTOM_EVENT_ACTION</TYPE>
      <DESCRIPTION>C0368 - to Validate Credit Targets</DESCRIPTION>
      <FILENAME>CustomEventAction-CreditTargets-C_VALIDATE_CREDIT_TARGETS-0-EXECUTEONLINESQL.xml</FILENAME>
    </ITEMS_ROW>
    <ITEMS_ROW>
      <NAME>1^CUSTOMER_MODEL^CustomerCreditInfo</NAME>
      <TYPE>CUSTOM_EVENT_ACTION</TYPE>
      <DESCRIPTION>C0367 - Tunstall Credit Analyst Lobby. To update Reminder Id, Statement Id and Credit Blockd checkbox based on Customer Model in credit info tab</DESCRIPTION>
      <FILENAME>CustomEventAction-CustomerCreditInfo-CUSTOMER_MODEL-1-EXECUTEONLINESQL.xml</FILENAME>
    </ITEMS_ROW>
    <ITEMS_ROW>
      <NAME>C_VALIDATE_CREDIT_TARGETS</NAME>
      <TYPE>CUSTOM_EVENT</TYPE>
      <DESCRIPTION>C0368 - Validations fo Credit Management Basic Data</DESCRIPTION>
      <FILENAME>CustomEvent-CreditTargets-C_VALIDATE_CREDIT_TARGETS.xml</FILENAME>
    </ITEMS_ROW>
  </ITEMS>
  <ADDITIONAL_ITEMS/>
</APPLICATION_CONFIGURATION>
