<?xml version="1.0"?>
<CUSTOM_OBJECT>
  <NAME>CUSTOMER_MODEL</NAME>
  <TYPE>CUSTOM_EVENT</TYPE>
  <DESCRIPTION>C0367 - Tunstall Credit Analyst Lobby. To update Reminder Id, Statement Id and Credit Blockd checkbox based on Customer Model in credit info tab</DESCRIPTION>
  <CUSTOM_EVENT EXPORT_DEF_VERSION="1">
    <EVENT_LU_NAME>CustomerCreditInfo</EVENT_LU_NAME>
    <EVENT_ID>CUSTOMER_MODEL</EVENT_ID>
    <EVENT_DESCRIPTION>C0367 - Tunstall Credit Analyst Lobby. To update Reminder Id, Statement Id and Credit Blockd checkbox based on Customer Model in credit info tab</EVENT_DESCRIPTION>
    <EVENT_ENABLE>TRUE</EVENT_ENABLE>
    <EVENT_TABLE_NAME>CUSTOMER_CREDIT_INFO_CFT</EVENT_TABLE_NAME>
    <MODIFIED_ATTRIBUTES/>
    <EVENT_TYPE_DB>CUSTOM</EVENT_TYPE_DB>
    <NEW_ROW_DB>TRUE</NEW_ROW_DB>
    <MODIFY_ROW_DB>TRUE</MODIFY_ROW_DB>
    <REMOVE_ROW_DB>FALSE</REMOVE_ROW_DB>
    <EVENT_TRIGGER_TYPE_DB>AFTER</EVENT_TRIGGER_TYPE_DB>
    <DEFINITION_MODIFIED_DATE>2021-06-30-08.47.49</DEFINITION_MODIFIED_DATE>
    <OBJKEY>6FC10AB4A9924456A46D99A9C860237F</OBJKEY>
    <EVENT_PARAMETERS>
      <EVENT_PARAMETERS_ROW>
        <ID>CF$_CUSTOMER_MODEL</ID>
        <ID_TYPE>STRING</ID_TYPE>
        <PLSQL_METHOD/>
        <CURRENT_VALUE_DB>FALSE</CURRENT_VALUE_DB>
        <NEW_VALUE_DB>TRUE</NEW_VALUE_DB>
      </EVENT_PARAMETERS_ROW>
      <EVENT_PARAMETERS_ROW>
        <ID>ROWKEY</ID>
        <ID_TYPE>STRING</ID_TYPE>
        <PLSQL_METHOD/>
        <CURRENT_VALUE_DB>FALSE</CURRENT_VALUE_DB>
        <NEW_VALUE_DB>TRUE</NEW_VALUE_DB>
      </EVENT_PARAMETERS_ROW>
    </EVENT_PARAMETERS>
  </CUSTOM_EVENT>
</CUSTOM_OBJECT>
