<?xml version="1.0"?>
<CUSTOM_OBJECT>
  <NAME>1^CUSTOMER_MODEL^CustomerCreditInfo</NAME>
  <TYPE>CUSTOM_EVENT_ACTION</TYPE>
  <DESCRIPTION>C0367 - Tunstall Credit Analyst Lobby. To update Reminder Id, Statement Id and Credit Blockd checkbox based on Customer Model in credit info tab</DESCRIPTION>
  <CUSTOM_EVENT_ACTION EXPORT_DEF_VERSION="2">
    <EVENT_LU_NAME>CustomerCreditInfo</EVENT_LU_NAME>
    <EVENT_ID>CUSTOMER_MODEL</EVENT_ID>
    <ACTION_NUMBER>1</ACTION_NUMBER>
    <ACTION_ENABLE>TRUE</ACTION_ENABLE>
    <ACTION_PARAMETERS>!FNDSER.EVENT_ACTION_PARAM
$SQL=DECLARE
-
-   company_         VARCHAR2(20);
-   identity_        VARCHAR2(20);
-   auto_blocked_    VARCHAR2(5);
-   reminder_id_     VARCHAR2(20);
-   statement_id_    VARCHAR2(30);
-   cust_objid_      VARCHAR2(4000);
-   cust_objversion_ NUMBER;
-   objid_           VARCHAR2(4000);
-   objversion_      NUMBER;
-   attr_            VARCHAR2(32000);
-   info_            VARCHAR2(20) := NULL;
-   cust_attr_       VARCHAR2(32000);
-   cust_info_       VARCHAR2(20) := NULL;
-   job_id_          NUMBER;
-
-   CURSOR get_cust_info(objkey_ VARCHAR2) IS
-      SELECT company, identity, objid, objversion
-        FROM customer_credit_info_cust
-       WHERE objkey = objkey_;
-
-   CURSOR get_customer_model_info(model_ VARCHAR2) IS
-      SELECT cf$_auto_block_db, cf$_reminder_id, cf$_statement_id
-        FROM customer_models_clv
-       WHERE objid = model_;
-
-   CURSOR get_reminder_template(company_ VARCHAR2, template_id_ VARCHAR2) IS
-      SELECT 1
-        FROM reminder_template_tab
-       WHERE company = company_
-         AND template_id = template_id_;
-
-   CURSOR get_pay_info(company_ VARCHAR2, identity_ VARCHAR2) IS
-      SELECT objid, objversion
-        FROM identity_pay_info
-       where identity = identity_
-         AND company_ = company_
-         AND party_type = &apos;Customer&apos;;
-
-BEGIN
-
-
-   IF (&apos;&amp;NEW:CF$_CUSTOMER_MODEL&apos; IS NOT NULL) THEN
-
-      OPEN get_cust_info(&apos;&amp;NEW:ROWKEY&apos;);
-      FETCH get_cust_info
-         INTO company_, identity_, cust_objid_, cust_objversion_;
-      CLOSE get_cust_info;
-   
-      OPEN get_customer_model_info(&apos;&amp;NEW:CF$_CUSTOMER_MODEL&apos;);
-      FETCH get_customer_model_info
-         INTO auto_blocked_, reminder_id_, statement_id_;
-      CLOSE get_customer_model_info;
-   
-      OPEN get_pay_info(company_, identity_);
-      FETCH get_pay_info
-         INTO objid_, objversion_;
-      CLOSE get_pay_info;
-   
-      IF (objid_ IS NOT NULL AND objversion_ IS NOT NULL) THEN
-         Client_SYS.Clear_Attr(attr_);
-         Client_SYS.Add_To_Attr(&apos;REMINDER_TEMPLATE&apos;, reminder_id_, attr_);
-         Client_SYS.Add_To_Attr(&apos;TEMPLATE_ID&apos;, statement_id_, attr_);
-         Client_SYS.Add_To_Attr(&apos;SEND_REMINDER_TO_PAYER&apos;, &apos;FALSE&apos;, attr_);
-         Client_SYS.Add_To_Attr(&apos;SEND_INTEREST_INV_TO_PAYER&apos;, &apos;FALSE&apos;,attr_);
-         Client_SYS.Add_To_Attr(&apos;SEND_STMT_OF_ACC_TO_PAYER&apos;,  &apos;FALSE&apos;,  attr_);
-      
-         Identity_Pay_Info_API.Modify__(info_, objid_, objversion_,  attr_,  &apos;DO&apos;);
-      END IF;
-   
-         Client_SYS.Clear_Attr(cust_attr_);
-         Client_SYS.Add_To_Attr(&apos;CREDIT_BLOCK&apos;,auto_blocked_ , cust_attr_);
-      
-         Customer_Credit_Info_API.Modify__(cust_info_, cust_objid_, cust_objversion_,cust_attr_, &apos;DO&apos;);
-
-   END IF;
-END;
$ATTACH=!ATTACHMENTS
</ACTION_PARAMETERS>
    <FND_EVENT_ACTION_TYPE_DB>EXECUTEONLINESQL</FND_EVENT_ACTION_TYPE_DB>
    <CONDITION_TYPE>!EVENT_ACTION_COND_TYPE
$NEW:CF$_CUSTOMER_MODEL=
$NEW:ROWKEY=
</CONDITION_TYPE>
    <CONDITION_VALUE>!EVENT_ACTION_COND_VALUE
$NEW:CF$_CUSTOMER_MODEL=
$NEW:ROWKEY=
</CONDITION_VALUE>
    <DESCRIPTION>C0367 - Tunstall Credit Analyst Lobby. To update Reminder Id, Statement Id and Credit Blockd checkbox based on Customer Model in credit info tab</DESCRIPTION>
    <SUBSCRIBABLE>FALSE</SUBSCRIBABLE>
    <SYSTEM_DEFINED>FALSE</SYSTEM_DEFINED>
    <ROLE/>
    <DEFINITION_MODIFIED_DATE>2021-07-22-05.46.15</DEFINITION_MODIFIED_DATE>
    <OBJKEY>96EA2C78A00441E883CCA2BA03B64E9C</OBJKEY>
  </CUSTOM_EVENT_ACTION>
</CUSTOM_OBJECT>
