﻿<SQLDataSource>
  <Author>IFS RnD</Author>
  <LastModified>2015-08-24-11.14.37</LastModified>
  <Locked>true</Locked>
  <Name>FI Add Investment - Progress</Name>
  <ID>2d188028-c998-4b5d-a9e1-ced82552f7fd</ID>
  <Select>
    <DataColumn>
      <Column>object_id</Column>
      <Name>Object ID</Name>
    </DataColumn>
    <DataColumn>
      <Column>SUM(amount)</Column>
      <Name>Add Investment Amount</Name>
      <DataType>Currency</DataType>
    </DataColumn>
  </Select>
  <Where>company = '$COMPANY$' AND object_transaction_type_db IN ('8','17')</Where>
  <View>CHANGE_OBJECT_VALUE_TEMP</View>
  <OrderBy>object_id</OrderBy>
  <GroupBy>object_id</GroupBy>
</SQLDataSource>