﻿<SQLDataSource>
  <Author>IFS RnD</Author>
  <LastModified>2020-04-14-11.45.39</LastModified>
  <Locked>true</Locked>
  <Name>FI Erroneous Project Posting</Name>
  <ID>368586d1-eaad-4ae4-8eb4-fd41f247c2c4</ID>
  <Select>
    <DataColumn>
      <Column>COUNT(project_transaction_seq)</Column>
      <Name>Count</Name>
      <DataType>Number</DataType>
    </DataColumn>
  </Select>
  <Where>company_id = '$COMPANY$' AND prjrep_posting_status_db = 'ERROR'</Where>
  <View>PROJECT_TRANS_POSTING2</View>
</SQLDataSource>