﻿<List>
  <Author>IFS RnD</Author>
  <CopiedFrom>2daae97f-f1a8-401a-960d-b07b4f7dcf36</CopiedFrom>
  <LastModified>2015-08-24-11.03.57</LastModified>
  <Locked>true</Locked>
  <ColumnSpan>2</ColumnSpan>
  <Title>PRELIMINARY ACCOUNT MATCHING</Title>
  <BackgroundOpacity>0.8</BackgroundOpacity>
  <Name>FI Preliminary Account Matching</Name>
  <ID>5eaa69b1-68c3-40f7-a736-8abaa210bad4</ID>
  <CustomUrl>ifsapf:frmAccntMatch?COMPANY=$COMPANY$</CustomUrl>
  <FormMappings />
  <DataSourceId>e7b7fbbd-5378-4626-8d09-0490b7959c7f</DataSourceId>
  <ColumnMapping>
    <MappedColumns>
      <MappedColumn>
        <Column>account</Column>
        <Name>Account</Name>
        <DisplayName>Account</DisplayName>
        <NavigateTarget>account</NavigateTarget>
        <ConditionalFormats />
      </MappedColumn>
      <MappedColumn>
        <Column>matching_no</Column>
        <Name>Matching No</Name>
        <DisplayName>Matching No</DisplayName>
        <IsNavigateParam>false</IsNavigateParam>
        <NavigateTarget>matching_no</NavigateTarget>
        <ConditionalFormats />
      </MappedColumn>
      <MappedColumn>
        <Column>SUM(amount)</Column>
        <Name>Amount</Name>
        <DisplayName>Amount</DisplayName>
        <IsNavigateParam>false</IsNavigateParam>
        <NavigateTarget>SUM(amount)</NavigateTarget>
        <ConditionalFormats />
      </MappedColumn>
    </MappedColumns>
    <ShowColumnHeaders>true</ShowColumnHeaders>
  </ColumnMapping>
</List>