﻿<Text>
  <Author>IFS RnD</Author>
  <CopiedFrom>bf96670a-f125-458b-b4dc-ce6fbf25dad5</CopiedFrom>
  <LastModified>2015-08-24-10.59.48</LastModified>
  <Locked>true</Locked>
  <Title>ACCOUNTS PAYABLE LOBBY</Title>
  <BackgroundOpacity>0.8</BackgroundOpacity>
  <Name>FI Link to Accounts Payable Lobby</Name>
  <ID>cc3453be-1c92-4144-b00d-85823f63453b</ID>
  <CustomUrl>ifswin:Ifs.Fnd.CompositePageRenderer.PageContainer?page_id=00b9a31d-1b0e-4d1c-b165-765de55fe19e</CustomUrl>
  <FormMappings />
  <BodyText>

View...</BodyText>
  <FontSize>13</FontSize>
  <HorizontalAlignment>Center</HorizontalAlignment>
</Text>