﻿<Text>
  <Author>IFS RnD</Author>
  <LastModified>2015-08-24-11.00.36</LastModified>
  <Locked>true</Locked>
  <Title>VIEW BALANCE ANALYSIS</Title>
  <BackgroundOpacity>0.8</BackgroundOpacity>
  <Name>FI Link to Balance Analysis</Name>
  <ID>38a2cf79-ae64-4da8-9de0-1d3c83d589d1</ID>
  <CustomUrl>ifsapf:frmBalInfo?COMPANY=$COMPANY$#tbwBalInfo</CustomUrl>
  <FormMappings />
  <BodyText>

View...</BodyText>
  <FontSize>13</FontSize>
  <HorizontalAlignment>Center</HorizontalAlignment>
</Text>