﻿<SQLDataSource>
  <Author>IFS RnD</Author>
  <LastModified>2015-08-24-11.16.56</LastModified>
  <Locked>true</Locked>
  <Name>FI Erroneous Distribution and Manufacturing Posting</Name>
  <ID>45227b55-f7c9-4d55-b9d6-365bcb187d04</ID>
  <Select>
    <DataColumn>
      <Column>COUNT(accounting_id)</Column>
      <Name>Count</Name>
      <DataType>Number</DataType>
    </DataColumn>
  </Select>
  <Where>status_code = '99' AND company = '$COMPANY$'</Where>
  <View>MPCCOM_ACCOUNTING</View>
</SQLDataSource>