﻿<Counter>
  <Author>IFS RnD</Author>
  <CopiedFrom>cd42cf8c-9adb-4092-8d70-7cb38506cc1e</CopiedFrom>
  <LastModified>2015-08-24-11.11.52</LastModified>
  <Locked>true</Locked>
  <Title>VALUE OF ORDERS DELIVERED NOT INVOICED</Title>
  <BackgroundOpacity>0.8</BackgroundOpacity>
  <Name>FI Orders Delivered Not Invoiced, Amount</Name>
  <ID>f826fe62-4760-416d-a3bd-337a7510a6ff</ID>
  <CustomUrl>ifsapf:tbwOverviewCustOrdLine?COMPANY=$COMPANY$</CustomUrl>
  <FormMappings />
  <DataSourceId>ff43b258-fa0d-4df2-bee1-3d8436bc5f4a</DataSourceId>
  <ColumnMapping>
    <MappedColumns>
      <MappedColumn>
        <Column>SUM(&amp;AO.Customer_Order_Line_Api.Get_Sale_Price_Incl_Tax_Total(order_no, line_no, rel_no, line_item_no))</Column>
        <ConditionalFormats />
      </MappedColumn>
    </MappedColumns>
  </ColumnMapping>
</Counter>