﻿<SQLDataSource>
  <Author>IFS RnD</Author>
  <LastModified>2020-03-23-11.26.19</LastModified>
  <Locked>true</Locked>
  <Name>FI Erroneous Maintenance Posting</Name>
  <ID>f4f86478-77ec-43d6-9804-2fe01d713282</ID>
  <Select>
    <DataColumn>
      <Column>COUNT(transaction_id)</Column>
      <Name>Count</Name>
      <DataType>Number</DataType>
    </DataColumn>
  </Select>
  <Where>company = '$COMPANY$' AND objstate = 'Error'</Where>
  <View>JT_TASK_POSTING_ANALYSIS</View>
</SQLDataSource>