﻿<Counter>
  <Author>IFS RnD</Author>
  <LastModified>2015-08-24-10.57.37</LastModified>
  <Locked>true</Locked>
  <Title>VOUCHERS WITH ERRORS</Title>
  <BackgroundOpacity>0.8</BackgroundOpacity>
  <Name>FI Vouchers with Errors - All</Name>
  <ID>5e68ff14-8e65-4a8a-b6d8-73e81b8520c5</ID>
  <CustomUrl>ifsapf:tbwQueryVoucher?COMPANY=$COMPANY$</CustomUrl>
  <FormMappings />
  <DataSourceId>bb6afe1a-711f-4ba4-a395-a8ae63d1b416</DataSourceId>
  <ColumnMapping>
    <MappedColumns>
      <MappedColumn>
        <Column>COUNT(voucher_no)</Column>
        <ConditionalFormats />
      </MappedColumn>
    </MappedColumns>
  </ColumnMapping>
  <UseThousandSeparator>true</UseThousandSeparator>
</Counter>