﻿<Counter>
  <Author>IFS RnD</Author>
  <LastModified>2015-08-24-11.11.57</LastModified>
  <Locked>true</Locked>
  <Title>VOUCHERS TO APPROVE</Title>
  <BackgroundOpacity>0.8</BackgroundOpacity>
  <Name>FI Manual Vouchers to Approve</Name>
  <ID>e6c8619b-eb0d-4225-8945-10b9ba865a4b</ID>
  <CustomUrl>ifsapf:tbwVoucherApproval?COMPANY=$COMPANY$</CustomUrl>
  <FormMappings />
  <DataSourceId>fc91fdaf-f65c-4cee-910f-080b0b2a1b74</DataSourceId>
  <ColumnMapping>
    <MappedColumns>
      <MappedColumn>
        <Column>COUNT(voucher_no)</Column>
        <ConditionalFormats />
      </MappedColumn>
    </MappedColumns>
  </ColumnMapping>
</Counter>