﻿<SQLDataSource>
  <Author>IFS RnD</Author>
  <LastModified>2020-11-09-09.20.26</LastModified>
  <Locked>true</Locked>
  <Name>FI Fixed Assets Book Overview</Name>
  <ID>9abe7a39-91b3-4d8d-8c18-5d3ffa7bce6e</ID>
  <Select>
    <DataColumn>
      <Column>book_id</Column>
      <Name>Book ID</Name>
    </DataColumn>
    <DataColumn>
      <Column>SUM(book_acq_value)</Column>
      <Name>Acq. Value</Name>
      <DataType>Currency</DataType>
    </DataColumn>
    <DataColumn>
      <Column>SUM(acc_depr_prev_year + acc_depr_curr_year)</Column>
      <Name>Acc. Depreciation</Name>
      <DataType>Currency</DataType>
    </DataColumn>
    <DataColumn>
      <Column>SUM(base_value - (acc_depr_prev_year + acc_depr_curr_year))</Column>
      <Name>Net Book Value</Name>
      <DataType>Currency</DataType>
    </DataColumn>
    <DataColumn>
      <Column>SUM(DECODE(fully_depreciated, 'TRUE', (acc_depr_prev_year + acc_depr_curr_year + salvage_value + (non_depr_base_value * base_value / 100) + total_reductions), 0))</Column>
      <Name>Fully Depriciated Amount</Name>
      <DataType>Currency</DataType>
    </DataColumn>
    <DataColumn>
      <Column>object_group_id</Column>
      <Name>Object Group</Name>
    </DataColumn>
    <DataColumn>
      <Column>fa_year||'/'||fa_period</Column>
      <Name>Year/Period</Name>
    </DataColumn>
  </Select>
  <Where>company = '$COMPANY$'</Where>
  <View>FA_OBJECT_SUM_METHOD_LOBBY</View>
  <OrderBy>book_id, object_group_id</OrderBy>
  <GroupBy>book_id, object_group_id, fa_year, fa_period</GroupBy>
</SQLDataSource>