﻿<Counter>
  <Author>IFS RnD</Author>
  <LastModified>2015-08-24-11.11.19</LastModified>
  <Locked>true</Locked>
  <Title>PROJECT TRANSACTIONS</Title>
  <Footer>erroneous postings</Footer>
  <BackgroundOpacity>0.8</BackgroundOpacity>
  <Name>FI Erroneous Project Posting</Name>
  <ID>663e605a-1fc3-4f96-95bf-c6ca60f2bce6</ID>
  <CustomUrl>ifsapf:tbwProjectTransactionPostings?COMPANY=$COMPANY$</CustomUrl>
  <FormMappings />
  <DataSourceId>368586d1-eaad-4ae4-8eb4-fd41f247c2c4</DataSourceId>
  <ColumnMapping>
    <MappedColumns>
      <MappedColumn>
        <Column>COUNT(project_transaction_seq)</Column>
        <ConditionalFormats />
      </MappedColumn>
    </MappedColumns>
  </ColumnMapping>
</Counter>