﻿<SQLDataSource>
  <Author>ifsapp</Author>
  <DescriptiveText>Listing projects that have status Initialised.</DescriptiveText>
  <LastModified>2021-04-15-10.33.00</LastModified>
  <Name>C_EA_Initialized_Projects</Name>
  <ID>e8e5a0e5-c04d-4622-8606-7d1774fec8c7</ID>
  <Select>
    <DataColumn>
      <Column>PROJECT_ID</Column>
      <Name>Project ID</Name>
    </DataColumn>
    <DataColumn>
      <Column>NAME</Column>
      <Name>Project Name</Name>
    </DataColumn>
    <DataColumn>
      <Column>PLAN_START</Column>
      <Name>Project Planned Start Date</Name>
      <DataType>Date</DataType>
    </DataColumn>
  </Select>
  <Where>OBJSTATE = 'Initialized' AND COMPANY = '$COMPANY$' AND PROGRAM_ID LIKE NVL(UPPER('$PROGRAM_ID$'),'%')
</Where>
  <View>&amp;AO.PROJECT</View>
</SQLDataSource>