﻿<List>
  <Author>IFS RnD</Author>
  <LastModified>2015-08-24-11.04.36</LastModified>
  <Locked>true</Locked>
  <ColumnSpan>2</ColumnSpan>
  <Title>TAX ACCOUNT BALANCES</Title>
  <BackgroundOpacity>0.8</BackgroundOpacity>
  <Name>FI Tax Account Balnces</Name>
  <ID>94c91fc6-6418-40e7-b429-50406cb3cae1</ID>
  <CustomUrl>ifsapf:tbwQueryTaxPeriod?COMPANY=$COMPANY$</CustomUrl>
  <FormMappings />
  <DataSourceId>65b862b4-bc8e-4269-be44-2b04fbcbd16f</DataSourceId>
  <ColumnMapping>
    <MappedColumns>
      <MappedColumn>
        <Column>account</Column>
        <Name>Account</Name>
        <DisplayName>Account</DisplayName>
        <NavigateTarget>account</NavigateTarget>
        <ConditionalFormats />
      </MappedColumn>
      <MappedColumn>
        <Column>&amp;AO.Account_API.Get_Description(company, account)</Column>
        <Name>Description</Name>
        <DisplayName>Description</DisplayName>
        <IsNavigateParam>false</IsNavigateParam>
        <NavigateTarget>&amp;AO.Account_API.Get_Description(company, account)</NavigateTarget>
        <ConditionalFormats />
      </MappedColumn>
      <MappedColumn>
        <Column>SUM(tax_amount)</Column>
        <Name>Total Tax Amount</Name>
        <DisplayName>Amount</DisplayName>
        <IsNavigateParam>false</IsNavigateParam>
        <NavigateTarget>SUM(tax_amount)</NavigateTarget>
        <ConditionalFormats />
      </MappedColumn>
    </MappedColumns>
    <ShowColumnHeaders>true</ShowColumnHeaders>
  </ColumnMapping>
</List>