﻿<SQLDataSource>
  <Author>IFS RnD</Author>
  <LastModified>2015-08-24-11.21.14</LastModified>
  <Locked>true</Locked>
  <Name>FI Tax Account Balances</Name>
  <ID>65b862b4-bc8e-4269-be44-2b04fbcbd16f</ID>
  <Select>
    <DataColumn>
      <Column>account</Column>
      <Name>Account</Name>
    </DataColumn>
    <DataColumn>
      <Column>&amp;AO.Account_API.Get_Description(company, account)</Column>
      <Name>Description</Name>
    </DataColumn>
    <DataColumn>
      <Column>SUM(tax_amount)</Column>
      <Name>Total Tax Amount</Name>
      <DataType>Currency</DataType>
    </DataColumn>
  </Select>
  <Where>company = '$COMPANY$'</Where>
  <View>TAX_LEDGER_ITEM_QRY</View>
  <OrderBy>SUM(tax_amount) DESC</OrderBy>
  <GroupBy>account, &amp;AO.Account_API.Get_Description(company, account)</GroupBy>
</SQLDataSource>