<?xml version="1.0"?>
<APPLICATION_CONFIGURATION>
  <EXPORT_DEF_VERSION>1</EXPORT_DEF_VERSION>
  <PACKAGE_ID>CC90499B06084ACD8D1577B79467B2C4</PACKAGE_ID>
  <NAME>EA_PDM_QUICK_REPORTS</NAME>
  <DESCRIPTION>This packages contains quick reports and dependent custom menus related to following CRIMs;
 - C0309

Note: There is a FW bug which results in a validation fail at the time of ACP import when a quick report uses a custom field which is not publiched, yet attached in the same ACP. This is why EA_PDM was splitted into two ACPs.</DESCRIPTION>
  <AUTHOR>Tunstall Group Holdings Limited</AUTHOR>
  <VERSION/>
  <VERSION_TIME_STAMP>2021-05-10-03.33.32</VERSION_TIME_STAMP>
  <ORIGIN>TUGRREF-307544-MC-TUGRREF-APPS10</ORIGIN>
  <LAST_MODIFIED_DATE>2021-04-20-16.21.29</LAST_MODIFIED_DATE>
  <ITEMS>
    <ITEMS_ROW>
      <NAME>Circuit Reference Report - Eng Part Revision</NAME>
      <TYPE>QUICK_REPORT</TYPE>
      <DESCRIPTION>EA - C0308/C0309

This report specifies the code of the Circuit Reference verses the Part number of the Engineerinf Part Strcutures in the Engineering Part Revision</DESCRIPTION>
      <FILENAME>QuickReport-54791.xml</FILENAME>
    </ITEMS_ROW>
    <ITEMS_ROW>
      <NAME>CWU Report</NAME>
      <TYPE>QUICK_REPORT</TYPE>
      <DESCRIPTION>This report provides information on where the searched part is used by part assembly number, at the latest revision, and indicates the quantity used in that assembly

C0401 -EA</DESCRIPTION>
      <FILENAME>QuickReport-305309.xml</FILENAME>
    </ITEMS_ROW>
    <ITEMS_ROW>
      <NAME>Circuit Reference Report</NAME>
      <TYPE>CUSTOM_MENU</TYPE>
      <DESCRIPTION>EA - C0308/C0309

This report specifies the code of the Circuit Reference verses the Part number of the Engineerinf Part Strcutures in the Engineering Part Revision</DESCRIPTION>
      <FILENAME>CustomMenu-frmEngPartRevisionContainer-794955.xml</FILENAME>
    </ITEMS_ROW>
    <ITEMS_ROW>
      <NAME>Circuit Reference Report - Product Structure</NAME>
      <TYPE>QUICK_REPORT</TYPE>
      <DESCRIPTION>EA - C0308/C0309

This report specifies the code of the Circuit Reference verses the Part number of that component in the Product Structure for the entire contents of that Product Structure</DESCRIPTION>
      <FILENAME>QuickReport-536860.xml</FILENAME>
    </ITEMS_ROW>
    <ITEMS_ROW>
      <NAME>Circuit Reference Report</NAME>
      <TYPE>CUSTOM_MENU</TYPE>
      <DESCRIPTION>EA - C0308/C0309

This report specifies the code of the Circuit Reference verses the Part number of that component in the Product Structure for the entire contents of that Product Structure</DESCRIPTION>
      <FILENAME>CustomMenu-frmProductStructure-433553.xml</FILENAME>
    </ITEMS_ROW>
  </ITEMS>
  <ADDITIONAL_ITEMS/>
</APPLICATION_CONFIGURATION>
