<?xml version="1.0"?>
<CUSTOM_OBJECT>
  <NAME>CWU Report Multilevel</NAME>
  <TYPE>QUICK_REPORT</TYPE>
  <DESCRIPTION>This report provides information on where the searched part is used by part assembly number, at the latest revision, and indicates the quantity used in that assembly

NOTE: User needs to generate the report first before previewing. Generate the report from Enginering&gt; Structure&gt; Analysis&gt; Complete Where Used &gt; RMB &gt; Generate CWU Report Multilevel

C0401 -EA</DESCRIPTION>
  <QUICK_REPORT EXPORT_DEF_VERSION="1">
    <QUICK_REPORT_ID>230720</QUICK_REPORT_ID>
    <DESCRIPTION>CWU Report Multilevel</DESCRIPTION>
    <SQL_EXPRESSION>SELECT cf$_level &quot;Level&quot;,
        cf$_part_no part_no,
        &amp;AO.Inventory_part_API.Get_Description(cf$_contract, cf$_part_no) description,
        cf$_bom_type bom_type,
        cf$_eng_chg_level eng_chg_level,
        cf$_alternative_no alternative_no,
        cf$_contract contract,
        cf$_qty_per_assembly quantity
   FROM &amp;AO.cwu_report_multilevel_clv
  WHERE cf$_report_contract = &apos;&amp;CONTRACT&apos;
    AND cf$_report_part_no = &apos;&amp;PART_NO&apos;
    AND cf$_report_eng_chg_level = &apos;&amp;ENG_CHG_LEVEL&apos;
    AND cf$_report_user = &amp;AO.Fnd_Session_API.Get_Fnd_User
  ORDER BY cf$_order</SQL_EXPRESSION>
    <COMMENTS>This report provides information on where the searched part is used by part assembly number, at the latest revision, and indicates the quantity used in that assembly

NOTE: User needs to generate the report first before previewing. Generate the report from Enginering&gt; Structure&gt; Analysis&gt; Complete Where Used &gt; RMB &gt; Generate CWU Report Multilevel

C0401 -EA</COMMENTS>
    <CATEGORY_ID/>
    <CATEGORY_DESCRIPTION/>
    <FILE_NAME/>
    <QR_TYPE>SQL</QR_TYPE>
    <PO_ID>repQUICK_REPORT230720</PO_ID>
    <QUERY/>
    <ROW_TYPE/>
    <OBJKEY>081A67F0E4F54D798AEBCD8B37A01931</OBJKEY>
    <OBJVERSION>20210712122258</OBJVERSION>
    <DEFINITION_MODIFIED_DATE>2021-07-12-12.22.58</DEFINITION_MODIFIED_DATE>
  </QUICK_REPORT>
</CUSTOM_OBJECT>
