<?xml version="1.0"?>
<CUSTOM_OBJECT>
  <NAME>CWU Report</NAME>
  <TYPE>QUICK_REPORT</TYPE>
  <DESCRIPTION>This report provides information on where the searched part is used by part assembly number, at the latest revision, and indicates the quantity used in that assembly

C0401 -EA</DESCRIPTION>
  <QUICK_REPORT EXPORT_DEF_VERSION="1">
    <QUICK_REPORT_ID>305309</QUICK_REPORT_ID>
    <DESCRIPTION>CWU Report</DESCRIPTION>
    <SQL_EXPRESSION>SELECT part_no,
       &amp;AO.Inventory_part_API.Get_Description(contract,part_no) description,
       bom_Type,
       eng_Chg_level,
       alternative_no,
       contract,
       quantity
  FROM (SELECT part_no,
               bom_Type,
               eng_Chg_level,
               alternative_no,
               contract,
               qty_per_assembly quantity,
               eff_phase_in_date,
               eff_phase_out_date,
               &amp;AO.C_EA_Customization_Util_API.Get_Phase_In_Date__(&apos;&amp;PART_NO&apos;,&apos;&amp;ENG_CHG_LEVEL&apos;) phase_in_date,
               &amp;AO.C_EA_Customization_Util_API.Get_Phase_Out_Date__(&apos;&amp;PART_NO&apos;,&apos;&amp;ENG_CHG_LEVEL&apos;) phase_out_date
          FROM &amp;AO.manuf_structure t
         WHERE contract = &apos;&amp;SITE&apos;
           AND bom_type_db IN (&apos;M&apos;, &apos;T&apos;)
           AND component_part = &apos;&amp;PART_NO&apos;
           AND eng_chg_level IN
               (SELECT eng_chg_level
                  FROM &amp;AO.manuf_structure
                 WHERE component_contract = t.component_contract
                   AND component_part = t.component_part
                   AND part_no = t.part_no
                   AND bom_type_db = t.bom_type_db
                   AND eff_phase_out_date IS NULL)
        
        )
 WHERE ((eff_phase_out_date IS NULL) AND (phase_out_date IS NULL))
    OR ((phase_out_date IS NULL) AND (eff_phase_out_date &gt;= phase_in_date))
    OR ((eff_phase_out_date IS NULL) AND
       (phase_in_date &gt;= eff_phase_in_date))
    OR ((eff_phase_out_date IS NULL) AND
       (phase_out_date &gt;= eff_phase_in_date))
    OR (eff_phase_in_date BETWEEN phase_in_date AND phase_out_date)
    OR (eff_phase_out_date BETWEEN phase_in_date AND phase_out_date)
    OR (phase_in_date BETWEEN eff_phase_in_date AND eff_phase_out_date)
    OR (phase_out_date BETWEEN eff_phase_in_date AND eff_phase_out_date)</SQL_EXPRESSION>
    <COMMENTS>This report provides information on where the searched part is used by part assembly number, at the latest revision, and indicates the quantity used in that assembly

C0401 -EA</COMMENTS>
    <CATEGORY_ID/>
    <CATEGORY_DESCRIPTION/>
    <FILE_NAME/>
    <QR_TYPE>SQL</QR_TYPE>
    <PO_ID>repQUICK_REPORT305309</PO_ID>
    <QUERY/>
    <ROW_TYPE/>
    <OBJKEY>35586BA35B534D0084E4EC7D65D7E62C</OBJKEY>
    <OBJVERSION>20210706110756</OBJVERSION>
    <DEFINITION_MODIFIED_DATE>2021-06-23-07.00.50</DEFINITION_MODIFIED_DATE>
  </QUICK_REPORT>
</CUSTOM_OBJECT>
