<?xml version="1.0"?>
<CUSTOM_OBJECT>
  <NAME>Circuit Reference Report - Eng Part Revision</NAME>
  <TYPE>QUICK_REPORT</TYPE>
  <DESCRIPTION>EA - C0308/C0309

This report specifies the code of the Circuit Reference verses the Part number of the Engineerinf Part Strcutures in the Engineering Part Revision</DESCRIPTION>
  <QUICK_REPORT EXPORT_DEF_VERSION="1">
    <QUICK_REPORT_ID>54791</QUICK_REPORT_ID>
    <DESCRIPTION>Circuit Reference Report - Eng Part Revision</DESCRIPTION>
    <SQL_EXPRESSION>WITH circuit_refs AS
(
SELECT t.objkey,
                  regexp_substr(REPLACE(t.cf$_circuit_ref,&apos; &apos;, &apos;&apos;),&apos;[^,]+&apos;, 1, lines.column_value) circuit_ref
    FROM eng_part_structure_ext_cfv t,
   TABLE (CAST (MULTISET
                                   (SELECT LEVEL 
                                        FROM dual
                        CONNECT BY INSTR(t.cf$_circuit_ref, &apos;,&apos;, 1, LEVEL - 1) &gt; 0) AS sys.odciNumberList ) ) lines
                             ORDER BY objkey, lines.column_value
)
SELECT ps.sort_no,
                  cr.circuit_ref,
                  ps.sub_part_no as part_number,
                  sub_part_description as part_description
    FROM eng_part_structure_ext ps,circuit_refs cr
WHERE ps.objkey = cr.objkey
       AND PART_NO = &apos;&amp;PART_NO&apos;
       AND PART_REV = &apos;&amp;PART_REV&apos;
ORDER BY SORT_NO</SQL_EXPRESSION>
    <COMMENTS>EA - C0308/C0309

This report specifies the code of the Circuit Reference verses the Part number of the Engineerinf Part Strcutures in the Engineering Part Revision</COMMENTS>
    <CATEGORY_ID/>
    <CATEGORY_DESCRIPTION/>
    <FILE_NAME/>
    <QR_TYPE>SQL</QR_TYPE>
    <PO_ID>repQUICK_REPORT54791</PO_ID>
    <QUERY/>
    <ROW_TYPE/>
    <OBJKEY>0964FF4B057A4632B0B7DB78561871F2</OBJKEY>
    <OBJVERSION>20210420162129</OBJVERSION>
    <DEFINITION_MODIFIED_DATE>2021-04-20-17.06.25</DEFINITION_MODIFIED_DATE>
  </QUICK_REPORT>
</CUSTOM_OBJECT>
