<?xml version="1.0"?>
<CUSTOM_OBJECT>
  <NAME>Circuit Reference Report - Product Structure</NAME>
  <TYPE>QUICK_REPORT</TYPE>
  <DESCRIPTION>EA - C0308/C0309

This report specifies the code of the Circuit Reference verses the Part number of that component in the Product Structure for the entire contents of that Product Structure</DESCRIPTION>
  <QUICK_REPORT EXPORT_DEF_VERSION="1">
    <QUICK_REPORT_ID>536860</QUICK_REPORT_ID>
    <DESCRIPTION>Circuit Reference Report - Product Structure</DESCRIPTION>
    <SQL_EXPRESSION>WITH circuit_refs AS
(
SELECT t.objkey,
                  regexp_substr(REPLACE(t.cf$_circuit_ref,&apos; &apos;, &apos;&apos;),&apos;[^,]+&apos;, 1, lines.column_value) circuit_ref
    FROM prod_structure_cfv t,
   TABLE (CAST (MULTISET
                                   (SELECT LEVEL 
                                        FROM dual
                        CONNECT BY INSTR(t.cf$_circuit_ref, &apos;,&apos;, 1, LEVEL - 1) &gt; 0) AS sys.odciNumberList ) ) lines
                             ORDER BY objkey, lines.column_value
)
SELECT ps.line_item_no,
                  cr.circuit_ref,
                  ps.component_part,
                  Inventory_Part_API.get_description(contract,component_part) as &quot;PART_DESCRIPTION&quot;
    FROM prod_structure ps,circuit_refs cr
WHERE ps.objkey = cr.objkey
       AND contract =  &apos;&amp;CONTRACT&apos;
       AND part_no = &apos;&amp;PART_NO&apos;
       AND eng_chg_level = &apos;&amp;ENG_CHG_LEVEL&apos;
       AND bom_type_db = &apos;&amp;BOM_TYPE_DB&apos;
       AND alternative_no = &apos;&amp;ALTERNATIVE_NO&apos;
ORDER BY line_item_no</SQL_EXPRESSION>
    <COMMENTS>EA - C0308/C0309

This report specifies the code of the Circuit Reference verses the Part number of that component in the Product Structure for the entire contents of that Product Structure</COMMENTS>
    <CATEGORY_ID/>
    <CATEGORY_DESCRIPTION/>
    <FILE_NAME/>
    <QR_TYPE>SQL</QR_TYPE>
    <PO_ID>repQUICK_REPORT536860</PO_ID>
    <QUERY/>
    <ROW_TYPE/>
    <OBJKEY>EBE19863FB6E4018B6A9B72B74E4AAB6</OBJKEY>
    <OBJVERSION>20210308111742</OBJVERSION>
    <DEFINITION_MODIFIED_DATE>2021-04-20-17.11.47</DEFINITION_MODIFIED_DATE>
  </QUICK_REPORT>
</CUSTOM_OBJECT>
