<?xml version="1.0"?>
<CUSTOM_OBJECT>
  <NAME>CWU Report Multilevel</NAME>
  <TYPE>QUICK_REPORT</TYPE>
  <DESCRIPTION>This report provides information on where the searched part is used by part assembly number, at the latest revision, and indicates the quantity used in that assembly

C0401 -EA</DESCRIPTION>
  <QUICK_REPORT EXPORT_DEF_VERSION="1">
    <QUICK_REPORT_ID>230720</QUICK_REPORT_ID>
    <DESCRIPTION>CWU Report Multilevel</DESCRIPTION>
    <SQL_EXPRESSION>SELECT t.&quot;level&quot; AS &quot;Level&quot;,
       t.part_no,
       &amp;AO.Inventory_part_API.Get_Description(t.contract,t.part_no) description,
       t.bom_type,
       t.eng_chg_level,
       t.alternative_no,
       t.contract,
       t.quantity
  FROM (
       SELECT &quot;level&quot;,
              REGEXP_SUBSTR(where_used,&apos;(.*?)(&lt;&lt;&gt;&gt;|$)&apos;, 1, 1, NULL, 1 ) AS part_no,
              REGEXP_SUBSTR(where_used,&apos;(.*?)(&lt;&lt;&gt;&gt;|$)&apos;, 1, 2, NULL, 1 ) AS bom_type,
              REGEXP_SUBSTR(where_used,&apos;(.*?)(&lt;&lt;&gt;&gt;|$)&apos;, 1, 3, NULL, 1 ) AS eng_chg_level,
              REGEXP_SUBSTR(where_used,&apos;(.*?)(&lt;&lt;&gt;&gt;|$)&apos;, 1, 4, NULL, 1 ) AS alternative_no,
              REGEXP_SUBSTR(where_used,&apos;(.*?)(&lt;&lt;&gt;&gt;|$)&apos;, 1, 5, NULL, 1 ) AS contract,
              quantity
         FROM (
              SELECT REGEXP_SUBSTR(hierachy_str,&apos;(.*?)(&lt;&lt;#&gt;&gt;|$)&apos;, 1, 1, NULL, 1 ) AS &quot;level&quot;,
                     REGEXP_SUBSTR(hierachy_str,&apos;(.*?)(&lt;&lt;#&gt;&gt;|$)&apos;, 1, 2, NULL, 1 ) AS where_used,
                     REGEXP_SUBSTR(hierachy_str,&apos;(.*?)(&lt;&lt;#&gt;&gt;|$)&apos;, 1, 3, NULL, 1 ) AS quantity
                FROM (SELECT REGEXP_SUBSTR(&amp;AO.C_EA_Customization_Util_API.Get_Part_Hierachy__(&apos;&amp;PART_NO&apos;,&apos;&amp;CONTRACT&apos;,&apos;&amp;ENG_CHG_LEVEL&apos;), &apos;[^,]+&apos;, 1, LEVEL)  hierachy_str
                        FROM dual
            CONNECT BY LEVEL &lt;= REGEXP_COUNT(&amp;AO.C_EA_Customization_Util_API.Get_Part_Hierachy__(&apos;&amp;PART_NO&apos;,&apos;&amp;CONTRACT&apos;,&apos;&amp;ENG_CHG_LEVEL&apos;), &apos;,&apos;) + 1))) t</SQL_EXPRESSION>
    <COMMENTS>This report provides information on where the searched part is used by part assembly number, at the latest revision, and indicates the quantity used in that assembly

C0401 -EA</COMMENTS>
    <CATEGORY_ID/>
    <CATEGORY_DESCRIPTION/>
    <FILE_NAME/>
    <QR_TYPE>SQL</QR_TYPE>
    <PO_ID>repQUICK_REPORT230720</PO_ID>
    <QUERY/>
    <ROW_TYPE/>
    <OBJKEY>081A67F0E4F54D798AEBCD8B37A01931</OBJKEY>
    <OBJVERSION>20210706111036</OBJVERSION>
    <DEFINITION_MODIFIED_DATE>2021-06-23-07.10.52</DEFINITION_MODIFIED_DATE>
  </QUICK_REPORT>
</CUSTOM_OBJECT>
