<?xml version="1.0"?>
<CUSTOM_OBJECT>
  <NAME>CWU Report</NAME>
  <TYPE>QUICK_REPORT</TYPE>
  <DESCRIPTION>This report provides information on where the searched part is used by part assembly number, at the latest revision, and indicates the quantity used in that assembly

C0401 -EA</DESCRIPTION>
  <QUICK_REPORT EXPORT_DEF_VERSION="1">
    <QUICK_REPORT_ID>305309</QUICK_REPORT_ID>
    <DESCRIPTION>CWU Report</DESCRIPTION>
    <SQL_EXPRESSION>SELECT part_no ||&apos; - &apos; ||bom_Type ||&apos; - &apos; || eng_Chg_level ||&apos; - &apos; ||alternative_no ||&apos; - &apos; || contract as where_used, QTY_PER_ASSEMBLY quantity
from IFSAPP.MANUF_STRUCTURE t
where CONTRACT = &amp;SITE and BOM_TYPE_DB IN (&apos;M&apos;, &apos;T&apos;)
and component_part = &apos;&amp;PART_NO&apos; AND eng_Chg_level IN (SELECT eng_chg_level
from MANUF_STRUCTURE 
WHERE COMPONENT_CONTRACT = t.COMPONENT_CONTRACT 
AND COMPONENT_PART = t.COMPONENT_PART and part_no = t.part_No and bom_type_db = t.BOM_TYPE_DB AND eff_phase_out_date IS NULL)</SQL_EXPRESSION>
    <COMMENTS>This report provides information on where the searched part is used by part assembly number, at the latest revision, and indicates the quantity used in that assembly

C0401 -EA</COMMENTS>
    <CATEGORY_ID/>
    <CATEGORY_DESCRIPTION/>
    <FILE_NAME/>
    <QR_TYPE>SQL</QR_TYPE>
    <PO_ID>repQUICK_REPORT305309</PO_ID>
    <QUERY/>
    <ROW_TYPE/>
    <OBJKEY>35586BA35B534D0084E4EC7D65D7E62C</OBJKEY>
    <OBJVERSION>20210323041951</OBJVERSION>
    <DEFINITION_MODIFIED_DATE>2021-03-23-04.14.42</DEFINITION_MODIFIED_DATE>
  </QUICK_REPORT>
</CUSTOM_OBJECT>
