﻿<SQLDataSource>
  <Author>DELL</Author>
  <LastModified>2021-04-27-14.10.30</LastModified>
  <Name>C_EA_Overdue_Invoices_Response_Monitoring_Service_Contracts</Name>
  <ID>a02e6c6f-5517-4a53-b06e-23c82894698c</ID>
  <Select>
    <DataColumn>
      <Column>CONTRACT_ID</Column>
      <Name>Contract ID</Name>
    </DataColumn>
    <DataColumn>
      <Column>CONTRACT_NAME</Column>
      <Name>Contract Name</Name>
    </DataColumn>
    <DataColumn>
      <Column>CUSTOMER_ID</Column>
      <Name>Customer Id</Name>
    </DataColumn>
    <DataColumn>
      <Column>&amp;AO.CUSTOMER_INFO_API.Get_Name(CUSTOMER_ID)</Column>
      <Name>Customer Name</Name>
    </DataColumn>
    <DataColumn>
      <Column>(SELECT LISTAGG(TO_CHAR(v1.DATE_TO, 'DD/MM/YYYY'), ', ') WITHIN GROUP (ORDER BY v1.DATE_TO) FROM &amp;AO.SC_SRV_CONTRACT_INVPLN_CFV v1 WHERE v1.CONTRACT_ID = SC_SERVICE_CONTRACT.CONTRACT_ID AND v1.DATE_TO &lt; SYSDATE AND v1.CF$_PERIOD_FULLY_INVOICED_DB = 'FALSE')</Column>
      <Name>Date To</Name>
    </DataColumn>
  </Select>
  <Where>CONTRACT_TYPE LIKE NVL('$CONTRACT TYPE$','%')
AND CONTRACT_ID IN (
  SELECT v.CONTRACT_ID FROM &amp;AO.SC_SRV_CONTRACT_INVPLN_CFV v
  WHERE v.DATE_TO &lt; SYSDATE
    AND v.CF$_PERIOD_FULLY_INVOICED_DB = 'FALSE'
)</Where>
  <View>&amp;AO.SC_SERVICE_CONTRACT</View>
</SQLDataSource>