﻿<Text>
  <Author>IFS RnD</Author>
  <CopiedFrom>7d0c3caa-c75d-420b-b7ad-2ae395780787</CopiedFrom>
  <Keywords>credit manager's area</Keywords>
  <LastModified>2021-02-11-09.38.10</LastModified>
  <ColumnSpan>2</ColumnSpan>
  <Title>CREDIT MANAGER'S AREA</Title>
  <TitleVisible>false</TitleVisible>
  <BackgroundOpacity>0.8</BackgroundOpacity>
  <Name>CREDIT MANAGER'S AREA</Name>
  <ID>03c2597c-abd6-479c-bf37-88f37eebf25b</ID>
  <FormMappings />
  <BodyText>
CREDIT MANAGER'S AREA</BodyText>
  <FontWeight>Bold</FontWeight>
  <FontSize>19</FontSize>
  <HorizontalAlignment>Center</HorizontalAlignment>
</Text>