﻿<List>
  <Author>DELL</Author>
  <LastModified>2021-04-27-14.11.01</LastModified>
  <ColumnSpan>4</ColumnSpan>
  <Title>Overdue Invoices Response Monitoring Service Contracts</Title>
  <Name>Overdue Invoices Response Monitoring Service Contracts</Name>
  <ID>d3d41b26-5f90-4e5f-b3b3-977ee3827902</ID>
  <CustomUrl>ifsapf:frmServiceContractTab?COMPANY=$COMPANY$</CustomUrl>
  <DisableNavigationOnTitleClick>true</DisableNavigationOnTitleClick>
  <FormMappings />
  <DataSourceId>a02e6c6f-5517-4a53-b06e-23c82894698c</DataSourceId>
  <ColumnMapping>
    <MappedColumns>
      <MappedColumn>
        <Column>CONTRACT_ID</Column>
        <Name>Contract ID</Name>
        <DisplayName>Contract ID</DisplayName>
        <NavigateTarget>CONTRACT_ID</NavigateTarget>
        <ConditionalFormats />
      </MappedColumn>
      <MappedColumn>
        <Column>CONTRACT_NAME</Column>
        <Name>Contract Name</Name>
        <DisplayName>Contract Name</DisplayName>
        <NavigateTarget>CONTRACT_NAME</NavigateTarget>
        <ConditionalFormats />
      </MappedColumn>
      <MappedColumn>
        <Column>CUSTOMER_ID</Column>
        <Name>Customer Id</Name>
        <DisplayName>Customer Id</DisplayName>
        <NavigateTarget>CUSTOMER_ID</NavigateTarget>
        <ConditionalFormats />
      </MappedColumn>
      <MappedColumn>
        <Column>&amp;AO.CUSTOMER_INFO_API.Get_Name(CUSTOMER_ID)</Column>
        <Name>Customer Name</Name>
        <DisplayName>Customer Name</DisplayName>
        <NavigateTarget>&amp;AO.CUSTOMER_INFO_API.Get_Name(CUSTOMER_ID)</NavigateTarget>
        <ConditionalFormats />
      </MappedColumn>
      <MappedColumn>
        <Column>(SELECT LISTAGG(TO_CHAR(v1.DATE_TO, 'DD/MM/YYYY'), ', ') WITHIN GROUP (ORDER BY v1.DATE_TO) FROM &amp;AO.SC_SRV_CONTRACT_INVPLN_CFV v1 WHERE v1.CONTRACT_ID = SC_SERVICE_CONTRACT.CONTRACT_ID AND v1.DATE_TO &lt; SYSDATE AND v1.CF$_PERIOD_FULLY_INVOICED_DB = 'FALSE')</Column>
        <Name>Date To</Name>
        <DisplayName>Date To</DisplayName>
        <IsNavigateParam>false</IsNavigateParam>
        <NavigateTarget>(SELECT LISTAGG(TO_CHAR(v1.DATE_TO, 'DD/MM/YYYY'), ', ') WITHIN GROUP (ORDER BY v1.DATE_TO) FROM &amp;AO.SC_SRV_CONTRACT_INVPLN_CFV v1 WHERE v1.CONTRACT_ID = SC_SERVICE_CONTRACT.CONTRACT_ID AND v1.DATE_TO &lt; SYSDATE AND v1.CF$_PERIOD_FULLY_INVOICED_DB = 'FALSE')</NavigateTarget>
        <ConditionalFormats />
      </MappedColumn>
    </MappedColumns>
    <ShowColumnHeaders>true</ShowColumnHeaders>
  </ColumnMapping>
</List>