﻿<Image>
  <Author>IFS RnD</Author>
  <CopiedFrom>687076f5-a8af-403e-9119-ee3ec331471d</CopiedFrom>
  <Keywords>lease accounting</Keywords>
  <LastModified>2019-02-07-14.21.40</LastModified>
  <Locked>true</Locked>
  <ColumnSpan>2</ColumnSpan>
  <Title>LEASE ACCOUNTING IMAGE 2</Title>
  <TitleVisible>false</TitleVisible>
  <Background>#00FFFFFF</Background>
  <Image>local:Element/element_backdrop_46.jpg</Image>
  <Name>FI Lease Accounting Image 2</Name>
  <ID>16b8c4db-f743-4c09-bfab-82bb1a0936a2</ID>
  <FormMappings />
</Image>