﻿<Text>
  <Author>IFS RnD</Author>
  <CopiedFrom>076fbd6c-3a00-43e2-b721-18842ffa67a9</CopiedFrom>
  <LastModified>2021-02-11-11.28.31</LastModified>
  <Title>CALL LIST</Title>
  <TitleVisible>false</TitleVisible>
  <Name>Call List</Name>
  <ID>3e24f15a-509b-47a5-a445-131aaf113fa4</ID>
  <CustomUrl>ifsapf:tbwCreditCollectionInfo?COMPANY=$COMPANY$</CustomUrl>
  <WebUrl>assistant/CasualCaseAssistant/CreateCaseAssistant</WebUrl>
  <FormMappings />
  <BodyText>
Call List</BodyText>
  <FontWeight>Bold</FontWeight>
  <FontSize>13</FontSize>
  <HorizontalAlignment>Center</HorizontalAlignment>
</Text>