﻿<SQLDataSource>
  <Author>DELL</Author>
  <LastModified>2021-04-27-14.08.21</LastModified>
  <Name>C_EA_Due_Response_Monitoring_Service_Contracts</Name>
  <ID>b09b146b-2742-47c1-91bc-037c42407f33</ID>
  <Select>
    <DataColumn>
      <Column>CONTRACT_ID</Column>
      <Name>Contract ID</Name>
    </DataColumn>
    <DataColumn>
      <Column>CONTRACT_NAME</Column>
      <Name>Contract Name</Name>
    </DataColumn>
    <DataColumn>
      <Column>CUSTOMER_ID</Column>
      <Name>Customer Id</Name>
    </DataColumn>
    <DataColumn>
      <Column>&amp;AO.CUSTOMER_INFO_API.Get_Name(CUSTOMER_ID)</Column>
      <Name>Customer Name</Name>
    </DataColumn>
    <DataColumn>
      <Column>(SELECT v1.DATE_TO FROM &amp;AO.SC_SRV_CONTRACT_INVPLN_CFV v1 WHERE v1.CONTRACT_ID = SC_SERVICE_CONTRACT.CONTRACT_ID AND TO_CHAR(v1.DATE_TO, 'MM/YYYY') = TO_CHAR(SYSDATE, 'MM/YYYY') AND v1.CF$_PERIOD_FULLY_INVOICED_DB = 'FALSE')</Column>
      <Name>Date To</Name>
      <DataType>Date</DataType>
    </DataColumn>
  </Select>
  <Where>CONTRACT_TYPE LIKE NVL('$CONTRACT TYPE$','%')
AND CONTRACT_ID IN (
  SELECT v.CONTRACT_ID FROM &amp;AO.SC_SRV_CONTRACT_INVPLN_CFV v
  WHERE TO_CHAR(v.DATE_TO, 'MM/YYYY') = TO_CHAR(SYSDATE, 'MM/YYYY')
    AND v.CF$_PERIOD_FULLY_INVOICED_DB = 'FALSE'
)</Where>
  <View>&amp;AO.SC_SERVICE_CONTRACT</View>
</SQLDataSource>