﻿<Image>
  <Author>IFS RnD</Author>
  <CopiedFrom>bccc76cf-0d72-41fb-a68d-9785e948bb52</CopiedFrom>
  <Keywords>lease accounting</Keywords>
  <LastModified>2019-02-07-14.14.34</LastModified>
  <Locked>true</Locked>
  <ColumnSpan>2</ColumnSpan>
  <Title>LEASE ACCOUNTING IMGE 1</Title>
  <TitleVisible>false</TitleVisible>
  <Background>#00FFFFFF</Background>
  <Image>local:Element/element_backdrop_27.jpg</Image>
  <Name>FI Lease Accounting Image 1</Name>
  <ID>d76ebb84-77e3-4ebf-b00c-6e582683cef0</ID>
  <FormMappings />
</Image>