﻿<Text>
  <Author>IFS RnD</Author>
  <CopiedFrom>5489da94-b08e-4970-bf5e-8170544b886f</CopiedFrom>
  <LastModified>2021-02-11-11.28.04</LastModified>
  <Title>Top 10 Customer Debt</Title>
  <TitleVisible>false</TitleVisible>
  <Name>Top 10 Customer Debt</Name>
  <ID>9451e758-9957-4e96-a546-33edccc99175</ID>
  <FormMappings />
  <BodyText>Top 10 Customer Debt</BodyText>
  <FontWeight>Bold</FontWeight>
  <FontSize>13</FontSize>
  <HorizontalAlignment>Center</HorizontalAlignment>
</Text>