﻿<List>
  <Author>DELL</Author>
  <LastModified>2021-04-27-14.09.28</LastModified>
  <ColumnSpan>4</ColumnSpan>
  <Title>Due Response Monitoring Service Contracts</Title>
  <Name>Due Response Monitoring Service Contracts</Name>
  <ID>55bdd90a-f139-4378-b8ec-89089658f60d</ID>
  <CustomUrl>ifsapf:frmServiceContractTab?COMPANY</CustomUrl>
  <DisableNavigationOnTitleClick>true</DisableNavigationOnTitleClick>
  <FormMappings />
  <DataSourceId>b09b146b-2742-47c1-91bc-037c42407f33</DataSourceId>
  <ColumnMapping>
    <MappedColumns>
      <MappedColumn>
        <Column>CONTRACT_ID</Column>
        <Name>Contract ID</Name>
        <DisplayName>Contract ID</DisplayName>
        <NavigateTarget>CONTRACT_ID</NavigateTarget>
        <ConditionalFormats />
      </MappedColumn>
      <MappedColumn>
        <Column>CONTRACT_NAME</Column>
        <Name>Contract Name</Name>
        <DisplayName>Contract Name</DisplayName>
        <NavigateTarget>CONTRACT_NAME</NavigateTarget>
        <ConditionalFormats />
      </MappedColumn>
      <MappedColumn>
        <Column>CUSTOMER_ID</Column>
        <Name>Customer Id</Name>
        <DisplayName>Customer ID</DisplayName>
        <NavigateTarget>CUSTOMER_ID</NavigateTarget>
        <ConditionalFormats />
      </MappedColumn>
      <MappedColumn>
        <Column>&amp;AO.CUSTOMER_INFO_API.Get_Name(CUSTOMER_ID)</Column>
        <Name>Customer Name</Name>
        <DisplayName>Customer Name</DisplayName>
        <NavigateTarget>&amp;AO.CUSTOMER_INFO_API.Get_Name(CUSTOMER_ID)</NavigateTarget>
        <ConditionalFormats />
      </MappedColumn>
      <MappedColumn>
        <Column>(SELECT v1.DATE_TO FROM &amp;AO.SC_SRV_CONTRACT_INVPLN_CFV v1 WHERE v1.CONTRACT_ID = SC_SERVICE_CONTRACT.CONTRACT_ID AND TO_CHAR(v1.DATE_TO, 'MM/YYYY') = TO_CHAR(SYSDATE, 'MM/YYYY') AND v1.CF$_PERIOD_FULLY_INVOICED_DB = 'FALSE')</Column>
        <Name>Date To</Name>
        <DisplayName>Date To</DisplayName>
        <IsNavigateParam>false</IsNavigateParam>
        <NavigateTarget>(SELECT v1.DATE_TO FROM &amp;AO.SC_SRV_CONTRACT_INVPLN_CFV v1 WHERE v1.CONTRACT_ID = SC_SERVICE_CONTRACT.CONTRACT_ID AND TO_CHAR(v1.DATE_TO, 'MM/YYYY') = TO_CHAR(SYSDATE, 'MM/YYYY') AND v1.CF$_PERIOD_FULLY_INVOICED_DB = 'FALSE')</NavigateTarget>
        <ConditionalFormats />
      </MappedColumn>
    </MappedColumns>
    <ShowColumnHeaders>true</ShowColumnHeaders>
  </ColumnMapping>
</List>