﻿<Text>
  <Author>IFS RnD</Author>
  <CopiedFrom>a58a62e8-7174-43d8-9a7c-a0a966987418</CopiedFrom>
  <Keywords>credit management overview</Keywords>
  <LastModified>2021-02-11-09.40.02</LastModified>
  <ColumnSpan>2</ColumnSpan>
  <Title>CREDIT MANAGEMENT OVERVIEW</Title>
  <TitleVisible>false</TitleVisible>
  <BackgroundOpacity>0.8</BackgroundOpacity>
  <Name>Credit Management Overview</Name>
  <ID>e7e81ade-c017-4a08-832e-20f285862ff4</ID>
  <FormMappings />
  <BodyText>
CREDIT MANAGEMENT OVERVIEW</BodyText>
  <FontWeight>Bold</FontWeight>
  <FontSize>19</FontSize>
  <HorizontalAlignment>Center</HorizontalAlignment>
</Text>