<?xml version="1.0"?>
<APPLICATION_CONFIGURATION>
  <EXPORT_DEF_VERSION>1</EXPORT_DEF_VERSION>
  <PACKAGE_ID>FB464251D0A34A77AC493C4561CE577C</PACKAGE_ID>
  <NAME>EA_CRM</NAME>
  <DESCRIPTION>This package contains 
-C545</DESCRIPTION>
  <AUTHOR>Tunstall Group Holdings Limited</AUTHOR>
  <VERSION/>
  <VERSION_TIME_STAMP>2021-07-23-07.17.41</VERSION_TIME_STAMP>
  <ORIGIN>TUGRPPR-307544-MC-TUGRPPR-APPS10</ORIGIN>
  <LAST_MODIFIED_DATE>2021-05-13-04.51.00</LAST_MODIFIED_DATE>
  <ITEMS>
    <ITEMS_ROW>
      <NAME>Service Contract</NAME>
      <TYPE>CF_READ_ONLY</TYPE>
      <DESCRIPTION>EA-C545</DESCRIPTION>
      <FILENAME>CustomFieldReadOnly-BusinessOpportunity-SERVICE_CONTRACT.xml</FILENAME>
    </ITEMS_ROW>
    <ITEMS_ROW>
      <NAME>0^BUSI_OPPO_STATUS_VALIDATE^BusinessOpportunity</NAME>
      <TYPE>CUSTOM_EVENT_ACTION</TYPE>
      <DESCRIPTION>Prevents user from closing a &apos;Business Opportunity&apos; with Closed Status: &apos;Won&apos;, if converting the Opportunity to an object in IFS such as a Sales Order or Service Quotation etc.

C0540
</DESCRIPTION>
      <FILENAME>CustomEventAction-BusinessOpportunity-BUSI_OPPO_STATUS_VALIDATE-0-EXECUTEONLINESQL.xml</FILENAME>
    </ITEMS_ROW>
    <ITEMS_ROW>
      <NAME>BUSI_OPPO_STATUS_VALIDATE</NAME>
      <TYPE>CUSTOM_EVENT</TYPE>
      <DESCRIPTION>This event prevents user from closing a &apos;Business Opportunity&apos; with Closed Status: &apos;Won&apos;, if converting the Opportunity to an object in IFS such as a Sales Order or Service Quotation etc. 

C0540</DESCRIPTION>
      <FILENAME>CustomEvent-BusinessOpportunity-BUSI_OPPO_STATUS_VALIDATE.xml</FILENAME>
    </ITEMS_ROW>
    <ITEMS_ROW>
      <NAME>0^CLOSE_BUS_OPPORTUNITY^SalesContract</NAME>
      <TYPE>CUSTOM_EVENT_ACTION</TYPE>
      <DESCRIPTION>Close the associated Business Opportunity as &apos;Won&apos; with the reason “110” “Sales Contract Won”

C0544</DESCRIPTION>
      <FILENAME>CustomEventAction-SalesContract-CLOSE_BUS_OPPORTUNITY-0-EXECUTEONLINESQL.xml</FILENAME>
    </ITEMS_ROW>
    <ITEMS_ROW>
      <NAME>0^BUSINESS_OPP_WON_CLOSE^ScServiceContract</NAME>
      <TYPE>CUSTOM_EVENT_ACTION</TYPE>
      <DESCRIPTION>CRIM 545 - EA , Event to convert Business Opportunity to Won when a Service Contract is changed to status Active.</DESCRIPTION>
      <FILENAME>CustomEventAction-ScServiceContract-BUSINESS_OPP_WON_CLOSE-0-EXECUTEONLINESQL.xml</FILENAME>
    </ITEMS_ROW>
    <ITEMS_ROW>
      <NAME>BUSINESS_OPP_WON_CLOSE</NAME>
      <TYPE>CUSTOM_EVENT</TYPE>
      <DESCRIPTION>CRIM 545 - EA , Event to convert Business Opportunity to Won when a Service Contract is changed to status Active.</DESCRIPTION>
      <FILENAME>CustomEvent-ScServiceContract-BUSINESS_OPP_WON_CLOSE.xml</FILENAME>
    </ITEMS_ROW>
    <ITEMS_ROW>
      <NAME>View Service Contract </NAME>
      <TYPE>CUSTOM_MENU</TYPE>
      <DESCRIPTION>CRIM 545 EA - Create Service Contract RMB</DESCRIPTION>
      <FILENAME>CustomMenu-frmOpportunity-886482.xml</FILENAME>
    </ITEMS_ROW>
    <ITEMS_ROW>
      <NAME>Business Opportunity</NAME>
      <TYPE>CF_PERSISTENT</TYPE>
      <DESCRIPTION>EA-C545</DESCRIPTION>
      <FILENAME>CustomFieldPersistent-ScServiceContract-BUSINESS_OPPORTUNITY.xml</FILENAME>
    </ITEMS_ROW>
    <ITEMS_ROW>
      <NAME>CLOSE_BUS_OPPORTUNITY</NAME>
      <TYPE>CUSTOM_EVENT</TYPE>
      <DESCRIPTION>Close the associated Business Opportunity as &apos;Won&apos; with the reason “110” “Sales Contract Won”

C0544</DESCRIPTION>
      <FILENAME>CustomEvent-SalesContract-CLOSE_BUS_OPPORTUNITY.xml</FILENAME>
    </ITEMS_ROW>
    <ITEMS_ROW>
      <NAME>Create Service Contract</NAME>
      <TYPE>CUSTOM_MENU</TYPE>
      <DESCRIPTION>EA - CRIM 545 </DESCRIPTION>
      <FILENAME>CustomMenu-frmOpportunity-702072.xml</FILENAME>
    </ITEMS_ROW>
  </ITEMS>
  <ADDITIONAL_ITEMS>
    <ADDITIONAL_ITEM>
      <NAME>Views-BusinessOpportunity</NAME>
      <TYPE>CF_VIEWS</TYPE>
      <DESCRIPTION>Views Files for BusinessOpportunity</DESCRIPTION>
      <FILENAME>CustomFieldViews-BusinessOpportunity.xml</FILENAME>
    </ADDITIONAL_ITEM>
    <ADDITIONAL_ITEM>
      <NAME>Views-ScServiceContract</NAME>
      <TYPE>CF_VIEWS</TYPE>
      <DESCRIPTION>Views Files for ScServiceContract</DESCRIPTION>
      <FILENAME>CustomFieldViews-ScServiceContract.xml</FILENAME>
    </ADDITIONAL_ITEM>
  </ADDITIONAL_ITEMS>
</APPLICATION_CONFIGURATION>
