<?xml version="1.0"?>
<CUSTOM_OBJECT>
  <NAME>Views -Business Opportunity</NAME>
  <TYPE>CF_VIEWS</TYPE>
  <DESCRIPTION>Custom Field Views of Logical Unit Business Opportunity</DESCRIPTION>
  <CUSTOM_FIELD_VIEWS EXPORT_DEF_VERSION="1">
    <LU>BusinessOpportunity</LU>
    <TABLE_NAME>BUSINESS_OPPORTUNITY_CFT</TABLE_NAME>
    <VIEW_NAME>BUSINESS_OPPORTUNITY_CFV</VIEW_NAME>
    <PACKAGE_NAME>BUSINESS_OPPORTUNITY_CFP</PACKAGE_NAME>
    <DEFINITION_MODIFIED_DATE>2019-03-28-11.27.41</DEFINITION_MODIFIED_DATE>
    <EXPORT_DATE>2021-05-13-04.33.15</EXPORT_DATE>
    <USED_DB>TRUE</USED_DB>
    <ROWKEY>F17499EBBA70422E8C019E27CADFDA69</ROWKEY>
    <CUSTOM_FIELD_VIEW>
      <CUSTOM_FIELD_VIEW_ROW>
        <VIEW_NAME>BUSINESS_OPPORTUNITY_CONTACT</VIEW_NAME>
        <CF_VIEW_NAME>BUSINESS_OPPORTU3742405914_CFV</CF_VIEW_NAME>
        <USED_DB>FALSE</USED_DB>
        <ROWKEY>5B28619E93C94442ADF66B9B505DD1A1</ROWKEY>
      </CUSTOM_FIELD_VIEW_ROW>
      <CUSTOM_FIELD_VIEW_ROW>
        <VIEW_NAME>BUSINESS_OPPORTUNITY_INFORM</VIEW_NAME>
        <CF_VIEW_NAME>BUSINESS_OPPORTU3450539290_CFV</CF_VIEW_NAME>
        <USED_DB>FALSE</USED_DB>
        <ROWKEY>01176321F67E49B5939EE73AE8859A1F</ROWKEY>
      </CUSTOM_FIELD_VIEW_ROW>
      <CUSTOM_FIELD_VIEW_ROW>
        <VIEW_NAME>BUSINESS_OPPORTUNITY_TOTALS</VIEW_NAME>
        <CF_VIEW_NAME>BUSINESS_OPPORTUN233354107_CFV</CF_VIEW_NAME>
        <USED_DB>FALSE</USED_DB>
        <ROWKEY>4CAF7225247A4E6B91411F2E873937F6</ROWKEY>
      </CUSTOM_FIELD_VIEW_ROW>
      <CUSTOM_FIELD_VIEW_ROW>
        <VIEW_NAME>BUS_OPP_REPRESENTATIVE</VIEW_NAME>
        <CF_VIEW_NAME>BUS_OPP_REPRESENTATIVE_CFV</CF_VIEW_NAME>
        <USED_DB>FALSE</USED_DB>
        <ROWKEY>6B535E6FE7554AF8B7B41E44E8BC8C2C</ROWKEY>
      </CUSTOM_FIELD_VIEW_ROW>
    </CUSTOM_FIELD_VIEW>
  </CUSTOM_FIELD_VIEWS>
</CUSTOM_OBJECT>
