<?xml version="1.0"?>
<CUSTOM_OBJECT>
  <NAME>CLOSE_BUS_OPPORTUNITY</NAME>
  <TYPE>CUSTOM_EVENT</TYPE>
  <DESCRIPTION>Close the associated Business Opportunity as &apos;Won&apos; with the reason “110” “Sales Contract Won”

C0544</DESCRIPTION>
  <CUSTOM_EVENT EXPORT_DEF_VERSION="1">
    <EVENT_LU_NAME>SalesContract</EVENT_LU_NAME>
    <EVENT_ID>CLOSE_BUS_OPPORTUNITY</EVENT_ID>
    <EVENT_DESCRIPTION>Close the associated Business Opportunity as &apos;Won&apos; with the reason “110” “Sales Contract Won”

C0544</EVENT_DESCRIPTION>
    <EVENT_ENABLE>TRUE</EVENT_ENABLE>
    <EVENT_TABLE_NAME>SALES_CONTRACT_TAB</EVENT_TABLE_NAME>
    <MODIFIED_ATTRIBUTES>ROWSTATE</MODIFIED_ATTRIBUTES>
    <EVENT_TYPE_DB>CUSTOM</EVENT_TYPE_DB>
    <NEW_ROW_DB>FALSE</NEW_ROW_DB>
    <MODIFY_ROW_DB>TRUE</MODIFY_ROW_DB>
    <REMOVE_ROW_DB>FALSE</REMOVE_ROW_DB>
    <EVENT_TRIGGER_TYPE_DB>AFTER</EVENT_TRIGGER_TYPE_DB>
    <DEFINITION_MODIFIED_DATE>2021-05-13-04.06.46</DEFINITION_MODIFIED_DATE>
    <OBJKEY>F27173AFB1B242FF8FBC6069D7772E6D</OBJKEY>
    <EVENT_PARAMETERS>
      <EVENT_PARAMETERS_ROW>
        <ID>BUSINESS_OPPORTUNITY_NO</ID>
        <ID_TYPE>STRING</ID_TYPE>
        <PLSQL_METHOD/>
        <CURRENT_VALUE_DB>FALSE</CURRENT_VALUE_DB>
        <NEW_VALUE_DB>TRUE</NEW_VALUE_DB>
      </EVENT_PARAMETERS_ROW>
      <EVENT_PARAMETERS_ROW>
        <ID>ROWSTATE</ID>
        <ID_TYPE>STRING</ID_TYPE>
        <PLSQL_METHOD/>
        <CURRENT_VALUE_DB>FALSE</CURRENT_VALUE_DB>
        <NEW_VALUE_DB>TRUE</NEW_VALUE_DB>
      </EVENT_PARAMETERS_ROW>
    </EVENT_PARAMETERS>
  </CUSTOM_EVENT>
</CUSTOM_OBJECT>
