<?xml version="1.0"?>
<CUSTOM_OBJECT>
  <NAME>View Service Contract </NAME>
  <TYPE>CUSTOM_MENU</TYPE>
  <DESCRIPTION>CRIM 545 EA - Create Service Contract RMB</DESCRIPTION>
  <CUSTOM_MENU EXPORT_DEF_VERSION="1">
    <MENU_ID>886482</MENU_ID>
    <DESCRIPTION>CRIM 545 EA - Create Service Contract RMB</DESCRIPTION>
    <WINDOW>frmOpportunity</WINDOW>
    <PROCESS>NONE</PROCESS>
    <ORDERING>6</ORDERING>
    <PARAMETER>frmServiceContractTab</PARAMETER>
    <CUSTOM_MENU_TYPE_DB>2</CUSTOM_MENU_TYPE_DB>
    <BUNDLE_EXECUTION_DB>FALSE</BUNDLE_EXECUTION_DB>
    <PO_ID>frmOpportunity</PO_ID>
    <ENABLED_WHEN/>
    <REFRESH_UI>TRUE</REFRESH_UI>
    <EXPORT_DATE>2021-07-23-07.17.41</EXPORT_DATE>
    <DEFINITION_MODIFIED_DATE>2021-04-08-10.31.03</DEFINITION_MODIFIED_DATE>
    <OBJVERSION>20210415025321</OBJVERSION>
    <OBJKEY>C18E4FA348ED44CF9A60E2D97CA3B9BF</OBJKEY>
    <TEXTS>
      <TEXTS_ROW>
        <LANGUAGE_CODE>en</LANGUAGE_CODE>
        <TITLE>View Service Contract </TITLE>
        <OBJKEY>A7A4BFE772EE43B0BD39CDA06CD284BE</OBJKEY>
      </TEXTS_ROW>
      <TEXTS_ROW>
        <LANGUAGE_CODE>gb</LANGUAGE_CODE>
        <TITLE>View Service Contract </TITLE>
        <OBJKEY>0C43B8905FDC4A10BAF8C16689054C02</OBJKEY>
      </TEXTS_ROW>
    </TEXTS>
    <KEY_TRANSLATIONS>
      <KEY_TRANSLATIONS_ROW>
        <ID>1</ID>
        <SOURCE_KEY_NAME>OPPORTUNITY_NO</SOURCE_KEY_NAME>
        <DEST_KEY_NAME>CF$_BUSINESS_OPPORTUNITY</DEST_KEY_NAME>
        <OBJKEY>92D3D7092FC74EBC820DBCA1F73A5FB7</OBJKEY>
      </KEY_TRANSLATIONS_ROW>
      <KEY_TRANSLATIONS_ROW>
        <ID>2</ID>
        <SOURCE_KEY_NAME>COMPANY</SOURCE_KEY_NAME>
        <DEST_KEY_NAME>COMPANY</DEST_KEY_NAME>
        <OBJKEY>151DC913BA364AEAB8D18B5AE89A0D63</OBJKEY>
      </KEY_TRANSLATIONS_ROW>
    </KEY_TRANSLATIONS>
    <EXPANDABLE_PARAMETERS>
  </EXPANDABLE_PARAMETERS>
  </CUSTOM_MENU>
</CUSTOM_OBJECT>
