<?xml version="1.0"?>
<CUSTOM_OBJECT>
  <NAME>0^CLOSE_BUS_OPPORTUNITY^SalesContract</NAME>
  <TYPE>CUSTOM_EVENT_ACTION</TYPE>
  <DESCRIPTION>Close the associated Business Opportunity as &apos;Won&apos; with the reason “110” “Sales Contract Won”

C0544</DESCRIPTION>
  <CUSTOM_EVENT_ACTION EXPORT_DEF_VERSION="2">
    <EVENT_LU_NAME>SalesContract</EVENT_LU_NAME>
    <EVENT_ID>CLOSE_BUS_OPPORTUNITY</EVENT_ID>
    <ACTION_NUMBER>0</ACTION_NUMBER>
    <ACTION_ENABLE>TRUE</ACTION_ENABLE>
    <ACTION_PARAMETERS>!FNDSER.EVENT_ACTION_PARAM
$SQL=DECLARE  
-   attr_       VARCHAR2(32000);
-   sql_msg_    VARCHAR2(32000);
-   stmt_       VARCHAR2(1000);
-   job_id_     NUMBER;
-BEGIN
-   stmt_ := &apos;
-   DECLARE
-      business_opportunity_ VARCHAR2(10);
-   BEGIN
-      business_opportunity_ := &apos;&apos;&amp;NEW:BUSINESS_OPPORTUNITY_NO&apos;&apos;;
-      Business_Opportunity_API.Set_Closed(business_opportunity_, &apos;&apos;WON&apos;&apos;, &apos;&apos;110&apos;&apos;, NULL, NULL);
-      Transaction_SYS.Log_Progress_Info(&apos;&apos;Business Opportunity status set to &quot;Won&quot;&apos;&apos;);
-   END;&apos;;
-   sql_msg_ := Message_SYS.Construct(&apos;UPD&apos;);
-   Message_SYS.Add_Attribute(sql_msg_, &apos;SQL&apos;, stmt_);
-
-   Client_SYS.Clear_Attr(attr_);
-   Client_SYS.Add_To_Attr(&apos;SQL_DATA_&apos;, sql_msg_, attr_);
-   Client_SYS.Add_To_Attr(&apos;MSG_&apos;, &apos;&apos;, attr_);
-
-   Transaction_SYS.Deferred_Call(job_id_,
-                                 &apos;Fnd_Event_Action_API.Action_Executeonlinesql&apos;,
-                                 &apos;PARAMETER&apos;,
-                                 attr_,
-                                 &apos;Close the associated Business Opportunity as &apos;&apos;Won&apos;&apos;&apos;);
-END; 
$ATTACH=!ATTACHMENTS
</ACTION_PARAMETERS>
    <FND_EVENT_ACTION_TYPE_DB>EXECUTEONLINESQL</FND_EVENT_ACTION_TYPE_DB>
    <CONDITION_TYPE>!EVENT_ACTION_COND_TYPE
$NEW:BUSINESS_OPPORTUNITY_NO=
$NEW:ROWSTATE==
</CONDITION_TYPE>
    <CONDITION_VALUE>!EVENT_ACTION_COND_VALUE
$NEW:BUSINESS_OPPORTUNITY_NO=
$NEW:ROWSTATE=Awarded
</CONDITION_VALUE>
    <DESCRIPTION>Close the associated Business Opportunity as &apos;Won&apos; with the reason “110” “Sales Contract Won”

C0544</DESCRIPTION>
    <SUBSCRIBABLE>FALSE</SUBSCRIBABLE>
    <SYSTEM_DEFINED>FALSE</SYSTEM_DEFINED>
    <ROLE/>
    <DEFINITION_MODIFIED_DATE>2021-05-13-04.07.05</DEFINITION_MODIFIED_DATE>
    <OBJKEY>6FD4EB5CACE74DA4A7BA8A1EA33CCC38</OBJKEY>
  </CUSTOM_EVENT_ACTION>
</CUSTOM_OBJECT>
