<?xml version="1.0"?>
<CUSTOM_OBJECT>
  <NAME>0^BUSINESS_OPP_WON_CLOSE^ScServiceContract</NAME>
  <TYPE>CUSTOM_EVENT_ACTION</TYPE>
  <DESCRIPTION>CRIM 545 - EA , Event to convert Business Opportunity to Won when a Service Contract is changed to status Active.</DESCRIPTION>
  <CUSTOM_EVENT_ACTION EXPORT_DEF_VERSION="2">
    <EVENT_LU_NAME>ScServiceContract</EVENT_LU_NAME>
    <EVENT_ID>BUSINESS_OPP_WON_CLOSE</EVENT_ID>
    <ACTION_NUMBER>0</ACTION_NUMBER>
    <ACTION_ENABLE>TRUE</ACTION_ENABLE>
    <ACTION_PARAMETERS>!FNDSER.EVENT_ACTION_PARAM
$SQL=DECLARE
-
-  attr_    VARCHAR2(32000);
-  sql_msg_ VARCHAR2(32000);
-  stmt_    VARCHAR2(32000);
-  job_id_  NUMBER;
-
-BEGIN
-
-  stmt_ := &apos;
-
-DECLARE
-
-type_ VARCHAR2(5);
-state_ VARCHAR2(5);
-bo_id_  VARCHAR2(4000);
-
-CURSOR get_bo_details IS 
-SELECT CF$_BUSINESS_OPPORTUNITY
-FROM Sc_Service_Contract_Cfv 
-WHERE CONTRACT_ID = &apos;&apos;&amp;NEW:CONTRACT_ID&apos;&apos;;
-
-BEGIN
-
-Lose_Win_Reason_API.Exist(&apos;&apos;100&apos;&apos; , &apos;&apos;BO&apos;&apos; , &apos;&apos;WIN&apos;&apos;);
-
-type_ := Lose_Win_Reason_API.Exist_Reason_Type(&apos;&apos;100&apos;&apos; , &apos;&apos;WIN&apos;&apos;); 
-
-OPEN get_bo_details;
-FETCH get_bo_details INTO bo_id_;
-CLOSE get_bo_details;
-
-IF( bo_id_ is not null)THEN 
-    state_ :=Business_Opportunity_API.Is_Lines_In_Progress(bo_id_ );
-    BUSINESS_OPPORTUNITY_API.Set_Closed(bo_id_ ,  &apos;&apos;WON&apos;&apos; , &apos;&apos;100&apos;&apos; ,  null ,  null ); 
-END IF;
-
-END; 
-
-&apos;;
-
-  sql_msg_ := Message_SYS.Construct(&apos;UPD&apos;);
-  Message_SYS.Add_Attribute(sql_msg_, &apos;SQL&apos;, stmt_);
-  Client_SYS.Clear_Attr(attr_);
-  Client_SYS.Add_To_Attr(&apos;SQL_DATA_&apos;, sql_msg_, attr_);
-  Client_SYS.Add_To_Attr(&apos;MSG_&apos;, &apos;&apos;, attr_);
-
-  Transaction_SYS.Deferred_Call(job_id_,
-                                &apos;Fnd_Event_Action_API.Action_Executeonlinesql&apos;,
-                                &apos;PARAMETER&apos;,
-                                attr_,
-                                &apos;Event to convert Business Opportunity to Won when a Service Contract is changed to status Active - C0545&apos;);
-END; 
$ATTACH=!ATTACHMENTS
</ACTION_PARAMETERS>
    <FND_EVENT_ACTION_TYPE_DB>EXECUTEONLINESQL</FND_EVENT_ACTION_TYPE_DB>
    <CONDITION_TYPE>!EVENT_ACTION_COND_TYPE
$NEW:CONTRACT_ID=
$NEW:ROWSTATE==
</CONDITION_TYPE>
    <CONDITION_VALUE>!EVENT_ACTION_COND_VALUE
$NEW:CONTRACT_ID=
$NEW:ROWSTATE=Active
</CONDITION_VALUE>
    <DESCRIPTION>CRIM 545 - EA , Event to convert Business Opportunity to Won when a Service Contract is changed to status Active.</DESCRIPTION>
    <SUBSCRIBABLE>FALSE</SUBSCRIBABLE>
    <SYSTEM_DEFINED>FALSE</SYSTEM_DEFINED>
    <ROLE/>
    <DEFINITION_MODIFIED_DATE>2021-05-12-11.29.56</DEFINITION_MODIFIED_DATE>
    <OBJKEY>9A7A70AB28EE4BB59ED6075BC04BFCE3</OBJKEY>
  </CUSTOM_EVENT_ACTION>
</CUSTOM_OBJECT>
