<?xml version="1.0"?>
<CUSTOM_OBJECT>
  <NAME>Service Contract</NAME>
  <TYPE>CF_READ_ONLY</TYPE>
  <DESCRIPTION>EA-C545</DESCRIPTION>
  <CUSTOM_FIELD EXPORT_DEF_VERSION="1">
    <LU>BusinessOpportunity</LU>
    <TABLE_NAME>BUSINESS_OPPORTUNITY_CFT</TABLE_NAME>
    <VIEW_NAME>BUSINESS_OPPORTUNITY_CFV</VIEW_NAME>
    <PACKAGE_NAME>BUSINESS_OPPORTUNITY_CFP</PACKAGE_NAME>
    <DEFINITION_MODIFIED_DATE>2019-03-28-11.27.41</DEFINITION_MODIFIED_DATE>
    <EXPORT_DATE>2021-05-13-04.33.15</EXPORT_DATE>
    <USED_DB>TRUE</USED_DB>
    <ROWKEY>F17499EBBA70422E8C019E27CADFDA69</ROWKEY>
    <CUSTOM_FIELD_ATTRIBUTE>
      <CUSTOM_FIELD_ATTRIBUTE_ROW>
        <ATTRIBUTE_NAME>SERVICE_CONTRACT</ATTRIBUTE_NAME>
        <DATA_TYPE_DB>STRING</DATA_TYPE_DB>
        <FORMAT_DB>UNFORMATTED</FORMAT_DB>
        <DATA_LENGTH>4000</DATA_LENGTH>
        <DEFAULT_VALUE_TYPE_DB>NO_DEFAULT_VALUE</DEFAULT_VALUE_TYPE_DB>
        <DEFAULT_VALUE/>
        <MANDATORY_DB>FALSE</MANDATORY_DB>
        <INSERTABLE_DB>FALSE</INSERTABLE_DB>
        <UPDATEABLE_DB>FALSE</UPDATEABLE_DB>
        <QUERYABLE_DB>TRUE</QUERYABLE_DB>
        <PRIVATE_DB>FALSE</PRIVATE_DB>
        <LOV_DB>FALSE</LOV_DB>
        <INDEXED_DB>FALSE</INDEXED_DB>
        <PROMPT>Service Contract</PROMPT>
        <DEFINITION_MODIFIED_DATE>2021-04-08-11.45.44</DEFINITION_MODIFIED_DATE>
        <CUSTOM_FIELD_TYPE_DB>READ_ONLY_FIELD</CUSTOM_FIELD_TYPE_DB>
        <CUSTOM_FIELD_IMPL_TYPE_DB>SELECT_STATEMENT</CUSTOM_FIELD_IMPL_TYPE_DB>
        <EXPRESSION>Business_Opportunity_Cfp.Get_Cf$_Service_Contract(v.OPPORTUNITY_NO)</EXPRESSION>
        <METADATA>Select CONTRACT_ID
FROM SC_SERVICE_CONTRACT_CFV
WHERE CF$_BUSINESS_OPPORTUNITY= :OPPORTUNITY_NO</METADATA>
        <LU_REFERENCE/>
        <UI_OBJECT_DB>DEFAULT</UI_OBJECT_DB>
        <USED_DB>TRUE</USED_DB>
        <READ_ONLY_EXPRESSION_DB>FALSE</READ_ONLY_EXPRESSION_DB>
        <NOTE>EA-C545</NOTE>
        <ENABLED_ON_REPORTS_DB>TRUE</ENABLED_ON_REPORTS_DB>
        <CONSTRAINT_TYPE_DB>RESTRICTED</CONSTRAINT_TYPE_DB>
        <LOV_VIEW/>
        <ALTERNATE_KEY_DB>FALSE</ALTERNATE_KEY_DB>
        <ROWKEY>2342830ED6C84EAAAAD9B177C7D13C5E</ROWKEY>
      </CUSTOM_FIELD_ATTRIBUTE_ROW>
    </CUSTOM_FIELD_ATTRIBUTE>
    <TRANSLATIONS>
  </TRANSLATIONS>
    <CUSTOM_FIELD_VIEW>
      <CUSTOM_FIELD_VIEW_ROW>
        <VIEW_NAME>BUSINESS_OPPORTUNITY_CONTACT</VIEW_NAME>
        <CF_VIEW_NAME>BUSINESS_OPPORTU3742405914_CFV</CF_VIEW_NAME>
        <USED_DB>FALSE</USED_DB>
        <ROWKEY>5B28619E93C94442ADF66B9B505DD1A1</ROWKEY>
      </CUSTOM_FIELD_VIEW_ROW>
      <CUSTOM_FIELD_VIEW_ROW>
        <VIEW_NAME>BUSINESS_OPPORTUNITY_INFORM</VIEW_NAME>
        <CF_VIEW_NAME>BUSINESS_OPPORTU3450539290_CFV</CF_VIEW_NAME>
        <USED_DB>FALSE</USED_DB>
        <ROWKEY>01176321F67E49B5939EE73AE8859A1F</ROWKEY>
      </CUSTOM_FIELD_VIEW_ROW>
      <CUSTOM_FIELD_VIEW_ROW>
        <VIEW_NAME>BUSINESS_OPPORTUNITY_TOTALS</VIEW_NAME>
        <CF_VIEW_NAME>BUSINESS_OPPORTUN233354107_CFV</CF_VIEW_NAME>
        <USED_DB>FALSE</USED_DB>
        <ROWKEY>4CAF7225247A4E6B91411F2E873937F6</ROWKEY>
      </CUSTOM_FIELD_VIEW_ROW>
      <CUSTOM_FIELD_VIEW_ROW>
        <VIEW_NAME>BUS_OPP_REPRESENTATIVE</VIEW_NAME>
        <CF_VIEW_NAME>BUS_OPP_REPRESENTATIVE_CFV</CF_VIEW_NAME>
        <USED_DB>FALSE</USED_DB>
        <ROWKEY>6B535E6FE7554AF8B7B41E44E8BC8C2C</ROWKEY>
      </CUSTOM_FIELD_VIEW_ROW>
    </CUSTOM_FIELD_VIEW>
  </CUSTOM_FIELD>
</CUSTOM_OBJECT>
