<?xml version="1.0"?>
<CUSTOM_OBJECT>
  <NAME>Create Service Contract</NAME>
  <TYPE>CUSTOM_MENU</TYPE>
  <DESCRIPTION>EA - CRIM 545 </DESCRIPTION>
  <CUSTOM_MENU EXPORT_DEF_VERSION="1">
    <MENU_ID>702072</MENU_ID>
    <DESCRIPTION>EA - CRIM 545 </DESCRIPTION>
    <WINDOW>frmOpportunity</WINDOW>
    <PROCESS>NONE</PROCESS>
    <ORDERING>5</ORDERING>
    <PARAMETER>DECLARE
  attr_           VARCHAR2(2000);
  info_           VARCHAR2(2000);
  objid_          VARCHAR2(2000);
  objversion_ VARCHAR2(2000);
BEGIN
  &amp;AO.Client_SYS.Clear_Attr(attr_);
  &amp;AO.Client_SYS.Add_To_Attr(&apos;CONTRACT_NAME&apos;, &amp;DESCRIPTION, attr_);
  &amp;AO.Client_SYS.Add_To_Attr(&apos;CUSTOMER_ID&apos;, &amp;CUSTOMER_ID, attr_);
  &amp;AO.Client_SYS.Add_To_Attr(&apos;CURRENCY_CODE&apos;, &amp;CURRENCY_CODE, attr_);
  &amp;AO.Client_SYS.Add_To_Attr(&apos;COMPANY&apos;, &amp;COMPANY, attr_);
  &amp;AO.Client_SYS.Add_To_Attr(&apos;CONTRACT_TYPE&apos;, &apos;SER&apos;, attr_);
  &amp;AO.Client_SYS.Add_To_Attr(&apos;CONTRACT&apos;, &apos;2013&apos;, attr_);
  &amp;AO.Client_SYS.Add_To_Attr(&apos;FROM_DATE&apos;, SYSDATE, attr_);
  &amp;AO.Client_SYS.Add_To_Attr(&apos;CREATED&apos;, SYSDATE, attr_);
  &amp;AO.Client_SYS.Add_To_Attr(&apos;AUTO_ADD_OBJS&apos;, &apos;TRUE&apos;, attr_);
  &amp;AO.Client_SYS.Add_To_Attr(&apos;PERIODIC_ALLOCATION&apos;, &apos;0&apos;, attr_);
  &amp;AO.Client_SYS.Add_To_Attr(&apos;INVOICE_RULE&apos;, &apos;Prior&apos;, attr_);
  &amp;AO.Client_SYS.Add_To_Attr(&apos;AUTHORIZE_CODE&apos;,
                             &amp;AO.FND_SESSION_API.Get_Fnd_User,
                             attr_);
  &amp;AO.Sc_Service_Contract_API.New__(info_,
                                    objid_,
                                    objversion_,
                                    attr_,
                                    &apos;DO&apos;);

  &amp;AO.Client_Sys.Clear_Attr(attr_);
  &amp;AO.Client_Sys.Add_To_Attr(&apos;CF$_BUSINESS_OPPORTUNITY&apos;, &amp;OPPORTUNITY_NO, attr_);
  &amp;AO.Sc_Service_Contract_CFP.Cf_Modify__(info_, objid_, attr_, &apos; &apos;, &apos;DO&apos;);
END;
</PARAMETER>
    <CUSTOM_MENU_TYPE_DB>12</CUSTOM_MENU_TYPE_DB>
    <BUNDLE_EXECUTION_DB>FALSE</BUNDLE_EXECUTION_DB>
    <PO_ID>frmOpportunity</PO_ID>
    <ENABLED_WHEN/>
    <REFRESH_UI>TRUE</REFRESH_UI>
    <EXPORT_DATE>2021-06-01-04.38.55</EXPORT_DATE>
    <DEFINITION_MODIFIED_DATE>2021-05-31-03.18.17</DEFINITION_MODIFIED_DATE>
    <OBJVERSION>20210531031817</OBJVERSION>
    <OBJKEY>FAF11104717B48CD802E1616C37DFB9F</OBJKEY>
    <TEXTS>
      <TEXTS_ROW>
        <LANGUAGE_CODE>en</LANGUAGE_CODE>
        <TITLE>Create Service Contract</TITLE>
        <OBJKEY>B7418F8F70E646318972245E680F268C</OBJKEY>
      </TEXTS_ROW>
      <TEXTS_ROW>
        <LANGUAGE_CODE>gb</LANGUAGE_CODE>
        <TITLE>Create Service Contract</TITLE>
        <OBJKEY>B2D7089E316B49B0A3D4DD49FEC36C47</OBJKEY>
      </TEXTS_ROW>
    </TEXTS>
    <KEY_TRANSLATIONS>
  </KEY_TRANSLATIONS>
    <EXPANDABLE_PARAMETERS>
  </EXPANDABLE_PARAMETERS>
  </CUSTOM_MENU>
</CUSTOM_OBJECT>
