<?xml version="1.0"?>
<APPLICATION_CONFIGURATION>
  <EXPORT_DEF_VERSION>1</EXPORT_DEF_VERSION>
  <PACKAGE_ID>FDB9C82DAC5048338C192072B5216DE3</PACKAGE_ID>
  <NAME>EA_COM</NAME>
  <DESCRIPTION>This package contains
- C0404</DESCRIPTION>
  <AUTHOR>Tunstall Group Holdings Limited</AUTHOR>
  <VERSION/>
  <VERSION_TIME_STAMP>2021-05-18-03.46.21</VERSION_TIME_STAMP>
  <ORIGIN>TUGRPPR-307544-MC-TUGRPPR-APPS10</ORIGIN>
  <LAST_MODIFIED_DATE>2021-05-10-12.17.35</LAST_MODIFIED_DATE>
  <ITEMS>
    <ITEMS_ROW>
      <NAME>0^TAX_CODE_CH^CustomerOrderLine</NAME>
      <TYPE>CUSTOM_EVENT_ACTION</TYPE>
      <DESCRIPTION>EA-C0404</DESCRIPTION>
      <FILENAME>CustomEventAction-CustomerOrderLine-TAX_CODE_CH-0-EXECUTEONLINESQL.xml</FILENAME>
    </ITEMS_ROW>
    <ITEMS_ROW>
      <NAME>TAX_CODE_CH</NAME>
      <TYPE>CUSTOM_EVENT</TYPE>
      <DESCRIPTION>EA-C0404</DESCRIPTION>
      <FILENAME>CustomEvent-CustomerOrderLine-TAX_CODE_CH.xml</FILENAME>
    </ITEMS_ROW>
  </ITEMS>
  <ADDITIONAL_ITEMS/>
</APPLICATION_CONFIGURATION>
