<?xml version="1.0"?>
<APPLICATION_CONFIGURATION>
  <EXPORT_DEF_VERSION>1</EXPORT_DEF_VERSION>
  <PACKAGE_ID>FDB9C82DAC5048338C192072B5216DE3</PACKAGE_ID>
  <NAME>EA_COM</NAME>
  <DESCRIPTION>This package contains
- C0404
- C588</DESCRIPTION>
  <AUTHOR>Tunstall Group Holdings Limited</AUTHOR>
  <VERSION/>
  <VERSION_TIME_STAMP>2021-08-19-10.08.51</VERSION_TIME_STAMP>
  <ORIGIN>TUGRPPR-307544-MC-TUGRPPR-APPS10</ORIGIN>
  <LAST_MODIFIED_DATE>2021-08-17-07.49.07</LAST_MODIFIED_DATE>
  <ITEMS>
    <ITEMS_ROW>
      <NAME>Serial No</NAME>
      <TYPE>CF_READ_ONLY</TYPE>
      <DESCRIPTION>C0526</DESCRIPTION>
      <FILENAME>CustomFieldReadOnly-JtTask-SERIAL_NO.xml</FILENAME>
    </ITEMS_ROW>
    <ITEMS_ROW>
      <NAME>0^SET_REMAINING_BUDGET^CustomerOrderLine</NAME>
      <TYPE>CUSTOM_EVENT_ACTION</TYPE>
      <DESCRIPTION>EA - C588. This event is written to set the La Remaining Budget CF. </DESCRIPTION>
      <FILENAME>CustomEventAction-CustomerOrderLine-SET_REMAINING_BUDGET-0-EXECUTEONLINESQL.xml</FILENAME>
    </ITEMS_ROW>
    <ITEMS_ROW>
      <NAME>Task Template</NAME>
      <TYPE>CF_READ_ONLY</TYPE>
      <DESCRIPTION>0526</DESCRIPTION>
      <FILENAME>CustomFieldReadOnly-JtTask-TASK_TEMPLATE.xml</FILENAME>
    </ITEMS_ROW>
    <ITEMS_ROW>
      <NAME>Delivery Reliability Report</NAME>
      <TYPE>QUICK_REPORT</TYPE>
      <DESCRIPTION>Parameters:

Order Type: Accepts single, multiple or no values ( multiple values should be seperated by a comma ex: A,B)
                         If no value is provided all order types will be considered
Year             :  Any valid year. If no value is provided then records belongs to the current year ( from 01/01 to current date) will be taken
Quarter        :  Quarter No ( 1,2,3,4)
Month          :  Any valid Month in number format ( ex: 1,3,12)
Week          : Any valid week number ( Ex: 2, 34, 53)

Notes: 

- Year is mandatory for all date parameters except for &apos;Year&apos;
- Order of the  parameters is considered when filtering out data. For an example;
    Year = 2020, Quarter = 4, Month = 6; In this case parameter value of &apos;Month&apos; will be ignored as date range will be calculated based on the year and the quarter.
    Year = 2020, Month = 12, Week = 30; In this case parameter value of &apos;Week&apos; will be ignored as date range will be calculated based on the year and the month.

C0438</DESCRIPTION>
      <FILENAME>QuickReport-692653.xml</FILENAME>
    </ITEMS_ROW>
    <ITEMS_ROW>
      <NAME>Print Service Repair Label...</NAME>
      <TYPE>CUSTOM_MENU</TYPE>
      <DESCRIPTION>C0526</DESCRIPTION>
      <FILENAME>CustomMenu-cpgProductRepairBooking-593670.xml</FILENAME>
    </ITEMS_ROW>
    <ITEMS_ROW>
      <NAME>SET_REMAINING_BUDGET</NAME>
      <TYPE>CUSTOM_EVENT</TYPE>
      <DESCRIPTION>EA - C588. This event is written to set the La Remaining Budget CF. </DESCRIPTION>
      <FILENAME>CustomEvent-CustomerOrderLine-SET_REMAINING_BUDGET.xml</FILENAME>
    </ITEMS_ROW>
    <ITEMS_ROW>
      <NAME>La Remaining Budget</NAME>
      <TYPE>CF_PERSISTENT</TYPE>
      <DESCRIPTION>EA - C588</DESCRIPTION>
      <FILENAME>CustomFieldPersistent-CustomerOrderLine-LA_REMAINING_BUDGET.xml</FILENAME>
    </ITEMS_ROW>
    <ITEMS_ROW>
      <NAME>UPDATE_REMAINING_BUDGET</NAME>
      <TYPE>CUSTOM_EVENT</TYPE>
      <DESCRIPTION>EA- C588. This event is written to update the Remaining Budget Field in Customer Order Line. </DESCRIPTION>
      <FILENAME>CustomEvent-CustomerOrderLine-UPDATE_REMAINING_BUDGET.xml</FILENAME>
    </ITEMS_ROW>
    <ITEMS_ROW>
      <NAME>0^TAX_CODE_CH^CustomerOrderLine</NAME>
      <TYPE>CUSTOM_EVENT_ACTION</TYPE>
      <DESCRIPTION>EA-C0404</DESCRIPTION>
      <FILENAME>CustomEventAction-CustomerOrderLine-TAX_CODE_CH-0-EXECUTEONLINESQL.xml</FILENAME>
    </ITEMS_ROW>
    <ITEMS_ROW>
      <NAME>0^UPDATE_REMAINING_BUDGET^CustomerOrderLine</NAME>
      <TYPE>CUSTOM_EVENT_ACTION</TYPE>
      <DESCRIPTION>EA- C588. This event is written to update the Remaining Budget Field in Customer Order Line. </DESCRIPTION>
      <FILENAME>CustomEventAction-CustomerOrderLine-UPDATE_REMAINING_BUDGET-0-EXECUTEONLINESQL.xml</FILENAME>
    </ITEMS_ROW>
    <ITEMS_ROW>
      <NAME>TAX_CODE_CH</NAME>
      <TYPE>CUSTOM_EVENT</TYPE>
      <DESCRIPTION>EA-C0404</DESCRIPTION>
      <FILENAME>CustomEvent-CustomerOrderLine-TAX_CODE_CH.xml</FILENAME>
    </ITEMS_ROW>
    <ITEMS_ROW>
      <NAME>Part No</NAME>
      <TYPE>CF_READ_ONLY</TYPE>
      <DESCRIPTION>C0526</DESCRIPTION>
      <FILENAME>CustomFieldReadOnly-JtTask-PART_NO.xml</FILENAME>
    </ITEMS_ROW>
  </ITEMS>
  <ADDITIONAL_ITEMS>
    <ADDITIONAL_ITEM>
      <NAME>Views-CustomerOrderLine</NAME>
      <TYPE>CF_VIEWS</TYPE>
      <DESCRIPTION>Views Files for CustomerOrderLine</DESCRIPTION>
      <FILENAME>CustomFieldViews-CustomerOrderLine.xml</FILENAME>
    </ADDITIONAL_ITEM>
    <ADDITIONAL_ITEM>
      <NAME>Views-JtTask</NAME>
      <TYPE>CF_VIEWS</TYPE>
      <DESCRIPTION>Views Files for JtTask</DESCRIPTION>
      <FILENAME>CustomFieldViews-JtTask.xml</FILENAME>
    </ADDITIONAL_ITEM>
  </ADDITIONAL_ITEMS>
</APPLICATION_CONFIGURATION>
