<?xml version="1.0"?>
<APPLICATION_CONFIGURATION>
  <EXPORT_DEF_VERSION>1</EXPORT_DEF_VERSION>
  <PACKAGE_ID>FDB9C82DAC5048338C192072B5216DE3</PACKAGE_ID>
  <NAME>EA_COM</NAME>
  <DESCRIPTION>This package contains
- C0404</DESCRIPTION>
  <AUTHOR>Tunstall Group Holdings Limited</AUTHOR>
  <VERSION/>
  <VERSION_TIME_STAMP>2021-06-07-12.12.35</VERSION_TIME_STAMP>
  <ORIGIN>TUGRREF-307544-MC-TUGRREF-APPS10</ORIGIN>
  <LAST_MODIFIED_DATE>2021-06-07-12.06.52</LAST_MODIFIED_DATE>
  <ITEMS>
    <ITEMS_ROW>
      <NAME>Delivery Reliability Report</NAME>
      <TYPE>QUICK_REPORT</TYPE>
      <DESCRIPTION>Parameters:

Order Type: Accepts single, multiple or no values ( multiple values should be seperated by a comma ex: A,B)
                         If no value is provided all order types will be considered
Year             :  Any valid year. If no value is provided then records belongs to the current year ( from 01/01 to current date) will be taken
Quarter        :  Quarter No ( 1,2,3,4)
Month          :  Any valid Month in number format ( ex: 1,3,12)
Week          : Any valid week number ( Ex: 2, 34, 53)

Notes: 

- Year is mandatory for all date parameters except for &apos;Year&apos;
- Order of the  parameters is considered when filtering out data. For an example;
    Year = 2020, Quarter = 4, Month = 6; In this case parameter value of &apos;Month&apos; will be ignored as date range will be calculated based on the year and the quarter.
    Year = 2020, Month = 12, Week = 30; In this case parameter value of &apos;Week&apos; will be ignored as date range will be calculated based on the year and the month.

C0438</DESCRIPTION>
      <FILENAME>QuickReport-692653.xml</FILENAME>
    </ITEMS_ROW>
    <ITEMS_ROW>
      <NAME>0^TAX_CODE_CH^CustomerOrderLine</NAME>
      <TYPE>CUSTOM_EVENT_ACTION</TYPE>
      <DESCRIPTION>EA-C0404</DESCRIPTION>
      <FILENAME>CustomEventAction-CustomerOrderLine-TAX_CODE_CH-0-EXECUTEONLINESQL.xml</FILENAME>
    </ITEMS_ROW>
    <ITEMS_ROW>
      <NAME>TAX_CODE_CH</NAME>
      <TYPE>CUSTOM_EVENT</TYPE>
      <DESCRIPTION>EA-C0404</DESCRIPTION>
      <FILENAME>CustomEvent-CustomerOrderLine-TAX_CODE_CH.xml</FILENAME>
    </ITEMS_ROW>
  </ITEMS>
  <ADDITIONAL_ITEMS/>
</APPLICATION_CONFIGURATION>
