<?xml version="1.0"?>
<CUSTOM_OBJECT>
  <NAME>0^UPDATE_REMAINING_BUDGET^CustomerOrderLine</NAME>
  <TYPE>CUSTOM_EVENT_ACTION</TYPE>
  <DESCRIPTION>EA- C588. This event is written to update the Remaining Budget Field in Customer Order Line. </DESCRIPTION>
  <CUSTOM_EVENT_ACTION EXPORT_DEF_VERSION="2">
    <EVENT_LU_NAME>CustomerOrderLine</EVENT_LU_NAME>
    <EVENT_ID>UPDATE_REMAINING_BUDGET</EVENT_ID>
    <ACTION_NUMBER>0</ACTION_NUMBER>
    <ACTION_ENABLE>TRUE</ACTION_ENABLE>
    <ACTION_PARAMETERS>!FNDSER.EVENT_ACTION_PARAM
$SQL=DECLARE
-
-  attr_    VARCHAR2(32000);
-  sql_msg_ VARCHAR2(32000);
-  stmt_    VARCHAR2(32000);
-  job_id_  NUMBER;
-
-BEGIN
-
-  stmt_ := &apos;
-
-DECLARE
-
-discount_       NUMBER;
-sale_              NUMBER;  
-qty_               NUMBER;
-conv_             NUMBER;
-item_no_        NUMBER;
-info_               VARCHAR2(3200);
-attr_               VARCHAR2(3200);
-objid_             VARCHAR2(3200);
-old_qty_         VARCHAR2(200);
-old_discount_ NUMBER;
-state_            VARCHAR2(3200);
-old_qtys_       NUMBER;
-sale_price_     NUMBER;
-
-CURSOR get_budget_line IS 
-  SELECT cf$_la_remaining_budget, objid, sale_unit_price
-    FROM customer_order_line_cfv
-  WHERE catalog_no = &apos;&apos;BUDGET&apos;&apos;
-       AND order_no = &apos;&apos;&amp;NEW:ORDER_NO&apos;&apos;;
-
-CURSOR get_all_line IS 
- SELECT Cust_Order_Line_Discount_API.Get_Total_Line_Discount__(order_no, line_no, rel_no, line_item_no, buy_qty_due, price_conv_factor) as discount
-   FROM customer_order_line_cfv
- WHERE catalog_no != &apos;&apos;BUDGET&apos;&apos;
-      AND order_no = &apos;&apos;&amp;NEW:ORDER_NO&apos;&apos;
-      AND state !=  &apos;&apos;Cancelled&apos;&apos;;
-
-BEGIN
-
-qty_        := &amp;NEW:BUY_QTY_DUE;
-conv_      := &amp;NEW:PRICE_CONV_FACTOR;
-item_no_ := &amp;NEW:LINE_ITEM_NO;
-old_qty_ := &apos;&apos;&amp;OLD:BUY_QTY_DUE&apos;&apos; ;
-
-IF (old_qty_ IS NULL) THEN
-  old_qtys_ := 0;
-ELSE
- old_qtys_ := TO_NUMBER(old_qty_ );
-END IF;
-
-state_ := NVL(Customer_Order_Line_API.Get_State( &apos;&apos;&amp;NEW:ORDER_NO&apos;&apos;, &apos;&apos;&amp;NEW:LINE_NO&apos;&apos;,  &apos;&apos;&amp;NEW:REL_NO&apos;&apos;, item_no_ ), &apos;&apos;DELETED&apos;&apos;);
-
- discount_  := Cust_Order_Line_Discount_API.Get_Total_Line_Discount__(&apos;&apos;&amp;NEW:ORDER_NO&apos;&apos;, &apos;&apos;&amp;NEW:LINE_NO&apos;&apos;, &apos;&apos;&amp;NEW:REL_NO&apos;&apos;, item_no_, qty_ , conv_);
-
- old_discount_ :=  Cust_Order_Line_Discount_API.Get_Total_Line_Discount__(&apos;&apos;&amp;NEW:ORDER_NO&apos;&apos;, &apos;&apos;&amp;NEW:LINE_NO&apos;&apos;, &apos;&apos;&amp;NEW:REL_NO&apos;&apos;, item_no_, old_qtys_, conv_);
-
-OPEN get_budget_line;
-FETCH get_budget_line INTO sale_, objid_, sale_price_;
-CLOSE get_budget_line;
-
--- To re-add the discount  of a deleted line to Remianing Budget field
-
-IF (qty_ = old_qtys_ AND state_  = &apos;&apos;DELETED&apos;&apos;) THEN 
-       
-        FOR rec_ IN get_all_line LOOP
-            sale_price_ :=  sale_price_ - rec_.discount;
-        END LOOP;
-
-       Client_Sys.Add_To_Attr(&apos;&apos;CF$_LA_REMAINING_BUDGET&apos;&apos;, sale_price_, attr_);
-   
-     IF (objid_ IS NOT NULL) THEN 
-         Customer_Order_Line_CFP.Cf_Modify__(info_, objid_, attr_, &apos;&apos; &apos;&apos;, &apos;&apos;DO&apos;&apos;);
-     END IF;
-END IF;
-
-IF(state_ != &apos;&apos;Cancelled&apos;&apos;) THEN
-
- IF(discount_ != 0)THEN 
-
-    IF(old_discount_ != discount_) THEN
-       Client_Sys.Add_To_Attr(&apos;&apos;CF$_LA_REMAINING_BUDGET&apos;&apos;, (sale_ + (old_discount_- discount_)), attr_);
-       
-        IF ((sale_ + (old_discount_- discount_)) &lt;= 0) THEN 
-          Fnd_Stream_API.Create_Event_Action_Streams(Fnd_Session_API.Get_Fnd_User,
-                                                    Fnd_Session_API.Get_Fnd_User,
-                                                    &apos;&apos;LA Remaining Budget must NOT become a negative number&apos;&apos;,&apos;&apos;Unable to deduct discount of line number &apos;&apos; || &apos;&apos;&amp;NEW:LINE_NO&apos;&apos; || &apos;&apos; due to remaining budget&apos;&apos;, &apos;&apos;&apos;&apos;);
-        ELSE
-                IF (objid_ IS NOT NULL) THEN 
-                   Customer_Order_Line_CFP.Cf_Modify__(info_, objid_, attr_, &apos;&apos; &apos;&apos;, &apos;&apos;DO&apos;&apos;);
-                END IF;
-        END IF;
-    ELSE
-       Client_Sys.Add_To_Attr(&apos;&apos;CF$_LA_REMAINING_BUDGET&apos;&apos;, (sale_ - discount_), attr_);
-
-      IF ((sale_ - discount_) &lt;= 0) THEN 
-          Fnd_Stream_API.Create_Event_Action_Streams(Fnd_Session_API.Get_Fnd_User,
-                                                    Fnd_Session_API.Get_Fnd_User,
-                                                    &apos;&apos;LA Remaining Budget must NOT become a negative number&apos;&apos;,&apos;&apos;Unable to deduct discount of line number  &apos;&apos; || &apos;&apos;&amp;NEW:LINE_NO&apos;&apos; || &apos;&apos; due to remaining budget&apos;&apos;, &apos;&apos;&apos;&apos;);
-      ELSE
-                IF (objid_ IS NOT NULL) THEN 
-                   Customer_Order_Line_CFP.Cf_Modify__(info_, objid_, attr_, &apos;&apos; &apos;&apos;, &apos;&apos;DO&apos;&apos;);
-                END IF;
-       END IF;
-    END IF;
-
-
-
- END IF;
-ELSE
-    Client_Sys.Add_To_Attr(&apos;&apos;CF$_LA_REMAINING_BUDGET&apos;&apos;, (sale_ +  discount_), attr_);
-   IF (objid_ IS NOT NULL) THEN 
-        Customer_Order_Line_CFP.Cf_Modify__(info_, objid_, attr_, &apos;&apos; &apos;&apos;, &apos;&apos;DO&apos;&apos;);
-   END IF;
-END IF;
-
-END; 
-
- &apos;;
-
-  sql_msg_ := Message_SYS.Construct(&apos;UPD&apos;);
-  Message_SYS.Add_Attribute(sql_msg_, &apos;SQL&apos;, stmt_);
-  Client_SYS.Clear_Attr(attr_);
-  Client_SYS.Add_To_Attr(&apos;SQL_DATA_&apos;, sql_msg_, attr_);
-  Client_SYS.Add_To_Attr(&apos;MSG_&apos;, &apos;&apos;, attr_);
-
-  Transaction_SYS.Deferred_Call(job_id_,
-                                &apos;Fnd_Event_Action_API.Action_Executeonlinesql&apos;,
-                                &apos;PARAMETER&apos;,
-                                attr_,
-                                &apos;To update Remaining Budget based on discount- C0588&apos;);
-END; 
$ATTACH=!ATTACHMENTS
</ACTION_PARAMETERS>
    <FND_EVENT_ACTION_TYPE_DB>EXECUTEONLINESQL</FND_EVENT_ACTION_TYPE_DB>
    <CONDITION_TYPE>!EVENT_ACTION_COND_TYPE
$OLD:BUY_QTY_DUE=
$NEW:BUY_QTY_DUE=
$NEW:CATALOG_NO=!=
$NEW:LINE_ITEM_NO=
$NEW:LINE_NO=
$NEW:ORDER_NO=
$NEW:PRICE_CONV_FACTOR=
$NEW:REL_NO=
</CONDITION_TYPE>
    <CONDITION_VALUE>!EVENT_ACTION_COND_VALUE
$OLD:BUY_QTY_DUE=
$NEW:BUY_QTY_DUE=
$NEW:CATALOG_NO=BUDGET
$NEW:LINE_ITEM_NO=
$NEW:LINE_NO=
$NEW:ORDER_NO=
$NEW:PRICE_CONV_FACTOR=
$NEW:REL_NO=
</CONDITION_VALUE>
    <DESCRIPTION>EA- C588. This event is written to update the Remaining Budget Field in Customer Order Line. </DESCRIPTION>
    <SUBSCRIBABLE>FALSE</SUBSCRIBABLE>
    <SYSTEM_DEFINED>FALSE</SYSTEM_DEFINED>
    <ROLE/>
    <DEFINITION_MODIFIED_DATE>2021-08-16-08.14.10</DEFINITION_MODIFIED_DATE>
    <OBJKEY>D5C28387C9BF4804A93776CA7A8AC5C1</OBJKEY>
  </CUSTOM_EVENT_ACTION>
</CUSTOM_OBJECT>
