<?xml version="1.0"?>
<CUSTOM_OBJECT>
  <NAME>Serial No</NAME>
  <TYPE>CF_READ_ONLY</TYPE>
  <DESCRIPTION>C0526</DESCRIPTION>
  <CUSTOM_FIELD EXPORT_DEF_VERSION="1">
    <LU>JtTask</LU>
    <TABLE_NAME>JT_TASK_CFT</TABLE_NAME>
    <VIEW_NAME>JT_TASK_CFV</VIEW_NAME>
    <PACKAGE_NAME>JT_TASK_CFP</PACKAGE_NAME>
    <DEFINITION_MODIFIED_DATE>2021-02-22-21.00.54</DEFINITION_MODIFIED_DATE>
    <EXPORT_DATE>2021-08-16-10.58.20</EXPORT_DATE>
    <USED_DB>TRUE</USED_DB>
    <ROWKEY>62B11E85E40A4303ADF7055D40644958</ROWKEY>
    <CUSTOM_FIELD_ATTRIBUTE>
      <CUSTOM_FIELD_ATTRIBUTE_ROW>
        <ATTRIBUTE_NAME>SERIAL_NO</ATTRIBUTE_NAME>
        <DATA_TYPE_DB>STRING</DATA_TYPE_DB>
        <FORMAT_DB>UNFORMATTED</FORMAT_DB>
        <DATA_LENGTH>100</DATA_LENGTH>
        <DEFAULT_VALUE_TYPE_DB>NO_DEFAULT_VALUE</DEFAULT_VALUE_TYPE_DB>
        <DEFAULT_VALUE/>
        <MANDATORY_DB>FALSE</MANDATORY_DB>
        <INSERTABLE_DB>FALSE</INSERTABLE_DB>
        <UPDATEABLE_DB>FALSE</UPDATEABLE_DB>
        <QUERYABLE_DB>TRUE</QUERYABLE_DB>
        <PRIVATE_DB>FALSE</PRIVATE_DB>
        <LOV_DB>FALSE</LOV_DB>
        <INDEXED_DB>FALSE</INDEXED_DB>
        <PROMPT>Serial No</PROMPT>
        <DEFINITION_MODIFIED_DATE>2021-07-09-07.43.19</DEFINITION_MODIFIED_DATE>
        <CUSTOM_FIELD_TYPE_DB>READ_ONLY_FIELD</CUSTOM_FIELD_TYPE_DB>
        <CUSTOM_FIELD_IMPL_TYPE_DB>SELECT_STATEMENT</CUSTOM_FIELD_IMPL_TYPE_DB>
        <EXPRESSION>Jt_Task_Cfp.Get_Cf$_Serial_No(v.task_seq)</EXPRESSION>
        <METADATA>SELECT CASE
          WHEN Equipment_Object_API.Get_Obj_Level(site,actual_object_id) IS NULL THEN
             (SELECT serial_no
                FROM equipment_serial_uiv
               WHERE contract = t.site
                AND mch_code = t.actual_object_id)
          ELSE             
            (SELECT serial_no
               FROM equipment_functional_uiv
              WHERE contract = t.site
                AND mch_code = t.actual_object_id)
        END AS part_no                
    FROM jt_task_uiv t
 where task_seq = :task_Seq</METADATA>
        <LU_REFERENCE/>
        <UI_OBJECT_DB>DEFAULT</UI_OBJECT_DB>
        <USED_DB>TRUE</USED_DB>
        <READ_ONLY_EXPRESSION_DB>FALSE</READ_ONLY_EXPRESSION_DB>
        <NOTE>C0526</NOTE>
        <ENABLED_ON_REPORTS_DB>TRUE</ENABLED_ON_REPORTS_DB>
        <CONSTRAINT_TYPE_DB>RESTRICTED</CONSTRAINT_TYPE_DB>
        <LOV_VIEW/>
        <ALTERNATE_KEY_DB>FALSE</ALTERNATE_KEY_DB>
        <ROWKEY>120A5466B4B94E6AADEC5B6EA387F2E5</ROWKEY>
      </CUSTOM_FIELD_ATTRIBUTE_ROW>
    </CUSTOM_FIELD_ATTRIBUTE>
    <TRANSLATIONS>
  </TRANSLATIONS>
    <CUSTOM_FIELD_VIEW>
      <CUSTOM_FIELD_VIEW_ROW>
        <VIEW_NAME>JT_TASKS_REP</VIEW_NAME>
        <CF_VIEW_NAME>JT_TASKS_REP_CFV</CF_VIEW_NAME>
        <USED_DB>FALSE</USED_DB>
        <ROWKEY>C7ABB261E71047ED8FFAB36819911DE0</ROWKEY>
      </CUSTOM_FIELD_VIEW_ROW>
      <CUSTOM_FIELD_VIEW_ROW>
        <VIEW_NAME>JT_TASK_ALL</VIEW_NAME>
        <CF_VIEW_NAME>JT_TASK_ALL_CFV</CF_VIEW_NAME>
        <USED_DB>TRUE</USED_DB>
        <ROWKEY>515213189021491BB4C5D2DFC5108737</ROWKEY>
      </CUSTOM_FIELD_VIEW_ROW>
      <CUSTOM_FIELD_VIEW_ROW>
        <VIEW_NAME>JT_TASK_LIGHT_UIV</VIEW_NAME>
        <CF_VIEW_NAME>JT_TASK_LIGHT_UIV_CFV</CF_VIEW_NAME>
        <USED_DB>FALSE</USED_DB>
        <ROWKEY>ECBF0D8CBD1F4C46B0774339688D2520</ROWKEY>
      </CUSTOM_FIELD_VIEW_ROW>
      <CUSTOM_FIELD_VIEW_ROW>
        <VIEW_NAME>JT_TASK_LOV</VIEW_NAME>
        <CF_VIEW_NAME>JT_TASK_LOV_CFV</CF_VIEW_NAME>
        <USED_DB>FALSE</USED_DB>
        <ROWKEY>4E92391383484E36BE37D8B9CB961803</ROWKEY>
      </CUSTOM_FIELD_VIEW_ROW>
      <CUSTOM_FIELD_VIEW_ROW>
        <VIEW_NAME>JT_TASK_PUB</VIEW_NAME>
        <CF_VIEW_NAME>JT_TASK_PUB_CFV</CF_VIEW_NAME>
        <USED_DB>FALSE</USED_DB>
        <ROWKEY>C3F5AFC8D3764ED6832785ADDEB5F778</ROWKEY>
      </CUSTOM_FIELD_VIEW_ROW>
      <CUSTOM_FIELD_VIEW_ROW>
        <VIEW_NAME>JT_TASK_RETRO_UIV</VIEW_NAME>
        <CF_VIEW_NAME>JT_TASK_RETRO_UIV_CFV</CF_VIEW_NAME>
        <USED_DB>FALSE</USED_DB>
        <ROWKEY>7C79D44C876642E7BF123DF7C23059E6</ROWKEY>
      </CUSTOM_FIELD_VIEW_ROW>
      <CUSTOM_FIELD_VIEW_ROW>
        <VIEW_NAME>JT_TASK_UIV</VIEW_NAME>
        <CF_VIEW_NAME>JT_TASK_UIV_CFV</CF_VIEW_NAME>
        <USED_DB>TRUE</USED_DB>
        <ROWKEY>5F2F0673821948A2AA30996DCA0D8AFF</ROWKEY>
      </CUSTOM_FIELD_VIEW_ROW>
      <CUSTOM_FIELD_VIEW_ROW>
        <VIEW_NAME>JT_TASK_UNASSIGNED_DONE_UIV</VIEW_NAME>
        <CF_VIEW_NAME>JT_TASK_UNASSIGNE493153183_CFV</CF_VIEW_NAME>
        <USED_DB>FALSE</USED_DB>
        <ROWKEY>E841D9F614CB4BB99E0E4C5DD6EA8236</ROWKEY>
      </CUSTOM_FIELD_VIEW_ROW>
      <CUSTOM_FIELD_VIEW_ROW>
        <VIEW_NAME>JT_TASK_UNASSIGNED_WORK_UIV</VIEW_NAME>
        <CF_VIEW_NAME>JT_TASK_UNASSIGN2612669014_CFV</CF_VIEW_NAME>
        <USED_DB>FALSE</USED_DB>
        <ROWKEY>5EEF13D93D38430E8FD7043FA61E3F99</ROWKEY>
      </CUSTOM_FIELD_VIEW_ROW>
      <CUSTOM_FIELD_VIEW_ROW>
        <VIEW_NAME>PRINT_WORK_TASK_SE_MA_REP</VIEW_NAME>
        <CF_VIEW_NAME>PRINT_WORK_TASK_SE_MA_REP_CFV</CF_VIEW_NAME>
        <USED_DB>FALSE</USED_DB>
        <ROWKEY>D846F00D160C492BBBAAA8BFA9082FD8</ROWKEY>
      </CUSTOM_FIELD_VIEW_ROW>
      <CUSTOM_FIELD_VIEW_ROW>
        <VIEW_NAME>WORK_ORDER_CUST_ORDER</VIEW_NAME>
        <CF_VIEW_NAME>WORK_ORDER_CUST_ORDER_CFV</CF_VIEW_NAME>
        <USED_DB>FALSE</USED_DB>
        <ROWKEY>A2F82155084A477EA7E10FD4ABA075CF</ROWKEY>
      </CUSTOM_FIELD_VIEW_ROW>
    </CUSTOM_FIELD_VIEW>
  </CUSTOM_FIELD>
</CUSTOM_OBJECT>
