<?xml version="1.0"?>
<CUSTOM_OBJECT>
  <NAME>Views -Customer Order Line</NAME>
  <TYPE>CF_VIEWS</TYPE>
  <DESCRIPTION>Custom Field Views of Logical Unit Customer Order Line</DESCRIPTION>
  <CUSTOM_FIELD_VIEWS EXPORT_DEF_VERSION="1">
    <LU>CustomerOrderLine</LU>
    <TABLE_NAME>CUSTOMER_ORDER_LINE_CFT</TABLE_NAME>
    <VIEW_NAME>CUSTOMER_ORDER_LINE_CFV</VIEW_NAME>
    <PACKAGE_NAME>CUSTOMER_ORDER_LINE_CFP</PACKAGE_NAME>
    <DEFINITION_MODIFIED_DATE>2021-07-07-10.56.12</DEFINITION_MODIFIED_DATE>
    <EXPORT_DATE>2021-08-19-10.08.50</EXPORT_DATE>
    <USED_DB>TRUE</USED_DB>
    <ROWKEY>8F6965AE316A4D6C8BFA5DD988D1CC9A</ROWKEY>
    <CUSTOM_FIELD_VIEW>
      <CUSTOM_FIELD_VIEW_ROW>
        <VIEW_NAME>CAMPAIGN_CUST_ORD_LINE</VIEW_NAME>
        <CF_VIEW_NAME>CAMPAIGN_CUST_ORD_LINE_CFV</CF_VIEW_NAME>
        <USED_DB>FALSE</USED_DB>
        <ROWKEY>D2DC86BA8C264FA4989E46BE81FA9888</ROWKEY>
      </CUSTOM_FIELD_VIEW_ROW>
      <CUSTOM_FIELD_VIEW_ROW>
        <VIEW_NAME>CAMPAIGN_CUST_ORD_LINES</VIEW_NAME>
        <CF_VIEW_NAME>CAMPAIGN_CUST_ORD_LINES_CFV</CF_VIEW_NAME>
        <USED_DB>FALSE</USED_DB>
        <ROWKEY>59579D1CC3D645278886E2A23C42F53D</ROWKEY>
      </CUSTOM_FIELD_VIEW_ROW>
      <CUSTOM_FIELD_VIEW_ROW>
        <VIEW_NAME>CAMPAIGN_PARTS_BY_GROSS_AMOUNT</VIEW_NAME>
        <CF_VIEW_NAME>CAMPAIGN_PARTS_BY756923768_CFV</CF_VIEW_NAME>
        <USED_DB>FALSE</USED_DB>
        <ROWKEY>30C2E586A6D3455B8C4F909E039C4472</ROWKEY>
      </CUSTOM_FIELD_VIEW_ROW>
      <CUSTOM_FIELD_VIEW_ROW>
        <VIEW_NAME>CAMPAIGN_PARTS_BY_QUANTITY</VIEW_NAME>
        <CF_VIEW_NAME>CAMPAIGN_PARTS_BY_QUANTITY_CFV</CF_VIEW_NAME>
        <USED_DB>FALSE</USED_DB>
        <ROWKEY>032B52B589EE47C08504EC71A3B5911C</ROWKEY>
      </CUSTOM_FIELD_VIEW_ROW>
      <CUSTOM_FIELD_VIEW_ROW>
        <VIEW_NAME>CUSTOMER_ORDER_JOIN</VIEW_NAME>
        <CF_VIEW_NAME>CUSTOMER_ORDER_JOIN_CFV</CF_VIEW_NAME>
        <USED_DB>TRUE</USED_DB>
        <ROWKEY>7CDAF330F4E247D1BF830CD2CFC93ED6</ROWKEY>
      </CUSTOM_FIELD_VIEW_ROW>
      <CUSTOM_FIELD_VIEW_ROW>
        <VIEW_NAME>CUSTOMER_ORDER_LINE_ANALYSIS</VIEW_NAME>
        <CF_VIEW_NAME>CUSTOMER_ORDER_L1385653830_CFV</CF_VIEW_NAME>
        <USED_DB>TRUE</USED_DB>
        <ROWKEY>78953F887D664F579879980F4C476187</ROWKEY>
      </CUSTOM_FIELD_VIEW_ROW>
      <CUSTOM_FIELD_VIEW_ROW>
        <VIEW_NAME>CUSTOMER_ORDER_LINE_CHARGE_LOV</VIEW_NAME>
        <CF_VIEW_NAME>CUSTOMER_ORDER_L2939974849_CFV</CF_VIEW_NAME>
        <USED_DB>FALSE</USED_DB>
        <ROWKEY>8846818D58A44AECA9D281A975EBB910</ROWKEY>
      </CUSTOM_FIELD_VIEW_ROW>
      <CUSTOM_FIELD_VIEW_ROW>
        <VIEW_NAME>CUSTOMER_ORDER_LINE_PUB</VIEW_NAME>
        <CF_VIEW_NAME>CUSTOMER_ORDER_LINE_PUB_CFV</CF_VIEW_NAME>
        <USED_DB>TRUE</USED_DB>
        <ROWKEY>610D675CF0554BA7BE8E047FA03BECE3</ROWKEY>
      </CUSTOM_FIELD_VIEW_ROW>
      <CUSTOM_FIELD_VIEW_ROW>
        <VIEW_NAME>CUSTOMER_ORDER_LINE_RMA_LOV</VIEW_NAME>
        <CF_VIEW_NAME>CUSTOMER_ORDER_LI428985610_CFV</CF_VIEW_NAME>
        <USED_DB>FALSE</USED_DB>
        <ROWKEY>4C80B600B0A24C449298BE7E946A6FD1</ROWKEY>
      </CUSTOM_FIELD_VIEW_ROW>
      <CUSTOM_FIELD_VIEW_ROW>
        <VIEW_NAME>CUSTOMER_ORDER_RENTAL_LINE</VIEW_NAME>
        <CF_VIEW_NAME>CUSTOMER_ORDER_RENTAL_LINE_CFV</CF_VIEW_NAME>
        <USED_DB>FALSE</USED_DB>
        <ROWKEY>4F8B1DE4566448BC8E68FF8EAEF6EE42</ROWKEY>
      </CUSTOM_FIELD_VIEW_ROW>
      <CUSTOM_FIELD_VIEW_ROW>
        <VIEW_NAME>CUST_ORDER_LINE_CONFIG_USAGE</VIEW_NAME>
        <CF_VIEW_NAME>CUST_ORDER_LINE_3885206814_CFV</CF_VIEW_NAME>
        <USED_DB>FALSE</USED_DB>
        <ROWKEY>EFBC04E29B7941AE936FD52386569B48</ROWKEY>
      </CUSTOM_FIELD_VIEW_ROW>
      <CUSTOM_FIELD_VIEW_ROW>
        <VIEW_NAME>DELIVERED_CATALOG_NO_LOV</VIEW_NAME>
        <CF_VIEW_NAME>DELIVERED_CATALOG_NO_LOV_CFV</CF_VIEW_NAME>
        <USED_DB>FALSE</USED_DB>
        <ROWKEY>C65A858B115E49C793280A8FF9814BB0</ROWKEY>
      </CUSTOM_FIELD_VIEW_ROW>
      <CUSTOM_FIELD_VIEW_ROW>
        <VIEW_NAME>DELIVERED_SERIALS_TO_REGISTER</VIEW_NAME>
        <CF_VIEW_NAME>DELIVERED_SERIAL3240714067_CFV</CF_VIEW_NAME>
        <USED_DB>FALSE</USED_DB>
        <ROWKEY>EFF5994D58874172A3FD7B91224A3E94</ROWKEY>
      </CUSTOM_FIELD_VIEW_ROW>
      <CUSTOM_FIELD_VIEW_ROW>
        <VIEW_NAME>DOP_CUSTOMER_ORDER_LINE_LOV</VIEW_NAME>
        <CF_VIEW_NAME>DOP_CUSTOMER_ORDE729786481_CFV</CF_VIEW_NAME>
        <USED_DB>FALSE</USED_DB>
        <ROWKEY>5E3CCFAADD5A4337AD6D2EDEF5301BBB</ROWKEY>
      </CUSTOM_FIELD_VIEW_ROW>
      <CUSTOM_FIELD_VIEW_ROW>
        <VIEW_NAME>ORDER_LINE_SHIP_JOIN</VIEW_NAME>
        <CF_VIEW_NAME>ORDER_LINE_SHIP_JOIN_CFV</CF_VIEW_NAME>
        <USED_DB>FALSE</USED_DB>
        <ROWKEY>A2A6F7CBC43745F780AADC4628BFA2B5</ROWKEY>
      </CUSTOM_FIELD_VIEW_ROW>
      <CUSTOM_FIELD_VIEW_ROW>
        <VIEW_NAME>PREPAY_DELIVERY_TYPE_LOV</VIEW_NAME>
        <CF_VIEW_NAME>PREPAY_DELIVERY_TYPE_LOV_CFV</CF_VIEW_NAME>
        <USED_DB>FALSE</USED_DB>
        <ROWKEY>2166E1FAC2E3491788F1E3C51841FF40</ROWKEY>
      </CUSTOM_FIELD_VIEW_ROW>
      <CUSTOM_FIELD_VIEW_ROW>
        <VIEW_NAME>PREPAY_TAX_INFO</VIEW_NAME>
        <CF_VIEW_NAME>PREPAY_TAX_INFO_CFV</CF_VIEW_NAME>
        <USED_DB>FALSE</USED_DB>
        <ROWKEY>17A9804E79F0480B942D66A43092F3D3</ROWKEY>
      </CUSTOM_FIELD_VIEW_ROW>
      <CUSTOM_FIELD_VIEW_ROW>
        <VIEW_NAME>SOURCE_LINE_SHIPMENT_ALT</VIEW_NAME>
        <CF_VIEW_NAME>SOURCE_LINE_SHIPMENT_ALT_CFV</CF_VIEW_NAME>
        <USED_DB>FALSE</USED_DB>
        <ROWKEY>D6B472CCD6DE4F2FB4CEC2B99AD64705</ROWKEY>
      </CUSTOM_FIELD_VIEW_ROW>
      <CUSTOM_FIELD_VIEW_ROW>
        <VIEW_NAME>SOURCE_MANUAL_RESERV_MAIN_ALT</VIEW_NAME>
        <CF_VIEW_NAME>SOURCE_MANUAL_RE2693521318_CFV</CF_VIEW_NAME>
        <USED_DB>TRUE</USED_DB>
        <ROWKEY>04F81E62A29F48B58742800196DB0250</ROWKEY>
      </CUSTOM_FIELD_VIEW_ROW>
    </CUSTOM_FIELD_VIEW>
  </CUSTOM_FIELD_VIEWS>
</CUSTOM_OBJECT>
