<?xml version="1.0"?>
<CUSTOM_OBJECT>
  <NAME>Delivery Reliability Report</NAME>
  <TYPE>QUICK_REPORT</TYPE>
  <DESCRIPTION>Parameters:

Order Type: Accepts single, multiple or no values ( multiple values should be seperated by a comma ex: A,B)
                         If no value is provided all order types will be considered
Year             :  Any valid year. If no value is provided then records belongs to the current year ( from 01/01 to current date) will be taken
Quarter        :  Quarter No ( 1,2,3,4)
Month          :  Any valid Month in number format ( ex: 1,3,12)
Week          : Any valid week number ( Ex: 2, 34, 53)

Notes: 

- Year is mandatory for all date parameters except for &apos;Year&apos;
- Order of the  parameters is considered when filtering out data. For an example;
    Year = 2020, Quarter = 4, Month = 6; In this case parameter value of &apos;Month&apos; will be ignored as date range will be calculated based on the year and the quarter.
    Year = 2020, Month = 12, Week = 30; In this case parameter value of &apos;Week&apos; will be ignored as date range will be calculated based on the year and the month.

C0438</DESCRIPTION>
  <QUICK_REPORT EXPORT_DEF_VERSION="1">
    <QUICK_REPORT_ID>692653</QUICK_REPORT_ID>
    <DESCRIPTION>Delivery Reliability Report</DESCRIPTION>
    <SQL_EXPRESSION>SELECT
       C_EA_Customization_Util_API.Get_Begin_Date__(&apos;&amp;YEAR&apos;,
                                                                            &apos;&amp;QUARTER&apos;,
                                                                            &apos;&amp;MONTH&apos;,
                                                                            &apos;&amp;WEEK&apos;) AS start_date,
       C_EA_Customization_Util_API.Get_End_Date__(&apos;&amp;YEAR&apos;,
                                                                            &apos;&amp;QUARTER&apos;,
                                                                            &apos;&amp;MONTH&apos;,
                                                                            &apos;&amp;WEEK&apos;) AS end_date,
       no_of_sales AS number_of_sales,
       total_sales_quantity,
       total_delivered_quantity,
       sales_delivered_in_full AS no_of_sales_delivered_in_full,    
       deliveries_on_time as no_of_deliveries_on_time,
       total_deliveries AS total_number_of_deliveries,
       ROUND((deliveries_on_time / total_deliveries) * 100, 2) AS percentage
  FROM (
        
        SELECT COUNT(ORDER_NO) no_of_sales,
                SUM(sales_qty) total_sales_quantity,
                SUM(delivered_quantity) total_delivered_quantity,
                SUM(delivered_in_full) sales_delivered_in_full,
                SUM(deliveries_on_time) deliveries_on_time,
                SUM(deliveries) total_deliveries
          FROM (SELECT ORDER_NO,
                        Customer_Order_API.Get_Order_Id(order_no) order_type,
                        buy_qty_due sales_qty,
                        delivered_quantity,
                        promised_delivery_date,
                        actual_delivery_date,
                        order_received_date,
                        date_delivered,
                        CASE
                          WHEN buy_qty_due = delivered_quantity THEN
                           1
                          ELSE
                           0
                        END delivered_in_full,
                        CASE
                          WHEN promised_delivery_date &gt;= actual_delivery_date THEN
                           1
                          ELSE
                           0
                        END deliveries_on_time,
                        CASE
                          WHEN actual_delivery_date &gt;=
                               C_EA_Customization_Util_API.Get_Begin_Date__(&apos;&amp;YEAR&apos;,
                                                                            &apos;&amp;QUARTER&apos;,
                                                                            &apos;&amp;MONTH&apos;,
                                                                            &apos;&amp;WEEK&apos;) AND
                               actual_delivery_date &lt;=
                               C_EA_Customization_Util_API.Get_End_Date__(&apos;&amp;YEAR&apos;,
                                                                          &apos;&amp;QUARTER&apos;,
                                                                          &apos;&amp;MONTH&apos;,
                                                                          &apos;&amp;WEEK&apos;) THEN
                           1
                          ELSE
                           0
                        END deliveries
                   from delivery_reliab_stat)
        
         WHERE actual_delivery_date &gt;=
               C_EA_Customization_Util_API.Get_Begin_Date__(&apos;&amp;YEAR&apos;,
                                                            &apos;&amp;QUARTER&apos;,
                                                            &apos;&amp;MONTH&apos;,
                                                            &apos;&amp;WEEK&apos;)
           AND actual_delivery_date &lt;=
               C_EA_Customization_Util_API.Get_End_Date__(&apos;&amp;YEAR&apos;,
                                                          &apos;&amp;QUARTER&apos;,
                                                          &apos;&amp;MONTH&apos;,
                                                          &apos;&amp;WEEK&apos;)
           AND (CASE
                 WHEN &apos;&amp;ORDER_TYPE&apos; IS NOT NULL THEN
                  CASE
                    WHEN order_type IN
                         (SELECT TRIM(regexp_substr(&apos;&amp;ORDER_TYPE&apos;,
                                                    &apos;[^,]+&apos;,
                                                    1,
                                                    level)) value
                            FROM dual
                          CONNECT BY regexp_substr(&apos;&amp;ORDER_TYPE&apos;,
                                                   &apos;[^,]+&apos;,
                                                   1,
                                                   level) IS NOT NULL) THEN
                     1
                    ELSE
                     0
                  END
                 ELSE
                  CASE
                    WHEN order_type like &apos;%&apos; THEN
                     1
                    ELSE
                     0
                  END
               END) = 1)</SQL_EXPRESSION>
    <COMMENTS>Parameters:

Order Type: Accepts single, multiple or no values ( multiple values should be seperated by a comma ex: A,B)
                         If no value is provided all order types will be considered
Year             :  Any valid year. If no value is provided then records belongs to the current year ( from 01/01 to current date) will be taken
Quarter        :  Quarter No ( 1,2,3,4)
Month          :  Any valid Month in number format ( ex: 1,3,12)
Week          : Any valid week number ( Ex: 2, 34, 53)

Notes: 

- Year is mandatory for all date parameters except for &apos;Year&apos;
- Order of the  parameters is considered when filtering out data. For an example;
    Year = 2020, Quarter = 4, Month = 6; In this case parameter value of &apos;Month&apos; will be ignored as date range will be calculated based on the year and the quarter.
    Year = 2020, Month = 12, Week = 30; In this case parameter value of &apos;Week&apos; will be ignored as date range will be calculated based on the year and the month.

C0438</COMMENTS>
    <CATEGORY_ID/>
    <CATEGORY_DESCRIPTION/>
    <FILE_NAME/>
    <QR_TYPE>SQL</QR_TYPE>
    <PO_ID>repQUICK_REPORT692653</PO_ID>
    <QUERY/>
    <ROW_TYPE/>
    <OBJKEY>4937201999124D169CD1A9257138BFB2</OBJKEY>
    <OBJVERSION>20210607120031</OBJVERSION>
    <DEFINITION_MODIFIED_DATE>2021-06-07-13.05.49</DEFINITION_MODIFIED_DATE>
  </QUICK_REPORT>
</CUSTOM_OBJECT>
