<?xml version="1.0"?>
<CUSTOM_OBJECT>
  <NAME>0^SET_REMAINING_BUDGET^CustomerOrderLine</NAME>
  <TYPE>CUSTOM_EVENT_ACTION</TYPE>
  <DESCRIPTION>EA - C588. This event is written to set the La Remaining Budget CF. </DESCRIPTION>
  <CUSTOM_EVENT_ACTION EXPORT_DEF_VERSION="2">
    <EVENT_LU_NAME>CustomerOrderLine</EVENT_LU_NAME>
    <EVENT_ID>SET_REMAINING_BUDGET</EVENT_ID>
    <ACTION_NUMBER>0</ACTION_NUMBER>
    <ACTION_ENABLE>TRUE</ACTION_ENABLE>
    <ACTION_PARAMETERS>!FNDSER.EVENT_ACTION_PARAM
$SQL=DECLARE
-
-  attr_    VARCHAR2(32000);
-  sql_msg_ VARCHAR2(32000);
-  stmt_    VARCHAR2(32000);
-  job_id_  NUMBER;
-
-BEGIN
-  stmt_ := &apos;
-
-DECLARE
-
-info_            VARCHAR2(100);
-objid_           VARCHAR2(1000);
-attr_cf_        VARCHAR2(1000);
-price_           NUMBER;
-
-CURSOR get_col_details IS 
-SELECT objid
-  FROM customer_order_line_cfv
-WHERE objkey =  &apos;&apos;&amp;NEW:ROWKEY&apos;&apos;;
-
-BEGIN
-
-OPEN get_col_details;
-FETCH get_col_details INTO objid_;
-CLOSE get_col_details;
-
-IF(objid_ IS NOT NULL) THEN 
-   price_         := &amp;NEW:SALE_UNIT_PRICE;
-  Client_Sys.Add_To_Attr(&apos;&apos;CF$_LA_REMAINING_BUDGET&apos;&apos;, price_, attr_cf_);
-  Customer_Order_Line_CFP.Cf_Modify__(info_, objid_,  attr_cf_, &apos;&apos; &apos;&apos;, &apos;&apos;DO&apos;&apos;);
-
-END IF;
-
-END; &apos;;
-
-  sql_msg_ := Message_SYS.Construct(&apos;UPD&apos;);
-  Message_SYS.Add_Attribute(sql_msg_, &apos;SQL&apos;, stmt_);
-  Client_SYS.Clear_Attr(attr_);
-  Client_SYS.Add_To_Attr(&apos;SQL_DATA_&apos;, sql_msg_, attr_);
-  Client_SYS.Add_To_Attr(&apos;MSG_&apos;, &apos;&apos;, attr_);
-
-  Transaction_SYS.Deferred_Call(job_id_,
-                                &apos;Fnd_Event_Action_API.Action_Executeonlinesql&apos;,
-                                &apos;PARAMETER&apos;,
-                                attr_,
-                                &apos;To set the La Remaining Budget CF - C588&apos;);
-END; 
$ATTACH=!ATTACHMENTS
</ACTION_PARAMETERS>
    <FND_EVENT_ACTION_TYPE_DB>EXECUTEONLINESQL</FND_EVENT_ACTION_TYPE_DB>
    <CONDITION_TYPE>!EVENT_ACTION_COND_TYPE
$NEW:CATALOG_NO==
$NEW:ROWKEY=
$NEW:SALE_UNIT_PRICE=
</CONDITION_TYPE>
    <CONDITION_VALUE>!EVENT_ACTION_COND_VALUE
$NEW:CATALOG_NO=BUDGET
$NEW:ROWKEY=
$NEW:SALE_UNIT_PRICE=
</CONDITION_VALUE>
    <DESCRIPTION>EA - C588. This event is written to set the La Remaining Budget CF. </DESCRIPTION>
    <SUBSCRIBABLE>FALSE</SUBSCRIBABLE>
    <SYSTEM_DEFINED>FALSE</SYSTEM_DEFINED>
    <ROLE/>
    <DEFINITION_MODIFIED_DATE>2021-06-18-11.17.28</DEFINITION_MODIFIED_DATE>
    <OBJKEY>12763B9202C14517A5D65C566F7F8DB3</OBJKEY>
  </CUSTOM_EVENT_ACTION>
</CUSTOM_OBJECT>
