<?xml version="1.0"?>
<CUSTOM_OBJECT>
  <NAME>Views -Work Task</NAME>
  <TYPE>CF_VIEWS</TYPE>
  <DESCRIPTION>Custom Field Views of Logical Unit Work Task</DESCRIPTION>
  <CUSTOM_FIELD_VIEWS EXPORT_DEF_VERSION="1">
    <LU>JtTask</LU>
    <TABLE_NAME>JT_TASK_CFT</TABLE_NAME>
    <VIEW_NAME>JT_TASK_CFV</VIEW_NAME>
    <PACKAGE_NAME>JT_TASK_CFP</PACKAGE_NAME>
    <DEFINITION_MODIFIED_DATE>2021-02-22-21.00.54</DEFINITION_MODIFIED_DATE>
    <EXPORT_DATE>2021-08-19-10.08.51</EXPORT_DATE>
    <USED_DB>TRUE</USED_DB>
    <ROWKEY>62B11E85E40A4303ADF7055D40644958</ROWKEY>
    <CUSTOM_FIELD_VIEW>
      <CUSTOM_FIELD_VIEW_ROW>
        <VIEW_NAME>JT_TASKS_REP</VIEW_NAME>
        <CF_VIEW_NAME>JT_TASKS_REP_CFV</CF_VIEW_NAME>
        <USED_DB>FALSE</USED_DB>
        <ROWKEY>C7ABB261E71047ED8FFAB36819911DE0</ROWKEY>
      </CUSTOM_FIELD_VIEW_ROW>
      <CUSTOM_FIELD_VIEW_ROW>
        <VIEW_NAME>JT_TASK_ALL</VIEW_NAME>
        <CF_VIEW_NAME>JT_TASK_ALL_CFV</CF_VIEW_NAME>
        <USED_DB>TRUE</USED_DB>
        <ROWKEY>515213189021491BB4C5D2DFC5108737</ROWKEY>
      </CUSTOM_FIELD_VIEW_ROW>
      <CUSTOM_FIELD_VIEW_ROW>
        <VIEW_NAME>JT_TASK_LIGHT_UIV</VIEW_NAME>
        <CF_VIEW_NAME>JT_TASK_LIGHT_UIV_CFV</CF_VIEW_NAME>
        <USED_DB>FALSE</USED_DB>
        <ROWKEY>ECBF0D8CBD1F4C46B0774339688D2520</ROWKEY>
      </CUSTOM_FIELD_VIEW_ROW>
      <CUSTOM_FIELD_VIEW_ROW>
        <VIEW_NAME>JT_TASK_LOV</VIEW_NAME>
        <CF_VIEW_NAME>JT_TASK_LOV_CFV</CF_VIEW_NAME>
        <USED_DB>FALSE</USED_DB>
        <ROWKEY>4E92391383484E36BE37D8B9CB961803</ROWKEY>
      </CUSTOM_FIELD_VIEW_ROW>
      <CUSTOM_FIELD_VIEW_ROW>
        <VIEW_NAME>JT_TASK_PUB</VIEW_NAME>
        <CF_VIEW_NAME>JT_TASK_PUB_CFV</CF_VIEW_NAME>
        <USED_DB>FALSE</USED_DB>
        <ROWKEY>C3F5AFC8D3764ED6832785ADDEB5F778</ROWKEY>
      </CUSTOM_FIELD_VIEW_ROW>
      <CUSTOM_FIELD_VIEW_ROW>
        <VIEW_NAME>JT_TASK_RETRO_UIV</VIEW_NAME>
        <CF_VIEW_NAME>JT_TASK_RETRO_UIV_CFV</CF_VIEW_NAME>
        <USED_DB>FALSE</USED_DB>
        <ROWKEY>7C79D44C876642E7BF123DF7C23059E6</ROWKEY>
      </CUSTOM_FIELD_VIEW_ROW>
      <CUSTOM_FIELD_VIEW_ROW>
        <VIEW_NAME>JT_TASK_UIV</VIEW_NAME>
        <CF_VIEW_NAME>JT_TASK_UIV_CFV</CF_VIEW_NAME>
        <USED_DB>TRUE</USED_DB>
        <ROWKEY>5F2F0673821948A2AA30996DCA0D8AFF</ROWKEY>
      </CUSTOM_FIELD_VIEW_ROW>
      <CUSTOM_FIELD_VIEW_ROW>
        <VIEW_NAME>JT_TASK_UNASSIGNED_DONE_UIV</VIEW_NAME>
        <CF_VIEW_NAME>JT_TASK_UNASSIGNE493153183_CFV</CF_VIEW_NAME>
        <USED_DB>FALSE</USED_DB>
        <ROWKEY>E841D9F614CB4BB99E0E4C5DD6EA8236</ROWKEY>
      </CUSTOM_FIELD_VIEW_ROW>
      <CUSTOM_FIELD_VIEW_ROW>
        <VIEW_NAME>JT_TASK_UNASSIGNED_WORK_UIV</VIEW_NAME>
        <CF_VIEW_NAME>JT_TASK_UNASSIGN2612669014_CFV</CF_VIEW_NAME>
        <USED_DB>FALSE</USED_DB>
        <ROWKEY>5EEF13D93D38430E8FD7043FA61E3F99</ROWKEY>
      </CUSTOM_FIELD_VIEW_ROW>
      <CUSTOM_FIELD_VIEW_ROW>
        <VIEW_NAME>PRINT_WORK_TASK_SE_MA_REP</VIEW_NAME>
        <CF_VIEW_NAME>PRINT_WORK_TASK_SE_MA_REP_CFV</CF_VIEW_NAME>
        <USED_DB>FALSE</USED_DB>
        <ROWKEY>D846F00D160C492BBBAAA8BFA9082FD8</ROWKEY>
      </CUSTOM_FIELD_VIEW_ROW>
      <CUSTOM_FIELD_VIEW_ROW>
        <VIEW_NAME>WORK_ORDER_CUST_ORDER</VIEW_NAME>
        <CF_VIEW_NAME>WORK_ORDER_CUST_ORDER_CFV</CF_VIEW_NAME>
        <USED_DB>FALSE</USED_DB>
        <ROWKEY>A2F82155084A477EA7E10FD4ABA075CF</ROWKEY>
      </CUSTOM_FIELD_VIEW_ROW>
    </CUSTOM_FIELD_VIEW>
  </CUSTOM_FIELD_VIEWS>
</CUSTOM_OBJECT>
