<?xml version="1.0"?>
<CUSTOM_OBJECT>
  <NAME>Print Service Repair Label...</NAME>
  <TYPE>CUSTOM_MENU</TYPE>
  <DESCRIPTION>C0526</DESCRIPTION>
  <CUSTOM_MENU EXPORT_DEF_VERSION="1">
    <MENU_ID>593670</MENU_ID>
    <DESCRIPTION>C0526</DESCRIPTION>
    <WINDOW>cpgProductRepairBooking</WINDOW>
    <PROCESS>fd64ab3d-9758-4263-a1ed-ec64b1c3da99</PROCESS>
    <ORDERING>3</ORDERING>
    <PARAMETER>SERVICE_REPAIR_LABEL_REP</PARAMETER>
    <CUSTOM_MENU_TYPE_DB>8</CUSTOM_MENU_TYPE_DB>
    <BUNDLE_EXECUTION_DB>FALSE</BUNDLE_EXECUTION_DB>
    <PO_ID>repSERVICE_REPAIR_LABEL_REP</PO_ID>
    <ENABLED_WHEN/>
    <REFRESH_UI>FALSE</REFRESH_UI>
    <EXPORT_DATE>2021-08-19-10.08.50</EXPORT_DATE>
    <DEFINITION_MODIFIED_DATE>2021-08-04-13.04.57</DEFINITION_MODIFIED_DATE>
    <OBJVERSION>20210804130457</OBJVERSION>
    <OBJKEY>8EA1E67A0ECA4A60B0DB9985834ACB7A</OBJKEY>
    <TEXTS>
      <TEXTS_ROW>
        <LANGUAGE_CODE>en</LANGUAGE_CODE>
        <TITLE>Print Service Repair Label...</TITLE>
        <OBJKEY>52A9CDFC97884453AA8BA0F1A83CAC35</OBJKEY>
      </TEXTS_ROW>
      <TEXTS_ROW>
        <LANGUAGE_CODE>gb</LANGUAGE_CODE>
        <TITLE>Print Service Repair Label...</TITLE>
        <OBJKEY>C4709BE8FB5F4AA794B5A900E1A9474F</OBJKEY>
      </TEXTS_ROW>
    </TEXTS>
    <KEY_TRANSLATIONS>
      <KEY_TRANSLATIONS_ROW>
        <ID>1</ID>
        <SOURCE_KEY_NAME>CF$_WO_NO</SOURCE_KEY_NAME>
        <DEST_KEY_NAME>WO_NO</DEST_KEY_NAME>
        <OBJKEY>019336F3553D4B85B8DEB7430B00C7EC</OBJKEY>
      </KEY_TRANSLATIONS_ROW>
      <KEY_TRANSLATIONS_ROW>
        <ID>2</ID>
        <SOURCE_KEY_NAME>CF$_PART_NO</SOURCE_KEY_NAME>
        <DEST_KEY_NAME>PART_NO</DEST_KEY_NAME>
        <OBJKEY>30C38CC5A79049708F004631765D79E9</OBJKEY>
      </KEY_TRANSLATIONS_ROW>
      <KEY_TRANSLATIONS_ROW>
        <ID>3</ID>
        <SOURCE_KEY_NAME>CF$_SERIAL_NO</SOURCE_KEY_NAME>
        <DEST_KEY_NAME>SERIAL_NO</DEST_KEY_NAME>
        <OBJKEY>E639A77F134E4951BAA3C46DA0E31A3C</OBJKEY>
      </KEY_TRANSLATIONS_ROW>
    </KEY_TRANSLATIONS>
    <EXPANDABLE_PARAMETERS>
  </EXPANDABLE_PARAMETERS>
  </CUSTOM_MENU>
</CUSTOM_OBJECT>
