<?xml version="1.0"?>
<CUSTOM_OBJECT>
  <NAME>0^TAX_CODE_CH^CustomerOrderLine</NAME>
  <TYPE>CUSTOM_EVENT_ACTION</TYPE>
  <DESCRIPTION>EA-C0404</DESCRIPTION>
  <CUSTOM_EVENT_ACTION EXPORT_DEF_VERSION="2">
    <EVENT_LU_NAME>CustomerOrderLine</EVENT_LU_NAME>
    <EVENT_ID>TAX_CODE_CH</EVENT_ID>
    <ACTION_NUMBER>0</ACTION_NUMBER>
    <ACTION_ENABLE>TRUE</ACTION_ENABLE>
    <ACTION_PARAMETERS>!FNDSER.EVENT_ACTION_PARAM
$SQL=DECLARE
-
-
-BEGIN
-
-
-IF(&apos;&amp;NEW:TAX_CODE&apos; = &apos;CH0&apos; OR &apos;&amp;NEW:TAX_CODE&apos; = &apos;CH5&apos; OR &apos;&amp;NEW:TAX_CODE&apos; = &apos;CH20&apos;) THEN 
-
-  Client_SYS.Add_Info(&apos;CustomerOrderLine&apos;, &apos;TAXCODECH: Attach Tax Exemption Document&apos;);
-
-END IF;
-
-END; 
$ATTACH=!ATTACHMENTS
</ACTION_PARAMETERS>
    <FND_EVENT_ACTION_TYPE_DB>EXECUTEONLINESQL</FND_EVENT_ACTION_TYPE_DB>
    <CONDITION_TYPE>!EVENT_ACTION_COND_TYPE
$NEW:CUSTOMER_NO=
$NEW:TAX_CODE=
</CONDITION_TYPE>
    <CONDITION_VALUE>!EVENT_ACTION_COND_VALUE
$NEW:CUSTOMER_NO=
$NEW:TAX_CODE=
</CONDITION_VALUE>
    <DESCRIPTION>EA-C0404</DESCRIPTION>
    <SUBSCRIBABLE>FALSE</SUBSCRIBABLE>
    <SYSTEM_DEFINED>FALSE</SYSTEM_DEFINED>
    <ROLE/>
    <DEFINITION_MODIFIED_DATE>2021-05-12-14.10.09</DEFINITION_MODIFIED_DATE>
    <OBJKEY>CFC183F51588465F9798956667E377CD</OBJKEY>
  </CUSTOM_EVENT_ACTION>
</CUSTOM_OBJECT>
