<?xml version="1.0"?>
<APPLICATION_CONFIGURATION>
  <EXPORT_DEF_VERSION>1</EXPORT_DEF_VERSION>
  <PACKAGE_ID>C73E8154B55E4030953DF7044EABD0E7</PACKAGE_ID>
  <NAME>EA_HRM</NAME>
  <DESCRIPTION>This package contains the custom objects related to following CRIMs;
 - C0625</DESCRIPTION>
  <AUTHOR>Tunstall Group Holdings Limited</AUTHOR>
  <VERSION/>
  <VERSION_TIME_STAMP>2021-08-04-13.10.52</VERSION_TIME_STAMP>
  <ORIGIN>TUGRPPR-307544-MC-TUGRPPR-APPS10</ORIGIN>
  <LAST_MODIFIED_DATE>2021-08-04-13.10.30</LAST_MODIFIED_DATE>
  <ITEMS>
    <ITEMS_ROW>
      <NAME>HRM - Employee New Starters</NAME>
      <TYPE>QUICK_REPORT</TYPE>
      <DESCRIPTION>Enter Comapny ID, If not data for all the companies will be fetched
Enter Date ranges - DD-MM-YYYY

</DESCRIPTION>
      <FILENAME>QuickReport-564415.xml</FILENAME>
    </ITEMS_ROW>
  </ITEMS>
  <ADDITIONAL_ITEMS/>
</APPLICATION_CONFIGURATION>
