<?xml version="1.0"?>
<CUSTOM_OBJECT>
  <NAME>HRM - Employee New Starters</NAME>
  <TYPE>QUICK_REPORT</TYPE>
  <DESCRIPTION>Enter Comapny ID, If not data for all the companies will be fetched
Enter Date ranges - DD-MM-YYYY

</DESCRIPTION>
  <QUICK_REPORT EXPORT_DEF_VERSION="1">
    <QUICK_REPORT_ID>564415</QUICK_REPORT_ID>
    <DESCRIPTION>HRM - Employee New Starters</DESCRIPTION>
    <SQL_EXPRESSION>with EmpS (
                       company_id,
                       emp_no,
                       date_of_employment,
                       sdate_of_employment,
                       degree_of_occupation,
                       employment_type, 
                       weekly_hours,
	       agreement_id

                   ) as
                   (
 	       select M.Company_Id,M.Emp_No,M.Date_Of_employment, &amp;AO.Emp_Employed_Time_API.Get_Date_Of_Employment(M.company_id, M.emp_no) as Sdate_of_employment,
	                 M.degree_of_occupation,M.employment_type ,WT.weekly_hours,M.agreement_id
	        from &amp;AO.emp_employed_time_row M
                        join
                       (
                        select Company_Id,Emp_No,max(Date_Of_Employment) Date_Of_Employment
                                  ,&amp;AO.Emp_Employed_Time_API.Get_Date_Of_Employment(E.company_id, E.emp_no) as Sdate_of_employment
                         from  &amp;AO.emp_employed_time_row E
                         group by  Company_Id,Emp_No
                        ) x on x.Company_Id = M.Company_id and x.emp_no = M.emp_no and x.Date_Of_employment = M.Date_Of_Employment  
                        left outer join &amp;AO.work_time_info WT on WT.company_id = M.company_Id and WT.Agreement_id = M.Agreement_Id
                    )
select CP.employee_id &quot;Employee Id&quot;, 
           PER.fname &quot;First Name&quot;, 
          PER.lname   &quot;Last Name&quot;,
          PER.gender &quot;Gender&quot;,
          PER.date_of_birth &quot;Date of Birth&quot;,
          TO_Char( E.Sdate_of_employment,&apos;DD-MM-YYYY&apos;) &quot;Start Date&quot;,
          CP.position_name &quot;Position Title&quot;,
          &amp;AO.Company_API.Get_Name(cp.company_id)  &quot;Company&quot;,
          CP.work_location &quot;Location&quot;,
          &amp;AO.COMPANY_ORG_API.Get_Org_Name(cp.company_id,pa.org_code) &quot;Org Name&quot;,
          SA.amount &quot;Salary Amount&quot;,
          pa.org_code &quot;Cost Code&quot;,
          E.degree_of_occupation &quot;Degree of Occupation&quot;,
          E.Weekly_Hours &quot;Weekly Hours&quot;,               
          PA.Address1,PA.Address2,PA.Address3,PA.Address4, PA.Address5,PA.Address6,PA.zip_code,    
         (SELECT distinct t.value FROM  &amp;AO.comm_method t, &amp;AO.person_info_address_type dt WHERE  dt.person_id = t.identity
           AND dt.address_type_code_db = &apos;HOME&apos; AND dt.def_address = &apos;TRUE&apos; AND t.party_type_db = &apos;PERSON&apos; AND t.identity  = PER.person_id AND t.method_id_db    = &apos;MOBILE&apos;
           AND (TRUNC(NVL(To_Date(&apos;&amp;Date_From&apos;,&apos;DD-MM-YYYY&apos;),SYSDATE)) BETWEEN NVL(t.valid_from, &amp;AO.Database_SYS.Get_First_Calendar_Date()) AND NVL(t.valid_to, &amp;AO.Database_SYS.Get_Last_Calendar_Date())
           OR TRUNC(NVL(To_Date( &apos;&amp;Date_To&apos;,&apos;DD-MM-YYYY&apos;),SYSDATE)) BETWEEN NVL(t.valid_from, &amp;AO.Database_SYS.Get_First_Calendar_Date()) AND NVL(t.valid_to, &amp;AO.Database_SYS.Get_Last_Calendar_Date())
           OR (To_Date( &apos;&amp;Date_To&apos;,&apos;DD-MM-YYYY&apos;) &gt; t.valid_to    AND To_Date(&apos;&amp;Date_From&apos;,&apos;DD-MM-YYYY&apos;) &lt; t.valid_from))           
           AND t.method_default = &apos;TRUE&apos;)  mobile,
           (SELECT distinct t.value FROM  &amp;AO.comm_method t, &amp;AO.person_info_address_type dt WHERE  dt.person_id = t.identity
            AND dt.address_type_code_db = &apos;HOME&apos; AND dt.def_address = &apos;TRUE&apos; AND t.party_type_db = &apos;PERSON&apos; AND t.identity  = PER.person_id AND t.method_id_db    = &apos;PHONE&apos;
            AND (TRUNC(NVL(To_Date(&apos;&amp;Date_From&apos;,&apos;DD-MM-YYYY&apos;),SYSDATE)) BETWEEN NVL(t.valid_from, &amp;AO.Database_SYS.Get_First_Calendar_Date()) AND NVL(t.valid_to, &amp;AO.Database_SYS.Get_Last_Calendar_Date())
             OR TRUNC(NVL(To_Date( &apos;&amp;Date_To&apos;,&apos;DD-MM-YYYY&apos;),SYSDATE)) BETWEEN NVL(t.valid_from, &amp;AO.Database_SYS.Get_First_Calendar_Date()) AND NVL(t.valid_to, &amp;AO.Database_SYS.Get_Last_Calendar_Date())
             OR (To_Date( &apos;&amp;Date_To&apos;,&apos;DD-MM-YYYY&apos;) &gt; t.valid_to    AND To_Date(&apos;&amp;Date_From&apos;,&apos;DD-MM-YYYY&apos;) &lt; t.valid_from))           
             AND t.method_default = &apos;TRUE&apos;)  phone,
           (SELECT distinct t.value FROM  &amp;AO.comm_method t, &amp;AO.person_info_address_type dt WHERE  dt.person_id = t.identity
            AND dt.address_type_code_db = &apos;HOME&apos; AND dt.def_address = &apos;TRUE&apos; AND t.party_type_db = &apos;PERSON&apos; AND t.identity  = PER.person_id AND t.method_id_db    = &apos;E_MAIL&apos;
            AND (TRUNC(NVL(To_Date(&apos;&amp;Date_From&apos;,&apos;DD-MM-YYYY&apos;),SYSDATE)) BETWEEN NVL(t.valid_from, &amp;AO.Database_SYS.Get_First_Calendar_Date()) AND NVL(t.valid_to, &amp;AO.Database_SYS.Get_Last_Calendar_Date())
             OR TRUNC(NVL(To_Date( &apos;&amp;Date_To&apos;,&apos;DD-MM-YYYY&apos;),SYSDATE)) BETWEEN NVL(t.valid_from, &amp;AO.Database_SYS.Get_First_Calendar_Date()) AND NVL(t.valid_to, &amp;AO.Database_SYS.Get_Last_Calendar_Date())
             OR (To_Date( &apos;&amp;Date_To&apos;,&apos;DD-MM-YYYY&apos;) &gt; t.valid_to    AND To_Date(&apos;&amp;Date_From&apos;,&apos;DD-MM-YYYY&apos;) &lt; t.valid_from))           
             AND t.method_default = &apos;TRUE&apos;)  e_mail,    
          dc.cf$_bank_name &quot;Bank Name&quot;, dc.cf$_account_number &quot;Account No.&quot;, dc.cf$_sort_code sort_code, dc.cf$_account_name &quot;Account Name&quot;
           
from &amp;AO.company_person_company CP  
Join EmpS E on CP.employee_id = E.emp_no and CP.Company_id = E.Company_Id 
left outer join &amp;AO.pers PER on CP.person_id =  PER.person_id  
left outer join &amp;AO.emp_sal_as_valid_today SA on SA.emp_no = CP.employee_id and SA.company_id = CP.company_id  
left join &amp;AO.pers_address PA on PA.person_id = PER.person_id
left join &amp;AO.emp_bank_details_clv dc on dc.cf$_company_id = CP.Company_Id and dc.cf$_emp_id =   CP.employee_id
left join &amp;AO.company_person_all pa on pa.company_id =  CP.Company_Id and pa.emp_no =  CP.employee_id
where 
CP.company_id like NVL(&apos;&amp;Company_ID&apos;, &apos;%&apos;)
and (PA.default_home_address is null or PA.default_home_address = &apos;TRUE&apos;) 
and

( E.Sdate_of_employment &gt;=  To_Date (&apos;&amp;Date_From&apos;,&apos;DD-MM-YYYY&apos;) AND  E.Sdate_of_employment  &lt;= To_Date ( &apos;&amp;Date_To&apos;,&apos;DD-MM-YYYY&apos;))</SQL_EXPRESSION>
    <COMMENTS>Enter Comapny ID, If not data for all the companies will be fetched
Enter Date ranges - DD-MM-YYYY

</COMMENTS>
    <CATEGORY_ID>81</CATEGORY_ID>
    <CATEGORY_DESCRIPTION>HR/Payroll</CATEGORY_DESCRIPTION>
    <FILE_NAME/>
    <QR_TYPE>SQL</QR_TYPE>
    <PO_ID>repQUICK_REPORT564415</PO_ID>
    <QUERY/>
    <ROW_TYPE/>
    <OBJKEY>CED88747552645B3A9596078A7B2FF27</OBJKEY>
    <OBJVERSION>20210802054004</OBJVERSION>
    <DEFINITION_MODIFIED_DATE>2021-08-02-05.40.04</DEFINITION_MODIFIED_DATE>
  </QUICK_REPORT>
</CUSTOM_OBJECT>
