<?xml version="1.0"?>
<APPLICATION_CONFIGURATION>
  <EXPORT_DEF_VERSION>1</EXPORT_DEF_VERSION>
  <PACKAGE_ID>BF432AEC5B324F9E89AE3A74DFBBCC12</PACKAGE_ID>
  <NAME>EA_PDM</NAME>
  <DESCRIPTION>This packages contains custom objects related to following CRIMs;
 - C0309</DESCRIPTION>
  <AUTHOR>Tunstall Group Holdings Limited</AUTHOR>
  <VERSION/>
  <VERSION_TIME_STAMP>2021-07-06-11.21.38</VERSION_TIME_STAMP>
  <ORIGIN>TUGRPPR-307544-MC-TUGRPPR-APPS10</ORIGIN>
  <LAST_MODIFIED_DATE>2021-07-06-11.13.24</LAST_MODIFIED_DATE>
  <ITEMS>
    <ITEMS_ROW>
      <NAME>UPDATE_CREATED_FROM</NAME>
      <TYPE>CUSTOM_EVENT</TYPE>
      <DESCRIPTION>This event raises an error when copy circuit reference is enabled for engineering parts of more than one revision
 C0628</DESCRIPTION>
      <FILENAME>CustomEvent-EngPartRevision-UPDATE_CREATED_FROM.xml</FILENAME>
    </ITEMS_ROW>
    <ITEMS_ROW>
      <NAME>0^UPDATE_CREATED_FROM^EngPartRevision</NAME>
      <TYPE>CUSTOM_EVENT_ACTION</TYPE>
      <DESCRIPTION>This event action raises an error when copy circuit reference is enabled for engineering parts of more than one revision
 C0628</DESCRIPTION>
      <FILENAME>CustomEventAction-EngPartRevision-UPDATE_CREATED_FROM-0-EXECUTEONLINESQL.xml</FILENAME>
    </ITEMS_ROW>
    <ITEMS_ROW>
      <NAME>CWU Report Multilevel</NAME>
      <TYPE>CUSTOM_MENU</TYPE>
      <DESCRIPTION>C0401</DESCRIPTION>
      <FILENAME>CustomMenu-frmCompleteWhereUsedQuery-766093.xml</FILENAME>
    </ITEMS_ROW>
    <ITEMS_ROW>
      <NAME>0^COPY_CIRCUIT_REFERENCE^EngPartStructure</NAME>
      <TYPE>CUSTOM_EVENT_ACTION</TYPE>
      <DESCRIPTION>This event action copies circuit references of part structures from the previous revision to the new new revision</DESCRIPTION>
      <FILENAME>CustomEventAction-EngPartStructure-COPY_CIRCUIT_REFERENCE-0-EXECUTEONLINESQL.xml</FILENAME>
    </ITEMS_ROW>
    <ITEMS_ROW>
      <NAME>Paste Circuit Reference</NAME>
      <TYPE>CUSTOM_MENU</TYPE>
      <DESCRIPTION>C0628 </DESCRIPTION>
      <FILENAME>CustomMenu-tbwEngPartStructureConsistOf-705751.xml</FILENAME>
    </ITEMS_ROW>
    <ITEMS_ROW>
      <NAME>Copy Circuit Reference</NAME>
      <TYPE>CF_PERSISTENT</TYPE>
      <DESCRIPTION>C0628</DESCRIPTION>
      <FILENAME>CustomFieldPersistent-EngPartStructure-COPY_CIRCUIT_REFERENCE.xml</FILENAME>
    </ITEMS_ROW>
    <ITEMS_ROW>
      <NAME>Enable Circuit Ref and Copy</NAME>
      <TYPE>CUSTOM_MENU</TYPE>
      <DESCRIPTION>C0628 </DESCRIPTION>
      <FILENAME>CustomMenu-tbwEngPartStructureConsistOf-243561.xml</FILENAME>
    </ITEMS_ROW>
    <ITEMS_ROW>
      <NAME>Circuit Reference</NAME>
      <TYPE>CF_PERSISTENT</TYPE>
      <DESCRIPTION>EA - C308/C309

This field is used for storing circuit references</DESCRIPTION>
      <FILENAME>CustomFieldPersistent-EngPartStructure-CIRCUIT_REF.xml</FILENAME>
    </ITEMS_ROW>
    <ITEMS_ROW>
      <NAME>COPY_CIRCUIT_REFERENCE</NAME>
      <TYPE>CUSTOM_EVENT</TYPE>
      <DESCRIPTION>This event copies circuit references of part structures from the previous revision to the new new revision

C0628</DESCRIPTION>
      <FILENAME>CustomEvent-EngPartStructure-COPY_CIRCUIT_REFERENCE.xml</FILENAME>
    </ITEMS_ROW>
    <ITEMS_ROW>
      <NAME>Circuit Reference</NAME>
      <TYPE>CF_READ_ONLY</TYPE>
      <DESCRIPTION>EA - C0308/C0309

Refers to the Circuit Reference custom field in the Engineering Revision window</DESCRIPTION>
      <FILENAME>CustomFieldReadOnly-ProdStructure-CIRCUIT_REF.xml</FILENAME>
    </ITEMS_ROW>
    <ITEMS_ROW>
      <NAME>CWU Report</NAME>
      <TYPE>CUSTOM_MENU</TYPE>
      <DESCRIPTION>C0401 - Prageeth Gangabada</DESCRIPTION>
      <FILENAME>CustomMenu-frmCompleteWhereUsedQuery-214386.xml</FILENAME>
    </ITEMS_ROW>
  </ITEMS>
  <ADDITIONAL_ITEMS>
    <ADDITIONAL_ITEM>
      <NAME>Views-EngPartStructure</NAME>
      <TYPE>CF_VIEWS</TYPE>
      <DESCRIPTION>Views Files for EngPartStructure</DESCRIPTION>
      <FILENAME>CustomFieldViews-EngPartStructure.xml</FILENAME>
    </ADDITIONAL_ITEM>
    <ADDITIONAL_ITEM>
      <NAME>Views-ProdStructure</NAME>
      <TYPE>CF_VIEWS</TYPE>
      <DESCRIPTION>Views Files for ProdStructure</DESCRIPTION>
      <FILENAME>CustomFieldViews-ProdStructure.xml</FILENAME>
    </ADDITIONAL_ITEM>
  </ADDITIONAL_ITEMS>
</APPLICATION_CONFIGURATION>
