<?xml version="1.0"?>
<CUSTOM_OBJECT>
  <NAME>Paste Circuit Reference</NAME>
  <TYPE>CUSTOM_MENU</TYPE>
  <DESCRIPTION>C0628 </DESCRIPTION>
  <CUSTOM_MENU EXPORT_DEF_VERSION="1">
    <MENU_ID>705751</MENU_ID>
    <DESCRIPTION>C0628 </DESCRIPTION>
    <WINDOW>tbwEngPartStructureConsistOf</WINDOW>
    <PROCESS>NONE</PROCESS>
    <ORDERING>2</ORDERING>
    <PARAMETER>DECLARE
   part_no_ VARCHAR2(20);
   part_rev_ VARCHAR2(20);
BEGIN
   part_no_ := &amp;PART_NO;
   part_rev_  := &amp;PART_REV;

   C_EA_Customization_Util_API.Copy_Circuit_Reference__(part_no_ ,part_rev_);
END;</PARAMETER>
    <CUSTOM_MENU_TYPE_DB>12</CUSTOM_MENU_TYPE_DB>
    <BUNDLE_EXECUTION_DB>FALSE</BUNDLE_EXECUTION_DB>
    <PO_ID>tbwEngPartStructureConsistOf</PO_ID>
    <ENABLED_WHEN/>
    <REFRESH_UI>TRUE</REFRESH_UI>
    <EXPORT_DATE>2021-06-07-12.48.19</EXPORT_DATE>
    <DEFINITION_MODIFIED_DATE>2021-05-18-13.11.30</DEFINITION_MODIFIED_DATE>
    <OBJVERSION>20210607122741</OBJVERSION>
    <OBJKEY>7AD32B42537C49BC971DA4E7018955DB</OBJKEY>
    <TEXTS>
      <TEXTS_ROW>
        <LANGUAGE_CODE>en</LANGUAGE_CODE>
        <TITLE>Paste Circuit Reference</TITLE>
        <OBJKEY>9A47B02EEE6F4E5280F800879611F8D3</OBJKEY>
      </TEXTS_ROW>
    </TEXTS>
    <KEY_TRANSLATIONS>
  </KEY_TRANSLATIONS>
    <EXPANDABLE_PARAMETERS>
  </EXPANDABLE_PARAMETERS>
  </CUSTOM_MENU>
</CUSTOM_OBJECT>
