<?xml version="1.0"?>
<CUSTOM_OBJECT>
  <NAME>UPDATE_CREATED_FROM</NAME>
  <TYPE>CUSTOM_EVENT</TYPE>
  <DESCRIPTION>This event raises an error when copy circuit reference is enabled for engineering parts of more than one revision
 C0628</DESCRIPTION>
  <CUSTOM_EVENT EXPORT_DEF_VERSION="1">
    <EVENT_LU_NAME>EngPartRevision</EVENT_LU_NAME>
    <EVENT_ID>UPDATE_CREATED_FROM</EVENT_ID>
    <EVENT_DESCRIPTION>This event raises an error when copy circuit reference is enabled for engineering parts of more than one revision
 C0628</EVENT_DESCRIPTION>
    <EVENT_ENABLE>TRUE</EVENT_ENABLE>
    <EVENT_TABLE_NAME>ENG_PART_REVISION_TAB</EVENT_TABLE_NAME>
    <MODIFIED_ATTRIBUTES/>
    <EVENT_TYPE_DB>CUSTOM</EVENT_TYPE_DB>
    <NEW_ROW_DB>TRUE</NEW_ROW_DB>
    <MODIFY_ROW_DB>FALSE</MODIFY_ROW_DB>
    <REMOVE_ROW_DB>FALSE</REMOVE_ROW_DB>
    <EVENT_TRIGGER_TYPE_DB>AFTER</EVENT_TRIGGER_TYPE_DB>
    <DEFINITION_MODIFIED_DATE>2021-04-27-14.43.15</DEFINITION_MODIFIED_DATE>
    <OBJKEY>25D1DB0F899D42C6A451AB13F97AE212</OBJKEY>
    <EVENT_PARAMETERS>
      <EVENT_PARAMETERS_ROW>
        <ID>PART_NO</ID>
        <ID_TYPE>STRING</ID_TYPE>
        <PLSQL_METHOD/>
        <CURRENT_VALUE_DB>FALSE</CURRENT_VALUE_DB>
        <NEW_VALUE_DB>TRUE</NEW_VALUE_DB>
      </EVENT_PARAMETERS_ROW>
      <EVENT_PARAMETERS_ROW>
        <ID>PART_REV</ID>
        <ID_TYPE>STRING</ID_TYPE>
        <PLSQL_METHOD/>
        <CURRENT_VALUE_DB>FALSE</CURRENT_VALUE_DB>
        <NEW_VALUE_DB>TRUE</NEW_VALUE_DB>
      </EVENT_PARAMETERS_ROW>
    </EVENT_PARAMETERS>
  </CUSTOM_EVENT>
</CUSTOM_OBJECT>
