<?xml version="1.0"?>
<CUSTOM_OBJECT>
  <NAME>0^COPY_CIRCUIT_REFERENCE^EngPartStructure</NAME>
  <TYPE>CUSTOM_EVENT_ACTION</TYPE>
  <DESCRIPTION>This event action copies circuit references of part structures from the previous revision to the new new revision</DESCRIPTION>
  <CUSTOM_EVENT_ACTION EXPORT_DEF_VERSION="2">
    <EVENT_LU_NAME>EngPartStructure</EVENT_LU_NAME>
    <EVENT_ID>COPY_CIRCUIT_REFERENCE</EVENT_ID>
    <ACTION_NUMBER>0</ACTION_NUMBER>
    <ACTION_ENABLE>TRUE</ACTION_ENABLE>
    <ACTION_PARAMETERS>!FNDSER.EVENT_ACTION_PARAM
$SQL=DECLARE
-  attr_       VARCHAR2(32000);
-  sql_msg_    VARCHAR2(32000);
-  stmt_       VARCHAR2(32000);
-  job_id_     NUMBER;
-BEGIN
-   stmt_ := &apos;
-      DECLARE
-         part_no_ VARCHAR2(20);
-         part_rev_ VARCHAR2(20);
-         sub_part_no_ VARCHAR2(20);
-         sub_part_rev_ VARCHAR2(20);
-         structure_id_ VARCHAR2(20);
-         pos_ VARCHAR2(20);
-         
-         objkey_ VARCHAR2(50);
-         source_objkey_ VARCHAR2(50);
-         
-         PROCEDURE Remove_Copy_Circuit_Ref_Flag___ (
-            objkey_ IN VARCHAR2)
-         IS
-         BEGIN
-            UPDATE eng_part_structure_cft
-                  SET  cf$_copy_circuit_reference = NULL
-             WHERE rowkey = objkey_;
-         END Remove_Copy_Circuit_Ref_Flag___;
-          
-         
-         PROCEDURE Copy_Circuit_Reference___(
-            objkey_      IN VARCHAR2,
-            circuit_ref_ IN VARCHAR2)
-         IS
-            info_     VARCHAR2(4000);
-            objid_    VARCHAR2(200);
-            attr_cf_  VARCHAR2(4000);
-            rec_ Eng_Part_Structure_API.Public_Rec;
-         BEGIN
-            rec_    := Eng_Part_Structure_API.Get_By_Rowkey(objkey_);
-            objid_  := rec_.&quot;rowid&quot;;
-            
-            Client_SYS.Clear_Attr(attr_cf_);
-            Client_SYS.Add_To_Attr(&apos;&apos;CF$_CIRCUIT_REF&apos;&apos;, circuit_ref_, attr_cf_);
-            
-            Eng_Part_Structure_CFP.Cf_New__(info_,objid_,attr_cf_,&apos;&apos;&apos;&apos;,&apos;&apos;DO&apos;&apos;);
-         END Copy_Circuit_Reference___;
-         
-         FUNCTION Get_Source_Eng_Part_Struc_Objkey___(
-            part_no_      IN VARCHAR2,
-            sub_part_no_  IN VARCHAR2,
-            sub_part_rev_ IN VARCHAR2,
-            structure_id_ IN VARCHAR2,
-            pos_          IN VARCHAR2) RETURN VARCHAR2
-         IS
-            objkey_ VARCHAR2(50);
-         BEGIN
-            SELECT objkey
-              INTO objkey_
-              FROM eng_part_structure_ext_cfv
-             WHERE part_no = part_no_
-               AND sub_part_no = sub_part_no_
-               AND sub_part_rev = sub_part_rev_
-               AND structure_id = structure_id_
-               AND pos = pos_
-               AND cf$_copy_circuit_reference_db = &apos;&apos;TRUE&apos;&apos;;
-            RETURN objkey_;
-         EXCEPTION
-            WHEN OTHERS THEN
-               RETURN NULL;
-         END Get_Source_Eng_Part_Struc_Objkey___;
-      BEGIN 
-         part_no_ := &apos;&apos;&amp;NEW:PART_NO&apos;&apos;;
-         part_rev_ := &apos;&apos;&amp;NEW:PART_REV&apos;&apos;;
-         sub_part_no_ := &apos;&apos;&amp;NEW:SUB_PART_NO&apos;&apos;;
-         sub_part_rev_ := &apos;&apos;&amp;NEW:SUB_PART_REV&apos;&apos;;
-         structure_id_ := &apos;&apos;&amp;NEW:STRUCTURE_ID&apos;&apos;;
-         pos_:= &apos;&apos;&amp;NEW:POS&apos;&apos;;
-         
-         objkey_ := Eng_Part_Structure_API.Get_Objkey(part_no_,part_rev_,sub_part_no_,sub_part_rev_,structure_id_,pos_);
-         Transaction_SYS.Log_Progress_Info(&apos;&apos;objkey: &apos;&apos; || objkey_ ,1);
-         source_objkey_ := Get_Source_Eng_Part_Struc_objkey___(part_no_,sub_part_no_,sub_part_rev_,structure_id_,pos_);
-         Transaction_SYS.Log_Progress_Info(&apos;&apos;source objkey: &apos;&apos; || source_objkey_ ,2);         
-         IF source_objkey_ IS NOT NULL THEN
-           IF Eng_Part_Structure_CFP.Get_Cf$_Copy_Circuit_Reference(source_objkey_) = &apos;&apos;TRUE&apos;&apos; THEN              
-              Copy_Circuit_Reference___(objkey_,Eng_Part_Structure_CFP.Get_Cf$_Circuit_Ref(source_objkey_));
-              Remove_Copy_Circuit_Ref_Flag___(source_objkey_);
-           END IF;
-         END IF;
-      END;&apos;;
-      
-     sql_msg_ := Message_SYS.Construct(&apos;UPD&apos;);
-     Message_SYS.Add_Attribute(sql_msg_, &apos;SQL&apos;, stmt_);
-
-     Client_SYS.Clear_Attr(attr_);
-     Client_SYS.Add_To_Attr(&apos;SQL_DATA_&apos;, sql_msg_, attr_);
-     Client_SYS.Add_To_Attr(&apos;MSG_&apos;, &apos;&apos;, attr_);
-
-     Transaction_SYS.Deferred_Call(job_id_,
-                                   &apos;Fnd_Event_Action_API.Action_Executeonlinesql&apos;,
-                                   &apos;PARAMETER&apos;,
-                                   attr_,
-                                   &apos;Copy Circuit Reference value to new revision from the previous one -C0628-&apos; ||  &apos;&amp;NEW:PART_NO&apos; ||&apos;-&apos;||  &apos;&amp;NEW:SUB_PART_NO&apos;);   
-END;
$ATTACH=!ATTACHMENTS
</ACTION_PARAMETERS>
    <FND_EVENT_ACTION_TYPE_DB>EXECUTEONLINESQL</FND_EVENT_ACTION_TYPE_DB>
    <CONDITION_TYPE>!EVENT_ACTION_COND_TYPE
$NEW:PART_NO=
$NEW:PART_REV=
$NEW:POS=
$NEW:ROWKEY=
$NEW:STRUCTURE_ID=
$NEW:SUB_PART_NO=
$NEW:SUB_PART_REV=
</CONDITION_TYPE>
    <CONDITION_VALUE>!EVENT_ACTION_COND_VALUE
$NEW:PART_NO=
$NEW:PART_REV=
$NEW:POS=
$NEW:ROWKEY=
$NEW:STRUCTURE_ID=
$NEW:SUB_PART_NO=
$NEW:SUB_PART_REV=
</CONDITION_VALUE>
    <DESCRIPTION>This event action copies circuit references of part structures from the previous revision to the new new revision</DESCRIPTION>
    <SUBSCRIBABLE>FALSE</SUBSCRIBABLE>
    <SYSTEM_DEFINED>FALSE</SYSTEM_DEFINED>
    <ROLE/>
    <DEFINITION_MODIFIED_DATE>2021-04-27-13.29.59</DEFINITION_MODIFIED_DATE>
    <OBJKEY>5E83AE44B13C4D079974C384BBFD1DB1</OBJKEY>
  </CUSTOM_EVENT_ACTION>
</CUSTOM_OBJECT>
