<?xml version="1.0"?>
<CUSTOM_OBJECT>
  <NAME>Generate CWU Report Multilevel</NAME>
  <TYPE>CUSTOM_MENU</TYPE>
  <DESCRIPTION>C0401</DESCRIPTION>
  <CUSTOM_MENU EXPORT_DEF_VERSION="1">
    <MENU_ID>9430</MENU_ID>
    <DESCRIPTION>C0401</DESCRIPTION>
    <WINDOW>frmCompleteWhereUsedQuery</WINDOW>
    <PROCESS>NONE</PROCESS>
    <ORDERING>4</ORDERING>
    <PARAMETER>BEGIN
   C_EA_Customization_Util_API.Generate_CWU_Report_Multilevel(&amp;PART_NO, &amp;CONTRACT, &amp;ENG_CHG_LEVEL);
END;</PARAMETER>
    <CUSTOM_MENU_TYPE_DB>12</CUSTOM_MENU_TYPE_DB>
    <BUNDLE_EXECUTION_DB>FALSE</BUNDLE_EXECUTION_DB>
    <PO_ID>frmCompleteWhereUsedQuery</PO_ID>
    <ENABLED_WHEN/>
    <REFRESH_UI>TRUE</REFRESH_UI>
    <EXPORT_DATE>2021-07-20-07.26.34</EXPORT_DATE>
    <DEFINITION_MODIFIED_DATE>2021-07-14-11.09.17</DEFINITION_MODIFIED_DATE>
    <OBJVERSION>20210712114008</OBJVERSION>
    <OBJKEY>F48A020C84B74CC5916B9582807EFE99</OBJKEY>
    <TEXTS>
      <TEXTS_ROW>
        <LANGUAGE_CODE>en</LANGUAGE_CODE>
        <TITLE>Generate CWU Report Multilevel</TITLE>
        <OBJKEY>05C9B2D092C54DE2B30347BCCEE08E9E</OBJKEY>
      </TEXTS_ROW>
      <TEXTS_ROW>
        <LANGUAGE_CODE>gb</LANGUAGE_CODE>
        <TITLE>Generate CWU Report Multilevel</TITLE>
        <OBJKEY>96B59B166E9D4DB999EBBF572C623F5B</OBJKEY>
      </TEXTS_ROW>
    </TEXTS>
    <KEY_TRANSLATIONS>
  </KEY_TRANSLATIONS>
    <EXPANDABLE_PARAMETERS>
  </EXPANDABLE_PARAMETERS>
  </CUSTOM_MENU>
</CUSTOM_OBJECT>
