<?xml version="1.0"?>
<CUSTOM_OBJECT>
  <NAME>0^UPDATE_CREATED_FROM^EngPartRevision</NAME>
  <TYPE>CUSTOM_EVENT_ACTION</TYPE>
  <DESCRIPTION>This event action raises an error when copy circuit reference is enabled for engineering parts of more than one revision
 C0628</DESCRIPTION>
  <CUSTOM_EVENT_ACTION EXPORT_DEF_VERSION="2">
    <EVENT_LU_NAME>EngPartRevision</EVENT_LU_NAME>
    <EVENT_ID>UPDATE_CREATED_FROM</EVENT_ID>
    <ACTION_NUMBER>0</ACTION_NUMBER>
    <ACTION_ENABLE>TRUE</ACTION_ENABLE>
    <ACTION_PARAMETERS>!FNDSER.EVENT_ACTION_PARAM
$SQL=DECLARE
-   part_rev_ VARCHAR2(20);
-BEGIN
-       SELECT DISTINCT part_rev
-           INTO part_rev_ 
-          FROM eng_part_structure_ext_cfv
-       WHERE part_no =&apos;&amp;NEW:PART_NO&apos;       
-            AND cf$_copy_circuit_reference_db = &apos;TRUE&apos;;
-EXCEPTION
-   WHEN TOO_MANY_ROWS THEN
-      Error_SYS.Appl_General(&apos;EngPartStructure&apos;,&apos;TOO_MANY_REVISIONS: &apos;&apos;Copy Circuit Reference&apos;&apos;  is enabled for engineering parts of more than one engineering revision.&apos;);
-   WHEN OTHERS THEN
-      NULL;
-END;
$ATTACH=!ATTACHMENTS
</ACTION_PARAMETERS>
    <FND_EVENT_ACTION_TYPE_DB>EXECUTEONLINESQL</FND_EVENT_ACTION_TYPE_DB>
    <CONDITION_TYPE>!EVENT_ACTION_COND_TYPE
$NEW:PART_NO=
$NEW:PART_REV=
</CONDITION_TYPE>
    <CONDITION_VALUE>!EVENT_ACTION_COND_VALUE
$NEW:PART_NO=
$NEW:PART_REV=
</CONDITION_VALUE>
    <DESCRIPTION>This event action raises an error when copy circuit reference is enabled for engineering parts of more than one revision
 C0628</DESCRIPTION>
    <SUBSCRIBABLE>FALSE</SUBSCRIBABLE>
    <SYSTEM_DEFINED>FALSE</SYSTEM_DEFINED>
    <ROLE/>
    <DEFINITION_MODIFIED_DATE>2021-04-27-14.51.35</DEFINITION_MODIFIED_DATE>
    <OBJKEY>4B73DEFEDBD14148877F61CAF67C93C9</OBJKEY>
  </CUSTOM_EVENT_ACTION>
</CUSTOM_OBJECT>
