<?xml version="1.0"?>
<CUSTOM_OBJECT>
  <NAME/>
  <TYPE>CUSTOM_MENU</TYPE>
  <DESCRIPTION>C0401</DESCRIPTION>
  <CUSTOM_MENU EXPORT_DEF_VERSION="1">
    <MENU_ID>120487</MENU_ID>
    <DESCRIPTION>C0401</DESCRIPTION>
    <WINDOW>frmCompleteWhereUsedQuery</WINDOW>
    <PROCESS>NONE</PROCESS>
    <ORDERING>3</ORDERING>
    <PARAMETER/>
    <CUSTOM_MENU_TYPE_DB>6</CUSTOM_MENU_TYPE_DB>
    <BUNDLE_EXECUTION_DB>FALSE</BUNDLE_EXECUTION_DB>
    <PO_ID/>
    <ENABLED_WHEN/>
    <REFRESH_UI/>
    <EXPORT_DATE>2021-07-20-07.26.34</EXPORT_DATE>
    <DEFINITION_MODIFIED_DATE>2021-07-12-11.06.17</DEFINITION_MODIFIED_DATE>
    <OBJVERSION>20210712114008</OBJVERSION>
    <OBJKEY>F3A2226644DC41E39AA2F2CDE5BED40E</OBJKEY>
    <TEXTS>
  </TEXTS>
    <KEY_TRANSLATIONS>
  </KEY_TRANSLATIONS>
    <EXPANDABLE_PARAMETERS>
  </EXPANDABLE_PARAMETERS>
  </CUSTOM_MENU>
</CUSTOM_OBJECT>
