<?xml version="1.0"?>
<CUSTOM_OBJECT>
  <NAME>Circuit Reference</NAME>
  <TYPE>CF_READ_ONLY</TYPE>
  <DESCRIPTION>EA - C0308/C0309

Refers to the Circuit Reference custom field in the Engineering Revision window</DESCRIPTION>
  <CUSTOM_FIELD EXPORT_DEF_VERSION="1">
    <LU>ProdStructure</LU>
    <TABLE_NAME>PROD_STRUCTURE_CFT</TABLE_NAME>
    <VIEW_NAME>PROD_STRUCTURE_CFV</VIEW_NAME>
    <PACKAGE_NAME>PROD_STRUCTURE_CFP</PACKAGE_NAME>
    <DEFINITION_MODIFIED_DATE>2019-12-06-12.18.40</DEFINITION_MODIFIED_DATE>
    <EXPORT_DATE>2021-06-07-12.48.20</EXPORT_DATE>
    <USED_DB>TRUE</USED_DB>
    <ROWKEY>B73D46AD9FEB40C48A1B1017DE57FD79</ROWKEY>
    <CUSTOM_FIELD_ATTRIBUTE>
      <CUSTOM_FIELD_ATTRIBUTE_ROW>
        <ATTRIBUTE_NAME>CIRCUIT_REF</ATTRIBUTE_NAME>
        <DATA_TYPE_DB>STRING</DATA_TYPE_DB>
        <FORMAT_DB>UNFORMATTED</FORMAT_DB>
        <DATA_LENGTH>4000</DATA_LENGTH>
        <DEFAULT_VALUE_TYPE_DB>NO_DEFAULT_VALUE</DEFAULT_VALUE_TYPE_DB>
        <DEFAULT_VALUE/>
        <MANDATORY_DB>FALSE</MANDATORY_DB>
        <INSERTABLE_DB>FALSE</INSERTABLE_DB>
        <UPDATEABLE_DB>FALSE</UPDATEABLE_DB>
        <QUERYABLE_DB>TRUE</QUERYABLE_DB>
        <PRIVATE_DB>FALSE</PRIVATE_DB>
        <LOV_DB>FALSE</LOV_DB>
        <INDEXED_DB>FALSE</INDEXED_DB>
        <PROMPT>Circuit Reference</PROMPT>
        <DEFINITION_MODIFIED_DATE>2021-02-25-05.00.12</DEFINITION_MODIFIED_DATE>
        <CUSTOM_FIELD_TYPE_DB>READ_ONLY_FIELD</CUSTOM_FIELD_TYPE_DB>
        <CUSTOM_FIELD_IMPL_TYPE_DB>SELECT_STATEMENT</CUSTOM_FIELD_IMPL_TYPE_DB>
        <EXPRESSION>Prod_Structure_Cfp.Get_Cf$_Circuit_Ref(v.part_no, v.component_part, v.eng_chg_level)</EXPRESSION>
        <METADATA>     SELECT s.cf$_circuit_ref
        FROM ENG_PART_STRUCTURE_EXT_CFV s,ENG_PART_REVISION_REFERENCE r
     WHERE s.part_no = r.part_no
          AND s. part_rev = r.part_rev 
          AND s.part_no  = :part_no
          AND s.sub_part_no = :component_part
          AND TO_CHAR(r.rev_no) = :eng_chg_level</METADATA>
        <LU_REFERENCE/>
        <UI_OBJECT_DB>DEFAULT</UI_OBJECT_DB>
        <USED_DB>TRUE</USED_DB>
        <READ_ONLY_EXPRESSION_DB>FALSE</READ_ONLY_EXPRESSION_DB>
        <NOTE>EA - C0308/C0309

Refers to the Circuit Reference custom field in the Engineering Revision window</NOTE>
        <ENABLED_ON_REPORTS_DB>TRUE</ENABLED_ON_REPORTS_DB>
        <CONSTRAINT_TYPE_DB>RESTRICTED</CONSTRAINT_TYPE_DB>
        <LOV_VIEW/>
        <ALTERNATE_KEY_DB>FALSE</ALTERNATE_KEY_DB>
        <ROWKEY>D59FB45FA24C4505898F1226769C8E30</ROWKEY>
      </CUSTOM_FIELD_ATTRIBUTE_ROW>
    </CUSTOM_FIELD_ATTRIBUTE>
    <TRANSLATIONS>
  </TRANSLATIONS>
    <CUSTOM_FIELD_VIEW>
      <CUSTOM_FIELD_VIEW_ROW>
        <VIEW_NAME>PROD_MULTILEVEL_ALL_STRUCTURES</VIEW_NAME>
        <CF_VIEW_NAME>PROD_MULTILEVEL_A415775663_CFV</CF_VIEW_NAME>
        <USED_DB>FALSE</USED_DB>
        <ROWKEY>D4DAFDD9C6934898844D2EB27D5934E9</ROWKEY>
      </CUSTOM_FIELD_VIEW_ROW>
      <CUSTOM_FIELD_VIEW_ROW>
        <VIEW_NAME>PROD_STRUCTURE_DISTINCT</VIEW_NAME>
        <CF_VIEW_NAME>PROD_STRUCTURE_DISTINCT_CFV</CF_VIEW_NAME>
        <USED_DB>FALSE</USED_DB>
        <ROWKEY>8FF8F75F65174523892BB92C16CABA2D</ROWKEY>
      </CUSTOM_FIELD_VIEW_ROW>
      <CUSTOM_FIELD_VIEW_ROW>
        <VIEW_NAME>REPAIR_STRUCTURE_LOV</VIEW_NAME>
        <CF_VIEW_NAME>REPAIR_STRUCTURE_LOV_CFV</CF_VIEW_NAME>
        <USED_DB>FALSE</USED_DB>
        <ROWKEY>146460DFFA594940B7C56CAA5458BC4F</ROWKEY>
      </CUSTOM_FIELD_VIEW_ROW>
    </CUSTOM_FIELD_VIEW>
  </CUSTOM_FIELD>
</CUSTOM_OBJECT>
