<?xml version="1.0"?>
<CUSTOM_OBJECT>
  <NAME>Views -Engineering Part Structure</NAME>
  <TYPE>CF_VIEWS</TYPE>
  <DESCRIPTION>Custom Field Views of Logical Unit Engineering Part Structure</DESCRIPTION>
  <CUSTOM_FIELD_VIEWS EXPORT_DEF_VERSION="1">
    <LU>EngPartStructure</LU>
    <TABLE_NAME>ENG_PART_STRUCTURE_CFT</TABLE_NAME>
    <VIEW_NAME>ENG_PART_STRUCTURE_CFV</VIEW_NAME>
    <PACKAGE_NAME>ENG_PART_STRUCTURE_CFP</PACKAGE_NAME>
    <DEFINITION_MODIFIED_DATE>2021-02-02-17.17.06</DEFINITION_MODIFIED_DATE>
    <EXPORT_DATE>2021-07-15-17.47.43</EXPORT_DATE>
    <USED_DB>TRUE</USED_DB>
    <ROWKEY>CF0B56C048974ECFB0CCB89E7CF032E4</ROWKEY>
    <CUSTOM_FIELD_VIEW>
      <CUSTOM_FIELD_VIEW_ROW>
        <VIEW_NAME>ENG_PART_A_RPT</VIEW_NAME>
        <CF_VIEW_NAME>ENG_PART_A_RPT_CFV</CF_VIEW_NAME>
        <USED_DB>FALSE</USED_DB>
        <ROWKEY>125AE1E0AA244292941D079DD0DDAD1F</ROWKEY>
      </CUSTOM_FIELD_VIEW_ROW>
      <CUSTOM_FIELD_VIEW_ROW>
        <VIEW_NAME>ENG_PART_B_RPT</VIEW_NAME>
        <CF_VIEW_NAME>ENG_PART_B_RPT_CFV</CF_VIEW_NAME>
        <USED_DB>FALSE</USED_DB>
        <ROWKEY>149C84855AF44D83891ACAA84D7F5B92</ROWKEY>
      </CUSTOM_FIELD_VIEW_ROW>
      <CUSTOM_FIELD_VIEW_ROW>
        <VIEW_NAME>ENG_PART_STRUCTURED_REP</VIEW_NAME>
        <CF_VIEW_NAME>ENG_PART_STRUCTURED_REP_CFV</CF_VIEW_NAME>
        <USED_DB>FALSE</USED_DB>
        <ROWKEY>EFAB9FB581D04D8B91BC941C06155E49</ROWKEY>
      </CUSTOM_FIELD_VIEW_ROW>
      <CUSTOM_FIELD_VIEW_ROW>
        <VIEW_NAME>ENG_PART_STRUCTURED_RPV</VIEW_NAME>
        <CF_VIEW_NAME>ENG_PART_STRUCTURED_RPV_CFV</CF_VIEW_NAME>
        <USED_DB>FALSE</USED_DB>
        <ROWKEY>F714D20E1FB04EB38F8DF0F30FB83401</ROWKEY>
      </CUSTOM_FIELD_VIEW_ROW>
      <CUSTOM_FIELD_VIEW_ROW>
        <VIEW_NAME>ENG_PART_STRUCTUREM_REP</VIEW_NAME>
        <CF_VIEW_NAME>ENG_PART_STRUCTUREM_REP_CFV</CF_VIEW_NAME>
        <USED_DB>FALSE</USED_DB>
        <ROWKEY>063F97CB2DB948B1B412404779C70007</ROWKEY>
      </CUSTOM_FIELD_VIEW_ROW>
      <CUSTOM_FIELD_VIEW_ROW>
        <VIEW_NAME>ENG_PART_STRUCTUREM_RPV</VIEW_NAME>
        <CF_VIEW_NAME>ENG_PART_STRUCTUREM_RPV_CFV</CF_VIEW_NAME>
        <USED_DB>FALSE</USED_DB>
        <ROWKEY>5017D16BC09C45C497880E1F056812B9</ROWKEY>
      </CUSTOM_FIELD_VIEW_ROW>
      <CUSTOM_FIELD_VIEW_ROW>
        <VIEW_NAME>ENG_PART_STRUCTURES_REP</VIEW_NAME>
        <CF_VIEW_NAME>ENG_PART_STRUCTURES_REP_CFV</CF_VIEW_NAME>
        <USED_DB>FALSE</USED_DB>
        <ROWKEY>DE61B21AAEED4F8B97EEF34FF75F6A43</ROWKEY>
      </CUSTOM_FIELD_VIEW_ROW>
      <CUSTOM_FIELD_VIEW_ROW>
        <VIEW_NAME>ENG_PART_STRUCTURES_RPV</VIEW_NAME>
        <CF_VIEW_NAME>ENG_PART_STRUCTURES_RPV_CFV</CF_VIEW_NAME>
        <USED_DB>FALSE</USED_DB>
        <ROWKEY>E9CAE1C84D47429F88D932B23B8A2FF4</ROWKEY>
      </CUSTOM_FIELD_VIEW_ROW>
      <CUSTOM_FIELD_VIEW_ROW>
        <VIEW_NAME>ENG_PART_STRUCTURE_COMPARE</VIEW_NAME>
        <CF_VIEW_NAME>ENG_PART_STRUCTURE_COMPARE_CFV</CF_VIEW_NAME>
        <USED_DB>FALSE</USED_DB>
        <ROWKEY>5D7D683DDABF40C581A61A7D91681441</ROWKEY>
      </CUSTOM_FIELD_VIEW_ROW>
      <CUSTOM_FIELD_VIEW_ROW>
        <VIEW_NAME>ENG_PART_STRUCTURE_DISTINCT</VIEW_NAME>
        <CF_VIEW_NAME>ENG_PART_STRUCTU3231519888_CFV</CF_VIEW_NAME>
        <USED_DB>FALSE</USED_DB>
        <ROWKEY>EE378D48F96B4B76BAE63C8DD2593110</ROWKEY>
      </CUSTOM_FIELD_VIEW_ROW>
      <CUSTOM_FIELD_VIEW_ROW>
        <VIEW_NAME>ENG_PART_STRUCTURE_EXT</VIEW_NAME>
        <CF_VIEW_NAME>ENG_PART_STRUCTURE_EXT_CFV</CF_VIEW_NAME>
        <USED_DB>TRUE</USED_DB>
        <ROWKEY>09629EBE957145B29F4B22FC585A99E6</ROWKEY>
      </CUSTOM_FIELD_VIEW_ROW>
      <CUSTOM_FIELD_VIEW_ROW>
        <VIEW_NAME>ENG_PART_STRUCTURE_EXT2</VIEW_NAME>
        <CF_VIEW_NAME>ENG_PART_STRUCTURE_EXT2_CFV</CF_VIEW_NAME>
        <USED_DB>FALSE</USED_DB>
        <ROWKEY>AA06CAF08DDC416BB93992F3A82C9C95</ROWKEY>
      </CUSTOM_FIELD_VIEW_ROW>
      <CUSTOM_FIELD_VIEW_ROW>
        <VIEW_NAME>ENG_PART_STRUCTURE_REFERENCE</VIEW_NAME>
        <CF_VIEW_NAME>ENG_PART_STRUCTUR829039841_CFV</CF_VIEW_NAME>
        <USED_DB>FALSE</USED_DB>
        <ROWKEY>1B8B3AB7803447729D3767D5391770B9</ROWKEY>
      </CUSTOM_FIELD_VIEW_ROW>
      <CUSTOM_FIELD_VIEW_ROW>
        <VIEW_NAME>ENG_STRUCTURE_PUBLIC</VIEW_NAME>
        <CF_VIEW_NAME>ENG_STRUCTURE_PUBLIC_CFV</CF_VIEW_NAME>
        <USED_DB>FALSE</USED_DB>
        <ROWKEY>921A24CEBA3F4171B5DBEFEA28810EB3</ROWKEY>
      </CUSTOM_FIELD_VIEW_ROW>
    </CUSTOM_FIELD_VIEW>
  </CUSTOM_FIELD_VIEWS>
</CUSTOM_OBJECT>
