<?xml version="1.0"?>
<CUSTOM_OBJECT>
  <NAME>Views -Prod Structure</NAME>
  <TYPE>CF_VIEWS</TYPE>
  <DESCRIPTION>Custom Field Views of Logical Unit Prod Structure</DESCRIPTION>
  <CUSTOM_FIELD_VIEWS EXPORT_DEF_VERSION="1">
    <LU>ProdStructure</LU>
    <TABLE_NAME>PROD_STRUCTURE_CFT</TABLE_NAME>
    <VIEW_NAME>PROD_STRUCTURE_CFV</VIEW_NAME>
    <PACKAGE_NAME>PROD_STRUCTURE_CFP</PACKAGE_NAME>
    <DEFINITION_MODIFIED_DATE>2019-12-06-12.18.40</DEFINITION_MODIFIED_DATE>
    <EXPORT_DATE>2021-07-20-07.26.35</EXPORT_DATE>
    <USED_DB>TRUE</USED_DB>
    <ROWKEY>B73D46AD9FEB40C48A1B1017DE57FD79</ROWKEY>
    <CUSTOM_FIELD_VIEW>
      <CUSTOM_FIELD_VIEW_ROW>
        <VIEW_NAME>PROD_MULTILEVEL_ALL_STRUCTURES</VIEW_NAME>
        <CF_VIEW_NAME>PROD_MULTILEVEL_A415775663_CFV</CF_VIEW_NAME>
        <USED_DB>FALSE</USED_DB>
        <ROWKEY>D4DAFDD9C6934898844D2EB27D5934E9</ROWKEY>
      </CUSTOM_FIELD_VIEW_ROW>
      <CUSTOM_FIELD_VIEW_ROW>
        <VIEW_NAME>PROD_STRUCTURE_DISTINCT</VIEW_NAME>
        <CF_VIEW_NAME>PROD_STRUCTURE_DISTINCT_CFV</CF_VIEW_NAME>
        <USED_DB>FALSE</USED_DB>
        <ROWKEY>8FF8F75F65174523892BB92C16CABA2D</ROWKEY>
      </CUSTOM_FIELD_VIEW_ROW>
      <CUSTOM_FIELD_VIEW_ROW>
        <VIEW_NAME>REPAIR_STRUCTURE_LOV</VIEW_NAME>
        <CF_VIEW_NAME>REPAIR_STRUCTURE_LOV_CFV</CF_VIEW_NAME>
        <USED_DB>FALSE</USED_DB>
        <ROWKEY>146460DFFA594940B7C56CAA5458BC4F</ROWKEY>
      </CUSTOM_FIELD_VIEW_ROW>
    </CUSTOM_FIELD_VIEW>
  </CUSTOM_FIELD_VIEWS>
</CUSTOM_OBJECT>
