<?xml version="1.0"?>
<APPLICATION_CONFIGURATION>
  <EXPORT_DEF_VERSION>1</EXPORT_DEF_VERSION>
  <PACKAGE_ID>8ED57F8F51BB4A73A04974C2FCFD8D9F</PACKAGE_ID>
  <NAME>EA_SUPPLYCHAIN</NAME>
  <DESCRIPTION>This package contains
-C0618</DESCRIPTION>
  <AUTHOR>Tunstall Group Holdings Limited</AUTHOR>
  <VERSION>V2</VERSION>
  <VERSION_TIME_STAMP>2021-08-16-10.41.54</VERSION_TIME_STAMP>
  <ORIGIN>TUGRPPR-307544-MC-TUGRPPR-APPS10</ORIGIN>
  <LAST_MODIFIED_DATE>2021-08-16-10.40.00</LAST_MODIFIED_DATE>
  <ITEMS>
    <ITEMS_ROW>
      <NAME>Create NCR and CAPA</NAME>
      <TYPE>CUSTOM_MENU</TYPE>
      <DESCRIPTION>Create NCR and CAPA - C618 EA</DESCRIPTION>
      <FILENAME>CustomMenu-frmMrbMaintenance-647580.xml</FILENAME>
    </ITEMS_ROW>
    <ITEMS_ROW>
      <NAME>Created Ncr</NAME>
      <TYPE>CF_PERSISTENT</TYPE>
      <DESCRIPTION>EA - C0618 </DESCRIPTION>
      <FILENAME>CustomFieldPersistent-MrbHead-CREATED_NCR.xml</FILENAME>
    </ITEMS_ROW>
  </ITEMS>
  <ADDITIONAL_ITEMS>
    <ADDITIONAL_ITEM>
      <NAME>Views-MrbHead</NAME>
      <TYPE>CF_VIEWS</TYPE>
      <DESCRIPTION>Views Files for MrbHead</DESCRIPTION>
      <FILENAME>CustomFieldViews-MrbHead.xml</FILENAME>
    </ADDITIONAL_ITEM>
  </ADDITIONAL_ITEMS>
</APPLICATION_CONFIGURATION>
