<?xml version="1.0"?>
<APPLICATION_CONFIGURATION>
  <EXPORT_DEF_VERSION>1</EXPORT_DEF_VERSION>
  <PACKAGE_ID>BF432AEC5B324F9E89AE3A74DFBBCC12</PACKAGE_ID>
  <NAME>EA_PDM</NAME>
  <DESCRIPTION>This packages contains custom objects related to following CRIMs;
 - C0309</DESCRIPTION>
  <AUTHOR>Tunstall Group Holdings Limited</AUTHOR>
  <VERSION/>
  <VERSION_TIME_STAMP>2021-05-10-03.33.14</VERSION_TIME_STAMP>
  <ORIGIN>TUGRREF-307544-MC-TUGRREF-APPS10</ORIGIN>
  <LAST_MODIFIED_DATE>2021-03-23-04.21.20</LAST_MODIFIED_DATE>
  <ITEMS>
    <ITEMS_ROW>
      <NAME>Circuit Reference</NAME>
      <TYPE>CF_PERSISTENT</TYPE>
      <DESCRIPTION>EA - C308/C309

This field is used for storing circuit references</DESCRIPTION>
      <FILENAME>CustomFieldPersistent-EngPartStructure-CIRCUIT_REF.xml</FILENAME>
    </ITEMS_ROW>
    <ITEMS_ROW>
      <NAME>Circuit Reference</NAME>
      <TYPE>CF_READ_ONLY</TYPE>
      <DESCRIPTION>EA - C0308/C0309

Refers to the Circuit Reference custom field in the Engineering Revision window</DESCRIPTION>
      <FILENAME>CustomFieldReadOnly-ProdStructure-CIRCUIT_REF.xml</FILENAME>
    </ITEMS_ROW>
    <ITEMS_ROW>
      <NAME>CWU Report</NAME>
      <TYPE>CUSTOM_MENU</TYPE>
      <DESCRIPTION>
This Custom Menu is used to open the CW Report quick report 

C0401 - EA</DESCRIPTION>
      <FILENAME>CustomMenu-frmCompleteWhereUsedQuery-214386.xml</FILENAME>
    </ITEMS_ROW>
  </ITEMS>
  <ADDITIONAL_ITEMS>
    <ADDITIONAL_ITEM>
      <NAME>Views-EngPartStructure</NAME>
      <TYPE>CF_VIEWS</TYPE>
      <DESCRIPTION>Views Files for EngPartStructure</DESCRIPTION>
      <FILENAME>CustomFieldViews-EngPartStructure.xml</FILENAME>
    </ADDITIONAL_ITEM>
    <ADDITIONAL_ITEM>
      <NAME>Views-ProdStructure</NAME>
      <TYPE>CF_VIEWS</TYPE>
      <DESCRIPTION>Views Files for ProdStructure</DESCRIPTION>
      <FILENAME>CustomFieldViews-ProdStructure.xml</FILENAME>
    </ADDITIONAL_ITEM>
  </ADDITIONAL_ITEMS>
</APPLICATION_CONFIGURATION>
