﻿<Text>
  <Author>IFS RnD</Author>
  <CopiedFrom>38a2cf79-ae64-4da8-9de0-1d3c83d589d1</CopiedFrom>
  <LastModified>2019-08-29-17.54.49</LastModified>
  <Locked>true</Locked>
  <Title>VIEW BALANCE ANALYSIS</Title>
  <ClientTypes>Web</ClientTypes>
  <Background>#FF006996</Background>
  <Name>FI Aurena Link to Balance Analysis</Name>
  <ID>6bb6a8b1-7aa7-4364-b905-eb25dced09f9</ID>
  <WebUrl>page/GLBalanceAnalysis/List?contexts=Company:$COMPANY$</WebUrl>
  <PassDataToForm>false</PassDataToForm>
  <FormMappings />
  <BodyText>

View...</BodyText>
  <FontSize>13</FontSize>
  <HorizontalAlignment>Center</HorizontalAlignment>
</Text>