﻿<Counter>
  <Author>IFS RnD</Author>
  <CopiedFrom>b0f5be4c-2af4-4f32-95a8-7a5d0b888662</CopiedFrom>
  <LastModified>2019-08-29-17.54.14</LastModified>
  <Locked>true</Locked>
  <Title>INVENTORY TRANSACTIONS</Title>
  <ClientTypes>Web</ClientTypes>
  <Footer>erroneous postings</Footer>
  <Background>#FFC20069</Background>
  <Name>FI Aurena Erroneous Inventory Transactions</Name>
  <ID>5c09e4a4-d4a8-4802-99eb-2db3e7ae71b0</ID>
  <WebUrl>page/InventoryTransactionsHistory/List?contexts=Company:$COMPANY$&amp;$filter=HasErroneousPostings eq true</WebUrl>
  <PassDataToForm>false</PassDataToForm>
  <FormMappings />
  <DataSourceId>2146fc74-300c-4103-a8bf-68a4640466c8</DataSourceId>
  <ColumnMapping>
    <MappedColumns>
      <MappedColumn>
        <Column>COUNT(1)</Column>
        <ConditionalFormats />
      </MappedColumn>
    </MappedColumns>
  </ColumnMapping>
  <UseThousandSeparator>true</UseThousandSeparator>
</Counter>