﻿<List>
  <Author>ifsapp</Author>
  <LastModified>2021-04-15-12.02.29</LastModified>
  <RowSpan>2</RowSpan>
  <ColumnSpan>2</ColumnSpan>
  <Title>Requires Finance Project Approval</Title>
  <ClientTypes>Web</ClientTypes>
  <Background>#FF4B4A4D</Background>
  <Name>Initialized_Projects_Aurena</Name>
  <ID>74db8462-8ee6-44a4-9b6b-7cf93302c56f</ID>
  <WebUrl>page/ProjectDefinition/Form?$filter=ProjectId eq $[PROJECT_ID]</WebUrl>
  <PassDataToForm>false</PassDataToForm>
  <FormMappings />
  <DataSourceId>e8e5a0e5-c04d-4622-8606-7d1774fec8c7</DataSourceId>
  <ColumnMapping>
    <MappedColumns>
      <MappedColumn>
        <Column>PROJECT_ID</Column>
        <Name>Project ID</Name>
        <DisplayName>Project ID</DisplayName>
        <Width>10</Width>
        <IsNavigateParam>false</IsNavigateParam>
        <NavigateTarget>CONTRACT_ID</NavigateTarget>
        <ConditionalFormats />
      </MappedColumn>
      <MappedColumn>
        <Column>NAME</Column>
        <Name>Project Name</Name>
        <DisplayName>Project Name</DisplayName>
        <IsNavigateParam>false</IsNavigateParam>
        <NavigateTarget>NAME</NavigateTarget>
        <ConditionalFormats />
      </MappedColumn>
      <MappedColumn>
        <Column>PLAN_START</Column>
        <Name>Project Planned Start Date</Name>
        <DisplayName>Project Planned Start Date</DisplayName>
        <Width>10</Width>
        <IsNavigateParam>false</IsNavigateParam>
        <NavigateTarget>PLAN_START</NavigateTarget>
        <ConditionalFormats />
      </MappedColumn>
    </MappedColumns>
    <ShowColumnHeaders>true</ShowColumnHeaders>
  </ColumnMapping>
</List>