﻿<Counter>
  <Author>IFS RnD</Author>
  <CopiedFrom>5e68ff14-8e65-4a8a-b6d8-73e81b8520c5</CopiedFrom>
  <LastModified>2019-08-29-17.53.43</LastModified>
  <Locked>true</Locked>
  <Title>VOUCHERS WITH ERRORS</Title>
  <ClientTypes>Web</ClientTypes>
  <Background>#FFC20069</Background>
  <Name>FI Aurena Vouchers with Errors - All</Name>
  <ID>00c7c9e6-a838-4540-83f4-ff62a092d103</ID>
  <WebUrl>page/VouchersAnalysis/List?contexts=Company:$COMPANY$&amp;$filter=(VoucherStatus eq 'Error' )</WebUrl>
  <PassDataToForm>false</PassDataToForm>
  <FormMappings />
  <DataSourceId>bb6afe1a-711f-4ba4-a395-a8ae63d1b416</DataSourceId>
  <ColumnMapping>
    <MappedColumns>
      <MappedColumn>
        <Column>COUNT(voucher_no)</Column>
        <ConditionalFormats />
      </MappedColumn>
    </MappedColumns>
  </ColumnMapping>
  <UseThousandSeparator>true</UseThousandSeparator>
</Counter>