﻿<Text>
  <Author>IFS RnD</Author>
  <CopiedFrom>bf96670a-f125-458b-b4dc-ce6fbf25dad5</CopiedFrom>
  <LastModified>2020-03-24-18.07.12</LastModified>
  <Locked>true</Locked>
  <Title>ACCOUNTS RECEIVABLE LOBBY</Title>
  <ClientTypes>Web</ClientTypes>
  <Background>#FF006996</Background>
  <Name>FI Aurena Link to Accounts Receivable Lobby</Name>
  <ID>84794920-2589-4e48-9e4f-2dbca9332c75</ID>
  <WebUrl>lobby/8dbb4c8c-6b21-4db7-ad1e-32b33c1804fd?contexts=Company:$COMPANY$</WebUrl>
  <PassDataToForm>false</PassDataToForm>
  <FormMappings />
  <BodyText>

View...



   </BodyText>
  <FontSize>13</FontSize>
  <HorizontalAlignment>Center</HorizontalAlignment>
</Text>