﻿<Counter>
  <Author>IFS RnD</Author>
  <CopiedFrom>86c997f4-7e66-48ab-a896-dce6cfa17baf</CopiedFrom>
  <LastModified>2019-08-29-17.53.54</LastModified>
  <Locked>true</Locked>
  <Title>DISTRIBUTION &amp; MANUFACTURING TRANSACTIONS</Title>
  <ClientTypes>Web</ClientTypes>
  <Footer>erroneous postings</Footer>
  <Background>#FFC20069</Background>
  <Name>FI Aurena Erroneous Distribution and Manufacturing Posting</Name>
  <ID>00c44c6e-5214-4994-b319-aa1c6038c25f</ID>
  <WebUrl>page/DistributionandManufacturingPostingsAnalysis/List?contexts=Company:$COMPANY$&amp;$filter=(StatusCode eq '99')</WebUrl>
  <PassDataToForm>false</PassDataToForm>
  <FormMappings />
  <DataSourceId>45227b55-f7c9-4d55-b9d6-365bcb187d04</DataSourceId>
  <ColumnMapping>
    <MappedColumns>
      <MappedColumn>
        <Column>COUNT(accounting_id)</Column>
        <ConditionalFormats />
      </MappedColumn>
    </MappedColumns>
  </ColumnMapping>
</Counter>