﻿<List>
  <Author>IFS RnD</Author>
  <CopiedFrom>b5413f16-466b-4b9a-a3ea-1c77d04c8b5a</CopiedFrom>
  <LastModified>2019-08-29-12.07.59</LastModified>
  <Locked>true</Locked>
  <ColumnSpan>2</ColumnSpan>
  <Title>ADD INVESTMENT IN PROGRESS</Title>
  <ClientTypes>Web</ClientTypes>
  <Background>#FFFFFFFF</Background>
  <BackgroundOpacity>0.8</BackgroundOpacity>
  <Foreground>#FF4B4A4D</Foreground>
  <Name>FI Aurena Add Investment - Progress</Name>
  <ID>b517d228-bd42-408a-85bd-537e10829063</ID>
  <WebUrl>page/AddInvestmentProgress/List?contexts=Company:$COMPANY$&amp;$filter=(ObjectTransactionTypeDb eq '8' or ObjectTransactionTypeDb eq '17')</WebUrl>
  <PassDataToForm>false</PassDataToForm>
  <FormMappings />
  <DataSourceId>2d188028-c998-4b5d-a9e1-ced82552f7fd</DataSourceId>
  <ColumnMapping>
    <MappedColumns>
      <MappedColumn>
        <Column>object_id</Column>
        <Name>Object ID</Name>
        <DisplayName>Object ID</DisplayName>
        <IsNavigateParam>false</IsNavigateParam>
        <NavigateTarget>object_id</NavigateTarget>
        <ConditionalFormats />
      </MappedColumn>
      <MappedColumn>
        <Column>SUM(amount)</Column>
        <Name>Add Investment Amount</Name>
        <DisplayName>Amount</DisplayName>
        <IsNavigateParam>false</IsNavigateParam>
        <NavigateTarget>SUM(amount)</NavigateTarget>
        <ConditionalFormats />
      </MappedColumn>
    </MappedColumns>
    <ShowColumnHeaders>true</ShowColumnHeaders>
  </ColumnMapping>
</List>