﻿<Counter>
  <Author>IFS RnD</Author>
  <CopiedFrom>ce10a53b-c02f-4f57-82e4-bab9b1081d03</CopiedFrom>
  <LastModified>2019-08-29-12.05.31</LastModified>
  <Locked>true</Locked>
  <Title>Q VOUCHERS TO UPDATE</Title>
  <ClientTypes>Web</ClientTypes>
  <BackgroundOpacity>0.8</BackgroundOpacity>
  <Name>FI Aurena Not Updated Q Vouchers</Name>
  <ID>1fe5e215-b1e7-45bb-ab02-bc4f6fbddeba</ID>
  <WebUrl>page/VouchersAnalysis/List?contexts=Company:$COMPANY$&amp;$filter=(VoucherType eq 'Q')</WebUrl>
  <PassDataToForm>false</PassDataToForm>
  <FormMappings />
  <DataSourceId>3c5ddc06-1533-43fa-ae0f-9fe86a791452</DataSourceId>
  <ColumnMapping>
    <MappedColumns>
      <MappedColumn>
        <Column>COUNT(voucher_no)</Column>
        <ConditionalFormats />
      </MappedColumn>
    </MappedColumns>
  </ColumnMapping>
</Counter>