﻿<Counter>
  <Author>IFS RnD</Author>
  <CopiedFrom>663e605a-1fc3-4f96-95bf-c6ca60f2bce6</CopiedFrom>
  <LastModified>2019-08-29-17.54.03</LastModified>
  <Locked>true</Locked>
  <Title>PROJECT TRANSACTIONS</Title>
  <ClientTypes>Web</ClientTypes>
  <Footer>erroneous postings</Footer>
  <Background>#FFC20069</Background>
  <Name>FI Aurena Erroneous Project Posting</Name>
  <ID>4af910f6-d570-444c-a8e9-b40c0d00fd7a</ID>
  <WebUrl>page/ProjectTransactionPostings/ProjectPostingsAnalysis?contexts=Company:$COMPANY$&amp;$filter=(PrjrepPostingStatus eq IfsApp.ProjectTransactionPostingsHandling.PrjrepPostingStatus'Error')</WebUrl>
  <PassDataToForm>false</PassDataToForm>
  <FormMappings />
  <DataSourceId>368586d1-eaad-4ae4-8eb4-fd41f247c2c4</DataSourceId>
  <ColumnMapping>
    <MappedColumns>
      <MappedColumn>
        <Column>COUNT(project_transaction_seq)</Column>
        <ConditionalFormats />
      </MappedColumn>
    </MappedColumns>
  </ColumnMapping>
</Counter>