﻿<List>
  <Author>IFS RnD</Author>
  <CopiedFrom>b7798a07-eca8-457a-ba69-8aca00ade620</CopiedFrom>
  <LastModified>2019-08-29-12.07.50</LastModified>
  <Locked>true</Locked>
  <ColumnSpan>2</ColumnSpan>
  <Title>DEPRECIATION PROPOSALS</Title>
  <ClientTypes>Web</ClientTypes>
  <Background>#FFFFFFFF</Background>
  <BackgroundOpacity>0.8</BackgroundOpacity>
  <Foreground>#FF4B4A4D</Foreground>
  <Name>FI Aurena Depreciation Proposals - Created, Authorized</Name>
  <ID>9d312850-bdee-4634-9213-7b30fbb77c03</ID>
  <WebUrl>page/DepreciationProposal/Form?contexts=Company:$COMPANY$&amp;$filter=(Objstate eq IfsApp.DepreciationProposalHandling.DeprProposalState'Created' or Objstate eq IfsApp.DepreciationProposalHandling.DeprProposalState'Authorized' and ProposalId eq $[proposal_id])</WebUrl>
  <PassDataToForm>false</PassDataToForm>
  <FormMappings />
  <DataSourceId>9c08e98e-b657-4524-a80e-c0b1465e7429</DataSourceId>
  <ColumnMapping>
    <MappedColumns>
      <MappedColumn>
        <Column>proposal_id</Column>
        <Name>Proposal ID</Name>
        <DisplayName>Proposal ID</DisplayName>
        <NavigateTarget>proposal_id</NavigateTarget>
        <ConditionalFormats />
      </MappedColumn>
      <MappedColumn>
        <Column>state</Column>
        <Name>State</Name>
        <DisplayName>Status</DisplayName>
        <Width>15</Width>
        <IsNavigateParam>false</IsNavigateParam>
        <NavigateTarget>state</NavigateTarget>
        <ConditionalFormats />
      </MappedColumn>
      <MappedColumn>
        <Column>creation_date</Column>
        <Name>Creation Date</Name>
        <DisplayName>Creation Date</DisplayName>
        <IsNavigateParam>false</IsNavigateParam>
        <NavigateTarget>creation_date</NavigateTarget>
        <ConditionalFormats />
      </MappedColumn>
    </MappedColumns>
    <ShowColumnHeaders>true</ShowColumnHeaders>
  </ColumnMapping>
</List>