﻿<List>
  <Author>IFS RnD</Author>
  <CopiedFrom>5eaa69b1-68c3-40f7-a736-8abaa210bad4</CopiedFrom>
  <LastModified>2019-08-29-12.09.21</LastModified>
  <Locked>true</Locked>
  <ColumnSpan>2</ColumnSpan>
  <Title>PRELIMINARY ACCOUNT MATCHING</Title>
  <ClientTypes>Web</ClientTypes>
  <BackgroundOpacity>0.8</BackgroundOpacity>
  <Name>FI Aurena Preliminary Account Matching</Name>
  <ID>77556d6a-7408-4672-8e72-ba35e45113c1</ID>
  <WebUrl>assistant/AccountMatching/Assistant?contexts=Company:$COMPANY$&amp;$filter=(MatchingNo startswith(FactId%2C%27PR%27) and SimulationVoucher eq 'false')</WebUrl>
  <PassDataToForm>false</PassDataToForm>
  <FormMappings />
  <DataSourceId>e7b7fbbd-5378-4626-8d09-0490b7959c7f</DataSourceId>
  <ColumnMapping>
    <MappedColumns>
      <MappedColumn>
        <Column>account</Column>
        <Name>Account</Name>
        <DisplayName>Account</DisplayName>
        <NavigateTarget>account</NavigateTarget>
        <ConditionalFormats />
      </MappedColumn>
      <MappedColumn>
        <Column>matching_no</Column>
        <Name>Matching No</Name>
        <DisplayName>Matching No</DisplayName>
        <IsNavigateParam>false</IsNavigateParam>
        <NavigateTarget>matching_no</NavigateTarget>
        <ConditionalFormats />
      </MappedColumn>
      <MappedColumn>
        <Column>SUM(amount)</Column>
        <Name>Amount</Name>
        <DisplayName>Amount</DisplayName>
        <IsNavigateParam>false</IsNavigateParam>
        <NavigateTarget>SUM(amount)</NavigateTarget>
        <ConditionalFormats />
      </MappedColumn>
    </MappedColumns>
    <ShowColumnHeaders>true</ShowColumnHeaders>
  </ColumnMapping>
</List>