﻿<List>
  <Author>IFS RnD</Author>
  <CopiedFrom>3def07a1-4b48-48ac-be6a-ee11e2e54884</CopiedFrom>
  <LastModified>2019-08-29-12.08.10</LastModified>
  <Locked>true</Locked>
  <ColumnSpan>4</ColumnSpan>
  <Title>CASHFLOW ANALYSIS - COMPLETE VIEW</Title>
  <ClientTypes>Web</ClientTypes>
  <Background>#FF4B4A4D</Background>
  <BackgroundOpacity>0.8</BackgroundOpacity>
  <Name>FI Aurena Cashflow Analysis - All</Name>
  <ID>a42bca2e-0361-484f-a514-2170d9a50334</ID>
  <FormMappings />
  <DataSourceId>582b2027-03c6-4f68-8790-177726604ae7</DataSourceId>
  <ColumnMapping>
    <MappedColumns>
      <MappedColumn>
        <Column>source_id</Column>
        <Name>Source ID</Name>
        <DisplayName>Source ID</DisplayName>
        <Width>30</Width>
        <NavigateTarget>source_id</NavigateTarget>
        <ConditionalFormats />
      </MappedColumn>
      <MappedColumn>
        <Column>&amp;AO.Cfa_Analyse_Temp_Api.Get_Total_Acc_Curr_Amount('$COMPANY$', '$CASH_FLOW_ANALYSIS_ID$', source_id, 'In', trunc(SYSDATE))</Column>
        <Name>Inflow</Name>
        <DisplayName>Inflow</DisplayName>
        <Width>15</Width>
        <IsNavigateParam>false</IsNavigateParam>
        <NavigateTarget>&amp;AO.Cfa_Analyse_Temp_Api.Get_Total_Acc_Curr_Amount('$COMPANY$', '$CASH_FLOW_ANALYSIS_ID$', source_id, 'In', trunc(SYSDATE))</NavigateTarget>
        <ConditionalFormats />
      </MappedColumn>
      <MappedColumn>
        <Column>(&amp;AO.Cfa_Analyse_Temp_Api.Get_Total_Acc_Curr_Amount('$COMPANY$', '$CASH_FLOW_ANALYSIS_ID$', source_id, 'Out', trunc(SYSDATE)) ) * (-1)</Column>
        <Name>Outflow</Name>
        <DisplayName>Outflow</DisplayName>
        <Width>15</Width>
        <IsNavigateParam>false</IsNavigateParam>
        <NavigateTarget>(&amp;AO.Cfa_Analyse_Temp_Api.Get_Total_Acc_Curr_Amount('$COMPANY$', '$CASH_FLOW_ANALYSIS_ID$', source_id, 'Out', trunc(SYSDATE)) ) * (-1)</NavigateTarget>
        <ConditionalFormats />
      </MappedColumn>
      <MappedColumn>
        <Column>&amp;AO.Cfa_Analyse_Temp_Api.Get_Total_Acc_Curr_Amount('$COMPANY$', '$CASH_FLOW_ANALYSIS_ID$', source_id, 'In', trunc(SYSDATE)) + &amp;AO.Cfa_Analyse_Temp_Api.Get_Total_Acc_Curr_Amount('$COMPANY$', '$CASH_FLOW_ANALYSIS_ID$', source_id, 'Out', trunc(SYSDATE))</Column>
        <Name>Net Cashflow</Name>
        <DisplayName>Net Cashflow</DisplayName>
        <IsNavigateParam>false</IsNavigateParam>
        <NavigateTarget>&amp;AO.Cfa_Analyse_Temp_Api.Get_Total_Acc_Curr_Amount('$COMPANY$', '$CASH_FLOW_ANALYSIS_ID$', source_id, 'In', trunc(SYSDATE)) + &amp;AO.Cfa_Analyse_Temp_Api.Get_Total_Acc_Curr_Amount('$COMPANY$', '$CASH_FLOW_ANALYSIS_ID$', source_id, 'Out', trunc(SYSDATE))</NavigateTarget>
        <ConditionalFormats />
      </MappedColumn>
      <MappedColumn>
        <Column>&amp;AO.Cfa_Analyse_Source_Api.Get_Generation_Date('$COMPANY$', '$CASH_FLOW_ANALYSIS_ID$', source_id)</Column>
        <Name>Generation Date</Name>
        <DisplayName>Generation Date</DisplayName>
        <IsNavigateParam>false</IsNavigateParam>
        <NavigateTarget>&amp;AO.Cfa_Analyse_Source_Api.Get_Generation_Date('$COMPANY$', '$CASH_FLOW_ANALYSIS_ID$', source_id)</NavigateTarget>
        <ConditionalFormats />
      </MappedColumn>
    </MappedColumns>
    <ShowColumnHeaders>true</ShowColumnHeaders>
  </ColumnMapping>
</List>