﻿<Counter>
  <Author>IFS RnD</Author>
  <CopiedFrom>f826fe62-4760-416d-a3bd-337a7510a6ff</CopiedFrom>
  <LastModified>2019-08-29-16.35.30</LastModified>
  <Locked>true</Locked>
  <Title>VALUE OF ORDERS DELIVERED NOT INVOICED</Title>
  <ClientTypes>Web</ClientTypes>
  <BackgroundOpacity>0.8</BackgroundOpacity>
  <Name>FI Aurena Orders Delivered Not Invoiced, Amount</Name>
  <ID>bd53fe12-aaa1-482a-b198-7f200a52dfe5</ID>
  <WebUrl>page/CustomerOrderLines/List?contexts=Company:$COMPANY$&amp;$filter=Objstate eq IfsApp.CustomerOrderLinesHandling.CustomerOrderJoinState'Delivered'</WebUrl>
  <PassDataToForm>false</PassDataToForm>
  <FormMappings />
  <DataSourceId>ff43b258-fa0d-4df2-bee1-3d8436bc5f4a</DataSourceId>
  <ColumnMapping>
    <MappedColumns>
      <MappedColumn>
        <Column>SUM(&amp;AO.Customer_Order_Line_Api.Get_Sale_Price_Incl_Tax_Total(order_no, line_no, rel_no, line_item_no))</Column>
        <ConditionalFormats />
      </MappedColumn>
    </MappedColumns>
  </ColumnMapping>
</Counter>