﻿<SQLDataSource>
  <Author>IFS RnD</Author>
  <CopiedFrom>f4f86478-77ec-43d6-9804-2fe01d713282</CopiedFrom>
  <LastModified>2020-03-25-10.38.05</LastModified>
  <Locked>true</Locked>
  <Name>FI Erroneous Maintenance Posting</Name>
  <ID>10d54941-6b27-4c4d-ab62-7ddb84ff36f4</ID>
  <Select>
    <DataColumn>
      <Column>COUNT(transaction_id)</Column>
      <Name>Count</Name>
      <DataType>Number</DataType>
    </DataColumn>
  </Select>
  <Where>company = '$COMPANY$' AND objstate = 'Error' </Where>
  <View>JT_TASK_POSTING_ANALYSIS</View>
</SQLDataSource>