﻿<List>
  <Author>IFS RnD</Author>
  <CopiedFrom>94c91fc6-6418-40e7-b429-50406cb3cae1</CopiedFrom>
  <LastModified>2019-08-29-12.09.52</LastModified>
  <Locked>true</Locked>
  <ColumnSpan>2</ColumnSpan>
  <Title>TAX ACCOUNT BALANCES</Title>
  <ClientTypes>Web</ClientTypes>
  <BackgroundOpacity>0.8</BackgroundOpacity>
  <Name>FI Aurena Tax Account Balnces</Name>
  <ID>a1eca446-e425-4844-b62e-b288ef3b3d98</ID>
  <WebUrl>page/BalancePerTaxAccountAnalysis/List?contexts=Company:$COMPANY$&amp;$filter=Account eq $[account]</WebUrl>
  <PassDataToForm>false</PassDataToForm>
  <FormMappings />
  <DataSourceId>65b862b4-bc8e-4269-be44-2b04fbcbd16f</DataSourceId>
  <ColumnMapping>
    <MappedColumns>
      <MappedColumn>
        <Column>account</Column>
        <Name>Account</Name>
        <DisplayName>Account</DisplayName>
        <NavigateTarget>account</NavigateTarget>
        <ConditionalFormats />
      </MappedColumn>
      <MappedColumn>
        <Column>&amp;AO.Account_API.Get_Description(company, account)</Column>
        <Name>Description</Name>
        <DisplayName>Description</DisplayName>
        <IsNavigateParam>false</IsNavigateParam>
        <NavigateTarget>&amp;AO.Account_API.Get_Description(company, account)</NavigateTarget>
        <ConditionalFormats />
      </MappedColumn>
      <MappedColumn>
        <Column>SUM(tax_amount)</Column>
        <Name>Total Tax Amount</Name>
        <DisplayName>Amount</DisplayName>
        <IsNavigateParam>false</IsNavigateParam>
        <NavigateTarget>SUM(tax_amount)</NavigateTarget>
        <ConditionalFormats />
      </MappedColumn>
    </MappedColumns>
    <ShowColumnHeaders>true</ShowColumnHeaders>
  </ColumnMapping>
</List>