﻿<Text>
  <Author>IFS RnD</Author>
  <CopiedFrom>ab193803-ac01-4d70-873a-2e168fdb1970</CopiedFrom>
  <Keywords>regulatory reporting, general accounting</Keywords>
  <DescriptiveText>This is a manually entered text element</DescriptiveText>
  <LastModified>2019-08-29-12.09.30</LastModified>
  <Locked>true</Locked>
  <ColumnSpan>2</ColumnSpan>
  <Title>REPORTING</Title>
  <ClientTypes>Web</ClientTypes>
  <BackgroundOpacity>0.8</BackgroundOpacity>
  <ImageOpacity>0.1</ImageOpacity>
  <Name>FI Aurena Regulatory Reporting, GA</Name>
  <ID>8b8c9046-9d64-4357-9386-fbc22a606eda</ID>
  <FormMappings />
  <BodyText>
Payment Booking, 29th May       
Period Close, 03rd June 
Tax Claim, 10th June   </BodyText>
  <FontSize>13</FontSize>
</Text>