﻿<SQLDataSource>
  <Author>IFS RnD</Author>
  <LastModified>2015-08-24-11.16.48</LastModified>
  <Locked>true</Locked>
  <Name>FI Depreciation Proposals - Created, Authorized</Name>
  <ID>9c08e98e-b657-4524-a80e-c0b1465e7429</ID>
  <Select>
    <DataColumn>
      <Column>proposal_id</Column>
      <Name>Proposal ID</Name>
    </DataColumn>
    <DataColumn>
      <Column>description</Column>
      <Name>Description</Name>
    </DataColumn>
    <DataColumn>
      <Column>state</Column>
      <Name>State</Name>
    </DataColumn>
    <DataColumn>
      <Column>creation_date</Column>
      <Name>Creation Date</Name>
      <DataType>Date</DataType>
    </DataColumn>
  </Select>
  <Where>company = '$COMPANY$' AND objstate IN ('Created', 'Authorized')</Where>
  <View>DEPR_PROPOSAL</View>
  <OrderBy>proposal_id DESC</OrderBy>
</SQLDataSource>