﻿<Counter>
  <Author>IFS RnD</Author>
  <CopiedFrom>5c51b48b-3c4f-42a0-b608-5c9dcc533995</CopiedFrom>
  <LastModified>2019-08-29-12.05.09</LastModified>
  <Locked>true</Locked>
  <Title>VOUCHERS TO UPDATE</Title>
  <ClientTypes>Web</ClientTypes>
  <BackgroundOpacity>0.8</BackgroundOpacity>
  <Name>FI Aurena Not Updated Vouchers - All</Name>
  <ID>ded4c9d9-b394-4c94-85f9-b91e2819e098</ID>
  <WebUrl>page/VouchersAnalysis/List?contexts=Company:$COMPANY$</WebUrl>
  <PassDataToForm>false</PassDataToForm>
  <FormMappings />
  <DataSourceId>8ab8891d-0cea-47c7-b99f-4401ceb823a4</DataSourceId>
  <ColumnMapping>
    <MappedColumns>
      <MappedColumn>
        <Column>COUNT(voucher_no)</Column>
        <ConditionalFormats />
      </MappedColumn>
    </MappedColumns>
  </ColumnMapping>
</Counter>