﻿<Counter>
  <Author>IFS RnD</Author>
  <CopiedFrom>cd42cf8c-9adb-4092-8d70-7cb38506cc1e</CopiedFrom>
  <LastModified>2019-08-29-16.37.22</LastModified>
  <Locked>true</Locked>
  <Title>NO OF ORDERS DELIVERED NOT INVOICED</Title>
  <ClientTypes>Web</ClientTypes>
  <BackgroundOpacity>0.8</BackgroundOpacity>
  <Name>FI Aurena Orders Delivered Not Invoiced</Name>
  <ID>84f7c973-93df-4ae4-b9cb-74479a4f444f</ID>
  <WebUrl>page/CustomerOrderLines/List?contexts=Company:$COMPANY$&amp;$filter=Objstate eq IfsApp.CustomerOrderLinesHandling.CustomerOrderJoinState'Delivered'</WebUrl>
  <PassDataToForm>false</PassDataToForm>
  <FormMappings />
  <DataSourceId>b388cbfe-0a98-4194-9658-5b9c7024bb0a</DataSourceId>
  <ColumnMapping>
    <MappedColumns>
      <MappedColumn>
        <Column>COUNT(distinct(order_no))</Column>
        <ConditionalFormats />
      </MappedColumn>
    </MappedColumns>
  </ColumnMapping>
</Counter>