﻿<SQLDataSource>
  <Author>IFS RnD</Author>
  <LastModified>2015-08-24-11.21.18</LastModified>
  <Locked>true</Locked>
  <Name>FI Tax Proposals in Progress</Name>
  <ID>01ad632f-cb7a-47a8-996a-7d076a27df45</ID>
  <Select>
    <DataColumn>
      <Column>proposal_id</Column>
      <Name>Proposal Id</Name>
    </DataColumn>
    <DataColumn>
      <Column>tax_report_no</Column>
      <Name>Tax Report No</Name>
    </DataColumn>
    <DataColumn>
      <Column>state</Column>
      <Name>State</Name>
    </DataColumn>
  </Select>
  <Where>company = '$COMPANY$' AND objstate IN ('Created', 'Acknowledged')</Where>
  <View>TAX_PROPOSAL</View>
  <OrderBy>PROPOSAL_ID DESC</OrderBy>
</SQLDataSource>