﻿<Counter>
  <Author>IFS RnD</Author>
  <CopiedFrom>fbd70c92-0b27-4c21-a9f0-5de29d7b5944</CopiedFrom>
  <LastModified>2020-03-23-17.35.49</LastModified>
  <Locked>true</Locked>
  <Title>MAINTENANCE TRANSACTIONS</Title>
  <ClientTypes>Web</ClientTypes>
  <Footer>erroneous postings</Footer>
  <BackgroundOpacity>0.8</BackgroundOpacity>
  <Name>FI Aurena Erroneous Maintenance Posting</Name>
  <ID>0be9df3d-2bc6-4a24-987f-adc7be4f98c2</ID>
  <WebUrl>page/WorkTaskPostingAnalysis/List?contexts=Company:$COMPANY$&amp;$filter=(LineSeqRef/Objstate eq IfsApp.WorkTaskPostingAnalysisHandling.JtTaskAccountingState'Error')</WebUrl>
  <PassDataToForm>false</PassDataToForm>
  <FormMappings />
  <DataSourceId>10d54941-6b27-4c4d-ab62-7ddb84ff36f4</DataSourceId>
  <ColumnMapping>
    <MappedColumns>
      <MappedColumn>
        <Column>COUNT(transaction_id)</Column>
        <ConditionalFormats />
      </MappedColumn>
    </MappedColumns>
  </ColumnMapping>
</Counter>