﻿<Text>
  <Author>IFS RnD</Author>
  <CopiedFrom>cc3453be-1c92-4144-b00d-85823f63453b</CopiedFrom>
  <LastModified>2020-03-24-18.11.42</LastModified>
  <Locked>true</Locked>
  <Title>ACCOUNTS PAYABLE LOBBY</Title>
  <ClientTypes>Web</ClientTypes>
  <Background>#FF006996</Background>
  <Name>FI Aurena Link to Accounts Payable Lobby</Name>
  <ID>43e27566-837c-4d2c-8759-d69707f85891</ID>
  <WebUrl>lobby/f356b6ba-cb20-4de2-9f6e-163b45648f94</WebUrl>
  <PassDataToForm>false</PassDataToForm>
  <FormMappings />
  <BodyText>

View...</BodyText>
  <FontSize>13</FontSize>
  <HorizontalAlignment>Center</HorizontalAlignment>
</Text>