﻿<Image>
  <Author>IFS RnD</Author>
  <CopiedFrom>44656795-300a-4569-82c0-f67ca93dc6bd</CopiedFrom>
  <LastModified>2019-08-29-12.08.46</LastModified>
  <Locked>true</Locked>
  <ColumnSpan>2</ColumnSpan>
  <Title>FI Aurena Image 2 GA</Title>
  <TitleVisible>false</TitleVisible>
  <ClientTypes>Web</ClientTypes>
  <Background>#00FFFFFF</Background>
  <Image>local:Element/element_backdrop_46.jpg</Image>
  <Name>FI Aurena Image 2 GA</Name>
  <ID>e3ff5854-f1ef-4c18-9719-255a29c48600</ID>
  <FormMappings />
</Image>