﻿<List>
  <Author>IFS RnD</Author>
  <CopiedFrom>0f7126ad-224d-42dd-980c-17d3023fd211</CopiedFrom>
  <DescriptiveText>Indicate transfer transactions - General Accounting</DescriptiveText>
  <LastModified>2019-08-29-12.08.57</LastModified>
  <Locked>true</Locked>
  <ColumnSpan>2</ColumnSpan>
  <Title>PENDING TRANSFERS</Title>
  <ClientTypes>Web</ClientTypes>
  <Background>#FFFFFFFF</Background>
  <BackgroundOpacity>0.8</BackgroundOpacity>
  <Foreground>#FF4B4A4D</Foreground>
  <Name>FI Aurena All Transactions Waiting in Distribution/Man</Name>
  <ID>e4532f24-3ae8-45ad-a284-01902618970a</ID>
  <FormMappings />
  <DataSourceId>e8590239-bde5-4990-9eaf-704d13d5c86a</DataSourceId>
  <ColumnMapping>
    <MappedColumns>
      <MappedColumn>
        <Column>ext_trans_type</Column>
        <Name>Type</Name>
        <DisplayName>Type</DisplayName>
        <Width>40</Width>
        <NavigateTarget>ext_trans_type</NavigateTarget>
        <ConditionalFormats />
      </MappedColumn>
      <MappedColumn>
        <Column>&amp;AO.Acc_Period_Close_Util_API.Get_Not_Transferred_Count_('$COMPANY$', ext_trans_type_db)</Column>
        <Name>Count</Name>
        <DisplayName>Count</DisplayName>
        <IsNavigateParam>false</IsNavigateParam>
        <NavigateTarget>&amp;AO.Acc_Period_Close_Util_API.Get_Not_Transferred_Count_('$COMPANY$', ext_trans_type_db)</NavigateTarget>
        <ConditionalFormats />
      </MappedColumn>
      <MappedColumn>
        <Column>ICON_COLUMN1</Column>
        <Name>Icon 1</Name>
        <Width>10</Width>
        <ConditionalFormats>
          <ConditionalFormatting>
            <ColumnName>&amp;AO.Acc_Period_Close_Util_API.Get_Not_Transferred_Count_('$COMPANY$', ext_trans_type_db)</ColumnName>
            <Value>0</Value>
            <Foreground>#FF4B4A4D</Foreground>
            <Icon>Icon09</Icon>
            <IconColor>#FF369B30</IconColor>
          </ConditionalFormatting>
          <ConditionalFormatting>
            <ColumnName>&amp;AO.Acc_Period_Close_Util_API.Get_Not_Transferred_Count_('$COMPANY$', ext_trans_type_db)</ColumnName>
            <Value>0</Value>
            <Foreground>#FF4B4A4D</Foreground>
            <Comparer>GREATER</Comparer>
            <Icon>Icon09</Icon>
            <IconColor>#FFE53527</IconColor>
          </ConditionalFormatting>
        </ConditionalFormats>
      </MappedColumn>
    </MappedColumns>
    <ShowColumnHeaders>true</ShowColumnHeaders>
  </ColumnMapping>
</List>