﻿<Counter>
  <Author>IFS RnD</Author>
  <CopiedFrom>1e4e5305-70e7-4527-a298-187679f96579</CopiedFrom>
  <DescriptiveText>Customer Invoice Write-off at payment</DescriptiveText>
  <LastModified>2019-08-29-12.07.21</LastModified>
  <Locked>true</Locked>
  <Title>PAYMENT WRITE-OFF</Title>
  <ClientTypes>Web</ClientTypes>
  <BackgroundOpacity>0.8</BackgroundOpacity>
  <Name>FI Aurena Customer Write-off Total</Name>
  <ID>64932ea6-298c-485f-bd05-edba8061f713</ID>
  <FormMappings />
  <DataSourceId>e12787df-65bc-414c-b8a7-a4ae7d3b2c4a</DataSourceId>
  <ColumnMapping>
    <MappedColumns>
      <MappedColumn>
        <Column>NVL(SUM(amount), 0)</Column>
        <ConditionalFormats />
      </MappedColumn>
    </MappedColumns>
  </ColumnMapping>
  <DecimalPlaces>2</DecimalPlaces>
  <RoundValue>true</RoundValue>
</Counter>