﻿<Counter>
  <Author>IFS RnD</Author>
  <CopiedFrom>e6c8619b-eb0d-4225-8945-10b9ba865a4b</CopiedFrom>
  <LastModified>2019-08-29-12.05.00</LastModified>
  <Locked>true</Locked>
  <Title>VOUCHERS TO APPROVE</Title>
  <ClientTypes>Web</ClientTypes>
  <BackgroundOpacity>0.8</BackgroundOpacity>
  <Name>FI Aurena Manual Vouchers to Approve</Name>
  <ID>1e38f172-8ff4-4045-bffd-99a76e8a013f</ID>
  <WebUrl>page/ApproveVouchers/List?contexts=Company:$COMPANY$&amp;$filter=(Objstate eq IfsApp.ApproveVouchersHandling.VoucherState'Waiting' or Objstate eq IfsApp.ApproveVouchersHandling.VoucherState'AwaitingApproval')</WebUrl>
  <PassDataToForm>false</PassDataToForm>
  <FormMappings />
  <DataSourceId>fc91fdaf-f65c-4cee-910f-080b0b2a1b74</DataSourceId>
  <ColumnMapping>
    <MappedColumns>
      <MappedColumn>
        <Column>COUNT(voucher_no)</Column>
        <ConditionalFormats />
      </MappedColumn>
    </MappedColumns>
  </ColumnMapping>
</Counter>