<?xml version="1.0"?>
<APPLICATION_CONFIGURATION>
  <EXPORT_DEF_VERSION>1</EXPORT_DEF_VERSION>
  <PACKAGE_ID>CA1137A955EB485A8FBF5FC0EEEB15DD</PACKAGE_ID>
  <NAME>EA_SERVICES</NAME>
  <DESCRIPTION>This package contains 
-2 events which would update the order type on the work order and the work task when the work order is created.
- a custom field on the Work Type Basic Data Window</DESCRIPTION>
  <AUTHOR>Tunstall Group Holdings Limited</AUTHOR>
  <VERSION>V1</VERSION>
  <VERSION_TIME_STAMP>2021-05-18-02.41.51</VERSION_TIME_STAMP>
  <ORIGIN>TUGRREF-307544-MC-TUGRREF-APPS10</ORIGIN>
  <LAST_MODIFIED_DATE>2021-05-18-02.40.25</LAST_MODIFIED_DATE>
  <ITEMS>
    <ITEMS_ROW>
      <NAME>Order Type</NAME>
      <TYPE>CF_PERSISTENT</TYPE>
      <DESCRIPTION>EA-C649</DESCRIPTION>
      <FILENAME>CustomFieldPersistent-WorkType-ORDER_TYPE.xml</FILENAME>
    </ITEMS_ROW>
    <ITEMS_ROW>
      <NAME>FETCH_ORDER_TYPE_WO</NAME>
      <TYPE>CUSTOM_EVENT</TYPE>
      <DESCRIPTION>EA -649. This event is to fetch the order type based on the work type  </DESCRIPTION>
      <FILENAME>CustomEvent-ActiveSeparate-FETCH_ORDER_TYPE_WO.xml</FILENAME>
    </ITEMS_ROW>
    <ITEMS_ROW>
      <NAME>0^FETCH_ORDER_TYPE_WO^ActiveSeparate</NAME>
      <TYPE>CUSTOM_EVENT_ACTION</TYPE>
      <DESCRIPTION>This event is to fetch the order type based on the work type </DESCRIPTION>
      <FILENAME>CustomEventAction-ActiveSeparate-FETCH_ORDER_TYPE_WO-0-EXECUTEONLINESQL.xml</FILENAME>
    </ITEMS_ROW>
    <ITEMS_ROW>
      <NAME>FETCH_ORDER_TYPE_WT</NAME>
      <TYPE>CUSTOM_EVENT</TYPE>
      <DESCRIPTION>To fetch the order type for tasks based on the work type or service contract</DESCRIPTION>
      <FILENAME>CustomEvent-ActiveSeparate-FETCH_ORDER_TYPE_WT.xml</FILENAME>
    </ITEMS_ROW>
    <ITEMS_ROW>
      <NAME>0^FETCH_ORDER_TYPE_WT^ActiveSeparate</NAME>
      <TYPE>CUSTOM_EVENT_ACTION</TYPE>
      <DESCRIPTION>To fetch the order type for tasks based on the work type or service contract</DESCRIPTION>
      <FILENAME>CustomEventAction-ActiveSeparate-FETCH_ORDER_TYPE_WT-0-EXECUTEONLINESQL.xml</FILENAME>
    </ITEMS_ROW>
  </ITEMS>
  <ADDITIONAL_ITEMS>
    <ADDITIONAL_ITEM>
      <NAME>Views-WorkType</NAME>
      <TYPE>CF_VIEWS</TYPE>
      <DESCRIPTION>Views Files for WorkType</DESCRIPTION>
      <FILENAME>CustomFieldViews-WorkType.xml</FILENAME>
    </ADDITIONAL_ITEM>
  </ADDITIONAL_ITEMS>
</APPLICATION_CONFIGURATION>
