<?xml version="1.0"?>
<APPLICATION_CONFIGURATION>
  <EXPORT_DEF_VERSION>1</EXPORT_DEF_VERSION>
  <PACKAGE_ID>CA1137A955EB485A8FBF5FC0EEEB15DD</PACKAGE_ID>
  <NAME>EA_SERVICES</NAME>
  <DESCRIPTION>This package contains 
-2 events which would update the order type on the work order and the work task when the work order is created.
- a custom field on the Work Type Basic Data Window
- C177
- C649
- C446
- C706</DESCRIPTION>
  <AUTHOR>Tunstall Group Holdings Limited</AUTHOR>
  <VERSION/>
  <VERSION_TIME_STAMP>2021-08-04-04.42.37</VERSION_TIME_STAMP>
  <ORIGIN>TUGRPPR-307544-MC-TUGRPPR-APPS10</ORIGIN>
  <LAST_MODIFIED_DATE>2021-08-04-04.41.59</LAST_MODIFIED_DATE>
  <ITEMS>
    <ITEMS_ROW>
      <NAME>Original Contract Start Date</NAME>
      <TYPE>CF_PERSISTENT</TYPE>
      <DESCRIPTION>C0634-C0635</DESCRIPTION>
      <FILENAME>CustomFieldPersistent-ScServiceContract-CONTRACT_START_DATE.xml</FILENAME>
    </ITEMS_ROW>
    <ITEMS_ROW>
      <NAME>Order Type</NAME>
      <TYPE>CF_PERSISTENT</TYPE>
      <DESCRIPTION>EA-C649</DESCRIPTION>
      <FILENAME>CustomFieldPersistent-WorkType-ORDER_TYPE.xml</FILENAME>
    </ITEMS_ROW>
    <ITEMS_ROW>
      <NAME>1^TO_EDIT_LOCATION_ID^EquipmentSerial</NAME>
      <TYPE>CUSTOM_EVENT_ACTION</TYPE>
      <DESCRIPTION>EA 446</DESCRIPTION>
      <FILENAME>CustomEventAction-EquipmentSerial-TO_EDIT_LOCATION_ID-1-EXECUTEONLINESQL.xml</FILENAME>
    </ITEMS_ROW>
    <ITEMS_ROW>
      <NAME>FETCH_ORDER_TYPE_WO</NAME>
      <TYPE>CUSTOM_EVENT</TYPE>
      <DESCRIPTION>EA -649. This event is to fetch the order type based on the work type  </DESCRIPTION>
      <FILENAME>CustomEvent-ActiveSeparate-FETCH_ORDER_TYPE_WO.xml</FILENAME>
    </ITEMS_ROW>
    <ITEMS_ROW>
      <NAME>0^CONNECT_SUSBCRIPTION_OBJ^CustomerOrderLine</NAME>
      <TYPE>CUSTOM_EVENT_ACTION</TYPE>
      <DESCRIPTION>This event is to connect susbcription objects to the parent Object C446.</DESCRIPTION>
      <FILENAME>CustomEventAction-CustomerOrderLine-CONNECT_SUSBCRIPTION_OBJ-0-EXECUTEONLINESQL.xml</FILENAME>
    </ITEMS_ROW>
    <ITEMS_ROW>
      <NAME>Load parts to object</NAME>
      <TYPE>CUSTOM_MENU</TYPE>
      <DESCRIPTION>Load parts to object</DESCRIPTION>
      <FILENAME>CustomMenu-frmCustomerOrder_Ext-682641.xml</FILENAME>
    </ITEMS_ROW>
    <ITEMS_ROW>
      <NAME>0^TO_EDIT_LOCATION_ID^EquipmentSerial</NAME>
      <TYPE>CUSTOM_EVENT_ACTION</TYPE>
      <DESCRIPTION>EA 446</DESCRIPTION>
      <FILENAME>CustomEventAction-EquipmentSerial-TO_EDIT_LOCATION_ID-0-EXECUTEONLINESQL.xml</FILENAME>
    </ITEMS_ROW>
    <ITEMS_ROW>
      <NAME>0^TO_EDIT_FUNCTIONAL_LOC_ID^EquipmentFunctional</NAME>
      <TYPE>CUSTOM_EVENT_ACTION</TYPE>
      <DESCRIPTION>EA - C446.This event is to set the location IDs of the functional equipment objects created by Load to Parts RMB in the Customer Order Line Window. </DESCRIPTION>
      <FILENAME>CustomEventAction-EquipmentFunctional-TO_EDIT_FUNCTIONAL_LOC_ID-0-EXECUTEONLINESQL.xml</FILENAME>
    </ITEMS_ROW>
    <ITEMS_ROW>
      <NAME>Create Functional Objects</NAME>
      <TYPE>CUSTOM_MENU</TYPE>
      <DESCRIPTION>C0177</DESCRIPTION>
      <FILENAME>CustomMenu-tbwSubProject-101890.xml</FILENAME>
    </ITEMS_ROW>
    <ITEMS_ROW>
      <NAME>1^TO_EDIT_FUNCTIONAL_LOC_ID^EquipmentFunctional</NAME>
      <TYPE>CUSTOM_EVENT_ACTION</TYPE>
      <DESCRIPTION>EA - C446.This event is to set the location IDs of the functional equipment objects created by Load to Parts RMB in the Customer Order Line Window. </DESCRIPTION>
      <FILENAME>CustomEventAction-EquipmentFunctional-TO_EDIT_FUNCTIONAL_LOC_ID-1-EXECUTEONLINESQL.xml</FILENAME>
    </ITEMS_ROW>
    <ITEMS_ROW>
      <NAME>SET_LOCATION_ID</NAME>
      <TYPE>CUSTOM_EVENT</TYPE>
      <DESCRIPTION>EA - C446.This event is to set the location IDs of the equipment objects created by Load to Parts RMB in the Customer Order Line Window. </DESCRIPTION>
      <FILENAME>CustomEvent-CustomerOrderLine-SET_LOCATION_ID.xml</FILENAME>
    </ITEMS_ROW>
    <ITEMS_ROW>
      <NAME>Next Object Id</NAME>
      <TYPE>CF_READ_ONLY</TYPE>
      <DESCRIPTION>C706, EndDinusK</DESCRIPTION>
      <FILENAME>CustomFieldReadOnly-EquipmentFunctional-C_NEXT_OBJECT.xml</FILENAME>
    </ITEMS_ROW>
    <ITEMS_ROW>
      <NAME>0^SET_LOCATION_ID^CustomerOrderLine</NAME>
      <TYPE>CUSTOM_EVENT_ACTION</TYPE>
      <DESCRIPTION>EA - C446.This event is to set the location IDs of the equipment objects created by Load to Parts RMB in the Customer Order Line Window. </DESCRIPTION>
      <FILENAME>CustomEventAction-CustomerOrderLine-SET_LOCATION_ID-0-EXECUTEONLINESQL.xml</FILENAME>
    </ITEMS_ROW>
    <ITEMS_ROW>
      <NAME>Customer Order No</NAME>
      <TYPE>CF_PERSISTENT</TYPE>
      <DESCRIPTION>EA - C446</DESCRIPTION>
      <FILENAME>CustomFieldPersistent-EquipmentSerial-CUSTOMER_ORDER_NO.xml</FILENAME>
    </ITEMS_ROW>
    <ITEMS_ROW>
      <NAME>0^FETCH_ORDER_TYPE_WO^ActiveSeparate</NAME>
      <TYPE>CUSTOM_EVENT_ACTION</TYPE>
      <DESCRIPTION>This event is to fetch the order type based on the work type </DESCRIPTION>
      <FILENAME>CustomEventAction-ActiveSeparate-FETCH_ORDER_TYPE_WO-0-EXECUTEONLINESQL.xml</FILENAME>
    </ITEMS_ROW>
    <ITEMS_ROW>
      <NAME>FETCH_ORDER_TYPE_WT</NAME>
      <TYPE>CUSTOM_EVENT</TYPE>
      <DESCRIPTION>To fetch the order type for tasks based on the work type or service contract</DESCRIPTION>
      <FILENAME>CustomEvent-ActiveSeparate-FETCH_ORDER_TYPE_WT.xml</FILENAME>
    </ITEMS_ROW>
    <ITEMS_ROW>
      <NAME>Next Object Id</NAME>
      <TYPE>CF_READ_ONLY</TYPE>
      <DESCRIPTION>C706, EntDinusK</DESCRIPTION>
      <FILENAME>CustomFieldReadOnly-EquipmentObject-C_NEXT_OBJECT.xml</FILENAME>
    </ITEMS_ROW>
    <ITEMS_ROW>
      <NAME>Tunstall Access Details</NAME>
      <TYPE>CUSTOM_TAB</TYPE>
      <DESCRIPTION/>
      <FILENAME>CustomTab-frmWoFaultReportCustOrderTab.picTab-cpgContactDetail.xml</FILENAME>
    </ITEMS_ROW>
    <ITEMS_ROW>
      <NAME>TO_EDIT_LOCATION_ID</NAME>
      <TYPE>CUSTOM_EVENT</TYPE>
      <DESCRIPTION>EA - C446.This event is to set the location IDs of the equipment objects created by Load to Parts RMB in the Customer Order Line Window. </DESCRIPTION>
      <FILENAME>CustomEvent-EquipmentSerial-TO_EDIT_LOCATION_ID.xml</FILENAME>
    </ITEMS_ROW>
    <ITEMS_ROW>
      <NAME>1^SET_LOCATION_ID^CustomerOrderLine</NAME>
      <TYPE>CUSTOM_EVENT_ACTION</TYPE>
      <DESCRIPTION>EA - C446.This event is to set the location IDs of the equipment objects created by Load to Parts RMB in the Customer Order Line Window. </DESCRIPTION>
      <FILENAME>CustomEventAction-CustomerOrderLine-SET_LOCATION_ID-1-EXECUTEONLINESQL.xml</FILENAME>
    </ITEMS_ROW>
    <ITEMS_ROW>
      <NAME>TO_EDIT_FUNCTIONAL_LOC_ID</NAME>
      <TYPE>CUSTOM_EVENT</TYPE>
      <DESCRIPTION>EA - C446.This event is to set the location IDs of the functional equipment objects created by Load to Parts RMB in the Customer Order Line Window. </DESCRIPTION>
      <FILENAME>CustomEvent-EquipmentFunctional-TO_EDIT_FUNCTIONAL_LOC_ID.xml</FILENAME>
    </ITEMS_ROW>
    <ITEMS_ROW>
      <NAME>0^FETCH_ORDER_TYPE_WT^ActiveSeparate</NAME>
      <TYPE>CUSTOM_EVENT_ACTION</TYPE>
      <DESCRIPTION>To fetch the order type for tasks based on the work type or service contract</DESCRIPTION>
      <FILENAME>CustomEventAction-ActiveSeparate-FETCH_ORDER_TYPE_WT-0-EXECUTEONLINESQL.xml</FILENAME>
    </ITEMS_ROW>
    <ITEMS_ROW>
      <NAME>Object ID</NAME>
      <TYPE>CF_PERSISTENT</TYPE>
      <DESCRIPTION>EA - CRIM 446 </DESCRIPTION>
      <FILENAME>CustomFieldPersistent-CustomerOrderLine-OBJECT_ID.xml</FILENAME>
    </ITEMS_ROW>
    <ITEMS_ROW>
      <NAME>CONNECT_SUSBCRIPTION_OBJ</NAME>
      <TYPE>CUSTOM_EVENT</TYPE>
      <DESCRIPTION>EA - C446. This event is to connect susbcription objects to the parent Object.</DESCRIPTION>
      <FILENAME>CustomEvent-CustomerOrderLine-CONNECT_SUSBCRIPTION_OBJ.xml</FILENAME>
    </ITEMS_ROW>
    <ITEMS_ROW>
      <NAME>Object Created</NAME>
      <TYPE>CF_PERSISTENT</TYPE>
      <DESCRIPTION>EA - C446</DESCRIPTION>
      <FILENAME>CustomFieldPersistent-CustomerOrderLine-OBJECT_CREATED.xml</FILENAME>
    </ITEMS_ROW>
    <ITEMS_ROW>
      <NAME>1^CONNECT_SUSBCRIPTION_OBJ^CustomerOrderLine</NAME>
      <TYPE>CUSTOM_EVENT_ACTION</TYPE>
      <DESCRIPTION>This event is to connect susbcription objects to the parent Object C446.</DESCRIPTION>
      <FILENAME>CustomEventAction-CustomerOrderLine-CONNECT_SUSBCRIPTION_OBJ-1-EXECUTEONLINESQL.xml</FILENAME>
    </ITEMS_ROW>
  </ITEMS>
  <ADDITIONAL_ITEMS>
    <ADDITIONAL_ITEM>
      <NAME>Views-CustomerOrderLine</NAME>
      <TYPE>CF_VIEWS</TYPE>
      <DESCRIPTION>Views Files for CustomerOrderLine</DESCRIPTION>
      <FILENAME>CustomFieldViews-CustomerOrderLine.xml</FILENAME>
    </ADDITIONAL_ITEM>
    <ADDITIONAL_ITEM>
      <NAME>Views-EquipmentFunctional</NAME>
      <TYPE>CF_VIEWS</TYPE>
      <DESCRIPTION>Views Files for EquipmentFunctional</DESCRIPTION>
      <FILENAME>CustomFieldViews-EquipmentFunctional.xml</FILENAME>
    </ADDITIONAL_ITEM>
    <ADDITIONAL_ITEM>
      <NAME>Views-EquipmentObject</NAME>
      <TYPE>CF_VIEWS</TYPE>
      <DESCRIPTION>Views Files for EquipmentObject</DESCRIPTION>
      <FILENAME>CustomFieldViews-EquipmentObject.xml</FILENAME>
    </ADDITIONAL_ITEM>
    <ADDITIONAL_ITEM>
      <NAME>Views-EquipmentSerial</NAME>
      <TYPE>CF_VIEWS</TYPE>
      <DESCRIPTION>Views Files for EquipmentSerial</DESCRIPTION>
      <FILENAME>CustomFieldViews-EquipmentSerial.xml</FILENAME>
    </ADDITIONAL_ITEM>
    <ADDITIONAL_ITEM>
      <NAME>Views-ScServiceContract</NAME>
      <TYPE>CF_VIEWS</TYPE>
      <DESCRIPTION>Views Files for ScServiceContract</DESCRIPTION>
      <FILENAME>CustomFieldViews-ScServiceContract.xml</FILENAME>
    </ADDITIONAL_ITEM>
    <ADDITIONAL_ITEM>
      <NAME>Views-WorkType</NAME>
      <TYPE>CF_VIEWS</TYPE>
      <DESCRIPTION>Views Files for WorkType</DESCRIPTION>
      <FILENAME>CustomFieldViews-WorkType.xml</FILENAME>
    </ADDITIONAL_ITEM>
  </ADDITIONAL_ITEMS>
</APPLICATION_CONFIGURATION>
