<?xml version="1.0"?>
<CUSTOM_OBJECT>
  <NAME>Views -Equipment Object</NAME>
  <TYPE>CF_VIEWS</TYPE>
  <DESCRIPTION>Custom Field Views of Logical Unit Equipment Object</DESCRIPTION>
  <CUSTOM_FIELD_VIEWS EXPORT_DEF_VERSION="1">
    <LU>EquipmentObject</LU>
    <TABLE_NAME>EQUIPMENT_OBJECT_CFT</TABLE_NAME>
    <VIEW_NAME>EQUIPMENT_OBJECT_CFV</VIEW_NAME>
    <PACKAGE_NAME>EQUIPMENT_OBJECT_CFP</PACKAGE_NAME>
    <DEFINITION_MODIFIED_DATE>2021-01-21-13.58.11</DEFINITION_MODIFIED_DATE>
    <EXPORT_DATE>2021-08-19-09.54.11</EXPORT_DATE>
    <USED_DB>TRUE</USED_DB>
    <ROWKEY>99C9260F32904311A2F777ECF5A98F62</ROWKEY>
    <CUSTOM_FIELD_VIEW>
      <CUSTOM_FIELD_VIEW_ROW>
        <VIEW_NAME>COUNTRY_CODE_LOV</VIEW_NAME>
        <CF_VIEW_NAME>COUNTRY_CODE_LOV_CFV</CF_VIEW_NAME>
        <USED_DB>FALSE</USED_DB>
        <ROWKEY>46CC1B1BB6CD4E7B8F4B3CAA53EC12DD</ROWKEY>
      </CUSTOM_FIELD_VIEW_ROW>
      <CUSTOM_FIELD_VIEW_ROW>
        <VIEW_NAME>EQUIPMENT_ALL_LOV</VIEW_NAME>
        <CF_VIEW_NAME>EQUIPMENT_ALL_LOV_CFV</CF_VIEW_NAME>
        <USED_DB>FALSE</USED_DB>
        <ROWKEY>FBCA32362B2A493C87B023660EF355E9</ROWKEY>
      </CUSTOM_FIELD_VIEW_ROW>
      <CUSTOM_FIELD_VIEW_ROW>
        <VIEW_NAME>EQUIPMENT_ALL_OBJECT</VIEW_NAME>
        <CF_VIEW_NAME>EQUIPMENT_ALL_OBJECT_CFV</CF_VIEW_NAME>
        <USED_DB>TRUE</USED_DB>
        <ROWKEY>25D7960F73234E6FA8B20A88E6505FD6</ROWKEY>
      </CUSTOM_FIELD_VIEW_ROW>
      <CUSTOM_FIELD_VIEW_ROW>
        <VIEW_NAME>EQUIPMENT_ALL_OBJECT_CC_LOV</VIEW_NAME>
        <CF_VIEW_NAME>EQUIPMENT_ALL_OB1753292911_CFV</CF_VIEW_NAME>
        <USED_DB>FALSE</USED_DB>
        <ROWKEY>FF76BC5F47244AADA49BE67FE6C3ABE5</ROWKEY>
      </CUSTOM_FIELD_VIEW_ROW>
      <CUSTOM_FIELD_VIEW_ROW>
        <VIEW_NAME>EQUIPMENT_ALL_OBJECT_LOV</VIEW_NAME>
        <CF_VIEW_NAME>EQUIPMENT_ALL_OBJECT_LOV_CFV</CF_VIEW_NAME>
        <USED_DB>FALSE</USED_DB>
        <ROWKEY>41889306B88F4B0C95C3A0231E50E3F3</ROWKEY>
      </CUSTOM_FIELD_VIEW_ROW>
      <CUSTOM_FIELD_VIEW_ROW>
        <VIEW_NAME>EQUIPMENT_ALL_OBJECT_LOV1</VIEW_NAME>
        <CF_VIEW_NAME>EQUIPMENT_ALL_OBJECT_LOV1_CFV</CF_VIEW_NAME>
        <USED_DB>FALSE</USED_DB>
        <ROWKEY>D4AA7E11998B4333B67FC458AA8B01AC</ROWKEY>
      </CUSTOM_FIELD_VIEW_ROW>
      <CUSTOM_FIELD_VIEW_ROW>
        <VIEW_NAME>EQUIPMENT_ALL_OBJECT_NOTE</VIEW_NAME>
        <CF_VIEW_NAME>EQUIPMENT_ALL_OBJECT_NOTE_CFV</CF_VIEW_NAME>
        <USED_DB>FALSE</USED_DB>
        <ROWKEY>9AABADF0B6C64346877D66F75456A779</ROWKEY>
      </CUSTOM_FIELD_VIEW_ROW>
      <CUSTOM_FIELD_VIEW_ROW>
        <VIEW_NAME>EQUIPMENT_ALL_OBJECT_UIV</VIEW_NAME>
        <CF_VIEW_NAME>EQUIPMENT_ALL_OBJECT_UIV_CFV</CF_VIEW_NAME>
        <USED_DB>TRUE</USED_DB>
        <ROWKEY>8FAB70236BB84CFA85DA20FF5F01BAED</ROWKEY>
      </CUSTOM_FIELD_VIEW_ROW>
      <CUSTOM_FIELD_VIEW_ROW>
        <VIEW_NAME>EQUIPMENT_OBJECT_PUB</VIEW_NAME>
        <CF_VIEW_NAME>EQUIPMENT_OBJECT_PUB_CFV</CF_VIEW_NAME>
        <USED_DB>FALSE</USED_DB>
        <ROWKEY>92DBE12815324A85BD32395464A21BC9</ROWKEY>
      </CUSTOM_FIELD_VIEW_ROW>
      <CUSTOM_FIELD_VIEW_ROW>
        <VIEW_NAME>EQUIPMENT_OBJECT_STRUCT_REP</VIEW_NAME>
        <CF_VIEW_NAME>EQUIPMENT_OBJECT1317369842_CFV</CF_VIEW_NAME>
        <USED_DB>FALSE</USED_DB>
        <ROWKEY>E339372EC4B5450BAB80F17229C379D3</ROWKEY>
      </CUSTOM_FIELD_VIEW_ROW>
      <CUSTOM_FIELD_VIEW_ROW>
        <VIEW_NAME>EQUIPMENT_OBJECT_UIV</VIEW_NAME>
        <CF_VIEW_NAME>EQUIPMENT_OBJECT_UIV_CFV</CF_VIEW_NAME>
        <USED_DB>TRUE</USED_DB>
        <ROWKEY>299265DF53134EA4815250F655B2FF1E</ROWKEY>
      </CUSTOM_FIELD_VIEW_ROW>
      <CUSTOM_FIELD_VIEW_ROW>
        <VIEW_NAME>EQUIP_FUNCTIONAL_RCM_LOV</VIEW_NAME>
        <CF_VIEW_NAME>EQUIP_FUNCTIONAL_RCM_LOV_CFV</CF_VIEW_NAME>
        <USED_DB>FALSE</USED_DB>
        <ROWKEY>CCF4B6AC4A7A4DC290342E81BDB6E354</ROWKEY>
      </CUSTOM_FIELD_VIEW_ROW>
      <CUSTOM_FIELD_VIEW_ROW>
        <VIEW_NAME>MAINTENANCE_OBJECT</VIEW_NAME>
        <CF_VIEW_NAME>MAINTENANCE_OBJECT_CFV</CF_VIEW_NAME>
        <USED_DB>FALSE</USED_DB>
        <ROWKEY>BCD9A5456B6B406695D0623CC2936C65</ROWKEY>
      </CUSTOM_FIELD_VIEW_ROW>
      <CUSTOM_FIELD_VIEW_ROW>
        <VIEW_NAME>MAINTENANCE_OBJECT_ADDR_LOV</VIEW_NAME>
        <CF_VIEW_NAME>MAINTENANCE_OBJE1795020588_CFV</CF_VIEW_NAME>
        <USED_DB>TRUE</USED_DB>
        <ROWKEY>2112C5A4DA8243DDA2E33A1E0824295A</ROWKEY>
      </CUSTOM_FIELD_VIEW_ROW>
      <CUSTOM_FIELD_VIEW_ROW>
        <VIEW_NAME>MAINTENANCE_OBJECT_DET_REP</VIEW_NAME>
        <CF_VIEW_NAME>MAINTENANCE_OBJECT_DET_REP_CFV</CF_VIEW_NAME>
        <USED_DB>FALSE</USED_DB>
        <ROWKEY>26774B1D3DD448668F86A1A7C0F7B65D</ROWKEY>
      </CUSTOM_FIELD_VIEW_ROW>
      <CUSTOM_FIELD_VIEW_ROW>
        <VIEW_NAME>MAINTENANCE_OBJECT_LOV</VIEW_NAME>
        <CF_VIEW_NAME>MAINTENANCE_OBJECT_LOV_CFV</CF_VIEW_NAME>
        <USED_DB>FALSE</USED_DB>
        <ROWKEY>CAD9FAA16437492CA791645DEAA4A58C</ROWKEY>
      </CUSTOM_FIELD_VIEW_ROW>
      <CUSTOM_FIELD_VIEW_ROW>
        <VIEW_NAME>MAINTENANCE_OBJECT_LOV1</VIEW_NAME>
        <CF_VIEW_NAME>MAINTENANCE_OBJECT_LOV1_CFV</CF_VIEW_NAME>
        <USED_DB>FALSE</USED_DB>
        <ROWKEY>419D69FC546E4B099C4CB878135F1303</ROWKEY>
      </CUSTOM_FIELD_VIEW_ROW>
      <CUSTOM_FIELD_VIEW_ROW>
        <VIEW_NAME>MAINTENANCE_OBJECT_LOV2</VIEW_NAME>
        <CF_VIEW_NAME>MAINTENANCE_OBJECT_LOV2_CFV</CF_VIEW_NAME>
        <USED_DB>FALSE</USED_DB>
        <ROWKEY>51BE544FB8664C24A76D1552B0E45E23</ROWKEY>
      </CUSTOM_FIELD_VIEW_ROW>
      <CUSTOM_FIELD_VIEW_ROW>
        <VIEW_NAME>MAINTENANCE_OBJECT_LOV3</VIEW_NAME>
        <CF_VIEW_NAME>MAINTENANCE_OBJECT_LOV3_CFV</CF_VIEW_NAME>
        <USED_DB>FALSE</USED_DB>
        <ROWKEY>863C41C1B0E048C5AF1EF48A0E6488BD</ROWKEY>
      </CUSTOM_FIELD_VIEW_ROW>
      <CUSTOM_FIELD_VIEW_ROW>
        <VIEW_NAME>MAINT_OBJECT2_LOV</VIEW_NAME>
        <CF_VIEW_NAME>MAINT_OBJECT2_LOV_CFV</CF_VIEW_NAME>
        <USED_DB>FALSE</USED_DB>
        <ROWKEY>C114C6D76B1A4E3F8877DBB3CFD80D31</ROWKEY>
      </CUSTOM_FIELD_VIEW_ROW>
      <CUSTOM_FIELD_VIEW_ROW>
        <VIEW_NAME>MAINT_OBJECT_LOV</VIEW_NAME>
        <CF_VIEW_NAME>MAINT_OBJECT_LOV_CFV</CF_VIEW_NAME>
        <USED_DB>FALSE</USED_DB>
        <ROWKEY>B413A34113B84D76AD329CDF16D68D2E</ROWKEY>
      </CUSTOM_FIELD_VIEW_ROW>
      <CUSTOM_FIELD_VIEW_ROW>
        <VIEW_NAME>OBJECT_COUNTS</VIEW_NAME>
        <CF_VIEW_NAME>OBJECT_COUNTS_CFV</CF_VIEW_NAME>
        <USED_DB>FALSE</USED_DB>
        <ROWKEY>49C361FE45F44AF3A4D71A4C34009901</ROWKEY>
      </CUSTOM_FIELD_VIEW_ROW>
      <CUSTOM_FIELD_VIEW_ROW>
        <VIEW_NAME>OBJECT_COUNTS_VIEW2</VIEW_NAME>
        <CF_VIEW_NAME>OBJECT_COUNTS_VIEW2_CFV</CF_VIEW_NAME>
        <USED_DB>FALSE</USED_DB>
        <ROWKEY>F5B74BBD3BAF423EBBF5FCC87D7F4938</ROWKEY>
      </CUSTOM_FIELD_VIEW_ROW>
      <CUSTOM_FIELD_VIEW_ROW>
        <VIEW_NAME>RCM_ANALYSIS_CON_OBJS</VIEW_NAME>
        <CF_VIEW_NAME>RCM_ANALYSIS_CON_OBJS_CFV</CF_VIEW_NAME>
        <USED_DB>FALSE</USED_DB>
        <ROWKEY>8AE0A43548434832983BAACF2E072CF6</ROWKEY>
      </CUSTOM_FIELD_VIEW_ROW>
    </CUSTOM_FIELD_VIEW>
  </CUSTOM_FIELD_VIEWS>
</CUSTOM_OBJECT>
