<?xml version="1.0"?>
<CUSTOM_OBJECT>
  <NAME>Original Contract Start Date</NAME>
  <TYPE>CF_PERSISTENT</TYPE>
  <DESCRIPTION>C0634-C0635</DESCRIPTION>
  <CUSTOM_FIELD EXPORT_DEF_VERSION="1">
    <LU>ScServiceContract</LU>
    <TABLE_NAME>SC_SERVICE_CONTRACT_CFT</TABLE_NAME>
    <VIEW_NAME>SC_SERVICE_CONTRACT_CFV</VIEW_NAME>
    <PACKAGE_NAME>SC_SERVICE_CONTRACT_CFP</PACKAGE_NAME>
    <DEFINITION_MODIFIED_DATE>2021-05-15-07.12.45</DEFINITION_MODIFIED_DATE>
    <EXPORT_DATE>2021-07-02-09.13.15</EXPORT_DATE>
    <USED_DB>TRUE</USED_DB>
    <ROWKEY>CD342A12D0C64F29909A838B5422230D</ROWKEY>
    <CUSTOM_FIELD_ATTRIBUTE>
      <CUSTOM_FIELD_ATTRIBUTE_ROW>
        <ATTRIBUTE_NAME>CONTRACT_START_DATE</ATTRIBUTE_NAME>
        <DATA_TYPE_DB>DATE</DATA_TYPE_DB>
        <FORMAT_DB>DATE</FORMAT_DB>
        <DATA_LENGTH/>
        <DEFAULT_VALUE_TYPE_DB>NO_DEFAULT_VALUE</DEFAULT_VALUE_TYPE_DB>
        <DEFAULT_VALUE/>
        <MANDATORY_DB>FALSE</MANDATORY_DB>
        <INSERTABLE_DB>TRUE</INSERTABLE_DB>
        <UPDATEABLE_DB>TRUE</UPDATEABLE_DB>
        <QUERYABLE_DB>TRUE</QUERYABLE_DB>
        <PRIVATE_DB>FALSE</PRIVATE_DB>
        <LOV_DB>FALSE</LOV_DB>
        <INDEXED_DB>FALSE</INDEXED_DB>
        <PROMPT>Original Contract Start Date</PROMPT>
        <DEFINITION_MODIFIED_DATE>2021-04-09-06.49.44</DEFINITION_MODIFIED_DATE>
        <CUSTOM_FIELD_TYPE_DB>PERSISTENT_FIELD</CUSTOM_FIELD_TYPE_DB>
        <CUSTOM_FIELD_IMPL_TYPE_DB>NOT_APPLICABLE</CUSTOM_FIELD_IMPL_TYPE_DB>
        <EXPRESSION/>
        <METADATA/>
        <LU_REFERENCE/>
        <UI_OBJECT_DB>DEFAULT</UI_OBJECT_DB>
        <USED_DB>TRUE</USED_DB>
        <READ_ONLY_EXPRESSION_DB>FALSE</READ_ONLY_EXPRESSION_DB>
        <NOTE>C0634-C0635</NOTE>
        <ENABLED_ON_REPORTS_DB>TRUE</ENABLED_ON_REPORTS_DB>
        <CONSTRAINT_TYPE_DB>RESTRICTED</CONSTRAINT_TYPE_DB>
        <LOV_VIEW/>
        <ALTERNATE_KEY_DB>FALSE</ALTERNATE_KEY_DB>
        <ROWKEY>028DC550861D4668AE814B02286850F4</ROWKEY>
      </CUSTOM_FIELD_ATTRIBUTE_ROW>
    </CUSTOM_FIELD_ATTRIBUTE>
    <TRANSLATIONS>
  </TRANSLATIONS>
    <CUSTOM_FIELD_VIEW>
      <CUSTOM_FIELD_VIEW_ROW>
        <VIEW_NAME>SC_COST_ANALYSIS_GRAPH</VIEW_NAME>
        <CF_VIEW_NAME>SC_COST_ANALYSIS_GRAPH_CFV</CF_VIEW_NAME>
        <USED_DB>FALSE</USED_DB>
        <ROWKEY>4EDDE91F0FBE4F58A534AE4355946CE1</ROWKEY>
      </CUSTOM_FIELD_VIEW_ROW>
      <CUSTOM_FIELD_VIEW_ROW>
        <VIEW_NAME>SC_COST_BREAKDOWN_GRAPH</VIEW_NAME>
        <CF_VIEW_NAME>SC_COST_BREAKDOWN_GRAPH_CFV</CF_VIEW_NAME>
        <USED_DB>FALSE</USED_DB>
        <ROWKEY>E732F8A1568147ABB96C396362B40761</ROWKEY>
      </CUSTOM_FIELD_VIEW_ROW>
      <CUSTOM_FIELD_VIEW_ROW>
        <VIEW_NAME>SC_CUST_BILL_ADDRESS_LOV</VIEW_NAME>
        <CF_VIEW_NAME>SC_CUST_BILL_ADDRESS_LOV_CFV</CF_VIEW_NAME>
        <USED_DB>FALSE</USED_DB>
        <ROWKEY>DE91FA7D45234140BD4B770BF9925DF5</ROWKEY>
      </CUSTOM_FIELD_VIEW_ROW>
      <CUSTOM_FIELD_VIEW_ROW>
        <VIEW_NAME>SC_MARGIN_ANALYSIS_GRAPH</VIEW_NAME>
        <CF_VIEW_NAME>SC_MARGIN_ANALYSIS_GRAPH_CFV</CF_VIEW_NAME>
        <USED_DB>FALSE</USED_DB>
        <ROWKEY>58BE6D87A2B042348FD94A3DD0D874D3</ROWKEY>
      </CUSTOM_FIELD_VIEW_ROW>
      <CUSTOM_FIELD_VIEW_ROW>
        <VIEW_NAME>SC_MARGIN_ANALYSIS_GRAPH2</VIEW_NAME>
        <CF_VIEW_NAME>SC_MARGIN_ANALYSIS_GRAPH2_CFV</CF_VIEW_NAME>
        <USED_DB>FALSE</USED_DB>
        <ROWKEY>6242980382AB415C92261795578DCEC8</ROWKEY>
      </CUSTOM_FIELD_VIEW_ROW>
      <CUSTOM_FIELD_VIEW_ROW>
        <VIEW_NAME>SC_REVENUE_ANALYSIS_GRAPHS</VIEW_NAME>
        <CF_VIEW_NAME>SC_REVENUE_ANALYSIS_GRAPHS_CFV</CF_VIEW_NAME>
        <USED_DB>FALSE</USED_DB>
        <ROWKEY>31992D6B024C478AB094A9CD1016438D</ROWKEY>
      </CUSTOM_FIELD_VIEW_ROW>
      <CUSTOM_FIELD_VIEW_ROW>
        <VIEW_NAME>SC_REVENUE_BREAKDOWN_GRAPH</VIEW_NAME>
        <CF_VIEW_NAME>SC_REVENUE_BREAKDOWN_GRAPH_CFV</CF_VIEW_NAME>
        <USED_DB>FALSE</USED_DB>
        <ROWKEY>B61E2157E6874BFA80E2BEB714AA5571</ROWKEY>
      </CUSTOM_FIELD_VIEW_ROW>
      <CUSTOM_FIELD_VIEW_ROW>
        <VIEW_NAME>SC_SERVICE_CONTRACT_ALL</VIEW_NAME>
        <CF_VIEW_NAME>SC_SERVICE_CONTRACT_ALL_CFV</CF_VIEW_NAME>
        <USED_DB>FALSE</USED_DB>
        <ROWKEY>90245B3464AF4C2C9D9802EC1099C600</ROWKEY>
      </CUSTOM_FIELD_VIEW_ROW>
      <CUSTOM_FIELD_VIEW_ROW>
        <VIEW_NAME>SERVICE_CONTRACT_COST_ANAL</VIEW_NAME>
        <CF_VIEW_NAME>SERVICE_CONTRACT_COST_ANAL_CFV</CF_VIEW_NAME>
        <USED_DB>FALSE</USED_DB>
        <ROWKEY>6F4F17AC0E484A5CB99B9CBB6326177D</ROWKEY>
      </CUSTOM_FIELD_VIEW_ROW>
      <CUSTOM_FIELD_VIEW_ROW>
        <VIEW_NAME>SERVICE_CONTRACT_COST_ANAL2</VIEW_NAME>
        <CF_VIEW_NAME>SERVICE_CONTRACT1837923797_CFV</CF_VIEW_NAME>
        <USED_DB>FALSE</USED_DB>
        <ROWKEY>2F5A5A2D5B994468A28BE8744B2775DB</ROWKEY>
      </CUSTOM_FIELD_VIEW_ROW>
      <CUSTOM_FIELD_VIEW_ROW>
        <VIEW_NAME>SERVICE_CONTRACT_CR_PERIOD</VIEW_NAME>
        <CF_VIEW_NAME>SERVICE_CONTRACT_CR_PERIOD_CFV</CF_VIEW_NAME>
        <USED_DB>FALSE</USED_DB>
        <ROWKEY>F5E5F9422B6145D395953A2C71403AF5</ROWKEY>
      </CUSTOM_FIELD_VIEW_ROW>
      <CUSTOM_FIELD_VIEW_ROW>
        <VIEW_NAME>SERVICE_CONTRACT_INFO</VIEW_NAME>
        <CF_VIEW_NAME>SERVICE_CONTRACT_INFO_CFV</CF_VIEW_NAME>
        <USED_DB>FALSE</USED_DB>
        <ROWKEY>4269CEAE3D8C4DC09BD281FA8933F860</ROWKEY>
      </CUSTOM_FIELD_VIEW_ROW>
      <CUSTOM_FIELD_VIEW_ROW>
        <VIEW_NAME>SERVICE_CONTRACT_REV_ANAL</VIEW_NAME>
        <CF_VIEW_NAME>SERVICE_CONTRACT_REV_ANAL_CFV</CF_VIEW_NAME>
        <USED_DB>FALSE</USED_DB>
        <ROWKEY>A1165633BF5842FFAAB99FBAB266B407</ROWKEY>
      </CUSTOM_FIELD_VIEW_ROW>
      <CUSTOM_FIELD_VIEW_ROW>
        <VIEW_NAME>SERVICE_CONTRACT_REV_ANAL2</VIEW_NAME>
        <CF_VIEW_NAME>SERVICE_CONTRACT_REV_ANAL2_CFV</CF_VIEW_NAME>
        <USED_DB>FALSE</USED_DB>
        <ROWKEY>DC3ED2C1FE5D46C4A5136A56693ADAEE</ROWKEY>
      </CUSTOM_FIELD_VIEW_ROW>
    </CUSTOM_FIELD_VIEW>
  </CUSTOM_FIELD>
</CUSTOM_OBJECT>
