<?xml version="1.0"?>
<CUSTOM_OBJECT>
  <NAME>Order Type</NAME>
  <TYPE>CF_PERSISTENT</TYPE>
  <DESCRIPTION>EA-C649</DESCRIPTION>
  <CUSTOM_FIELD EXPORT_DEF_VERSION="1">
    <LU>WorkType</LU>
    <TABLE_NAME>WORK_TYPE_CFT</TABLE_NAME>
    <VIEW_NAME>WORK_TYPE_CFV</VIEW_NAME>
    <PACKAGE_NAME>WORK_TYPE_CFP</PACKAGE_NAME>
    <DEFINITION_MODIFIED_DATE>2021-01-21-17.24.31</DEFINITION_MODIFIED_DATE>
    <EXPORT_DATE>2021-07-23-07.17.30</EXPORT_DATE>
    <USED_DB>TRUE</USED_DB>
    <ROWKEY>98DA10C196C942A89B23569949061C39</ROWKEY>
    <CUSTOM_FIELD_ATTRIBUTE>
      <CUSTOM_FIELD_ATTRIBUTE_ROW>
        <ATTRIBUTE_NAME>ORDER_TYPE</ATTRIBUTE_NAME>
        <DATA_TYPE_DB>REFERENCE</DATA_TYPE_DB>
        <FORMAT_DB>UNFORMATTED</FORMAT_DB>
        <DATA_LENGTH>100</DATA_LENGTH>
        <DEFAULT_VALUE_TYPE_DB>NO_DEFAULT_VALUE</DEFAULT_VALUE_TYPE_DB>
        <DEFAULT_VALUE/>
        <MANDATORY_DB>FALSE</MANDATORY_DB>
        <INSERTABLE_DB>TRUE</INSERTABLE_DB>
        <UPDATEABLE_DB>TRUE</UPDATEABLE_DB>
        <QUERYABLE_DB>TRUE</QUERYABLE_DB>
        <PRIVATE_DB>FALSE</PRIVATE_DB>
        <LOV_DB>TRUE</LOV_DB>
        <INDEXED_DB>FALSE</INDEXED_DB>
        <PROMPT>Order Type</PROMPT>
        <DEFINITION_MODIFIED_DATE>2021-05-06-06.43.06</DEFINITION_MODIFIED_DATE>
        <CUSTOM_FIELD_TYPE_DB>PERSISTENT_FIELD</CUSTOM_FIELD_TYPE_DB>
        <CUSTOM_FIELD_IMPL_TYPE_DB>NOT_APPLICABLE</CUSTOM_FIELD_IMPL_TYPE_DB>
        <EXPRESSION>Work_Type_Cfp.Ref_Cf$_Order_Type(t.cf$_Order_Type)</EXPRESSION>
        <METADATA>ORDER_ID</METADATA>
        <LU_REFERENCE>CustOrderType</LU_REFERENCE>
        <UI_OBJECT_DB>DEFAULT</UI_OBJECT_DB>
        <USED_DB>TRUE</USED_DB>
        <READ_ONLY_EXPRESSION_DB>FALSE</READ_ONLY_EXPRESSION_DB>
        <NOTE>EA-C649</NOTE>
        <ENABLED_ON_REPORTS_DB>TRUE</ENABLED_ON_REPORTS_DB>
        <CONSTRAINT_TYPE_DB>RESTRICTED</CONSTRAINT_TYPE_DB>
        <LOV_VIEW>CUST_ORDER_TYPE_CFV</LOV_VIEW>
        <ALTERNATE_KEY_DB>FALSE</ALTERNATE_KEY_DB>
        <ROWKEY>05EFEBC5DE33492A887CC05A94D2B3C5</ROWKEY>
      </CUSTOM_FIELD_ATTRIBUTE_ROW>
    </CUSTOM_FIELD_ATTRIBUTE>
    <TRANSLATIONS>
  </TRANSLATIONS>
    <CUSTOM_FIELD_VIEW>
  </CUSTOM_FIELD_VIEW>
  </CUSTOM_FIELD>
</CUSTOM_OBJECT>
