<?xml version="1.0"?>
<CUSTOM_OBJECT>
  <NAME>Next Object Id</NAME>
  <TYPE>CF_READ_ONLY</TYPE>
  <DESCRIPTION>C706, EndDinusK</DESCRIPTION>
  <CUSTOM_FIELD EXPORT_DEF_VERSION="1">
    <LU>EquipmentFunctional</LU>
    <TABLE_NAME>EQUIPMENT_FUNCTIONAL_CFT</TABLE_NAME>
    <VIEW_NAME>EQUIPMENT_FUNCTIONAL_CFV</VIEW_NAME>
    <PACKAGE_NAME>EQUIPMENT_FUNCTIONAL_CFP</PACKAGE_NAME>
    <DEFINITION_MODIFIED_DATE>2020-07-28-11.08.02</DEFINITION_MODIFIED_DATE>
    <EXPORT_DATE>2021-08-19-09.54.11</EXPORT_DATE>
    <USED_DB>TRUE</USED_DB>
    <ROWKEY>340245E58AC9488DA70DB0060D568A2B</ROWKEY>
    <CUSTOM_FIELD_ATTRIBUTE>
      <CUSTOM_FIELD_ATTRIBUTE_ROW>
        <ATTRIBUTE_NAME>C_NEXT_OBJECT</ATTRIBUTE_NAME>
        <DATA_TYPE_DB>STRING</DATA_TYPE_DB>
        <FORMAT_DB>UNFORMATTED</FORMAT_DB>
        <DATA_LENGTH>4000</DATA_LENGTH>
        <DEFAULT_VALUE_TYPE_DB>NO_DEFAULT_VALUE</DEFAULT_VALUE_TYPE_DB>
        <DEFAULT_VALUE/>
        <MANDATORY_DB>FALSE</MANDATORY_DB>
        <INSERTABLE_DB>FALSE</INSERTABLE_DB>
        <UPDATEABLE_DB>FALSE</UPDATEABLE_DB>
        <QUERYABLE_DB>TRUE</QUERYABLE_DB>
        <PRIVATE_DB>FALSE</PRIVATE_DB>
        <LOV_DB>FALSE</LOV_DB>
        <INDEXED_DB>FALSE</INDEXED_DB>
        <PROMPT>Next Object Id</PROMPT>
        <DEFINITION_MODIFIED_DATE>2021-07-30-11.37.26</DEFINITION_MODIFIED_DATE>
        <CUSTOM_FIELD_TYPE_DB>READ_ONLY_FIELD</CUSTOM_FIELD_TYPE_DB>
        <CUSTOM_FIELD_IMPL_TYPE_DB>SELECT_STATEMENT</CUSTOM_FIELD_IMPL_TYPE_DB>
        <EXPRESSION>Equipment_Functional_Cfp.Get_Cf$_C_Next_Object(v.contract,v.mch_code)</EXPRESSION>
        <METADATA>select ef.cf$_c_next_object from equipment_object_cfv ef where ef.contract = :contract and ef.mch_code = :mch_code</METADATA>
        <LU_REFERENCE/>
        <UI_OBJECT_DB>DEFAULT</UI_OBJECT_DB>
        <USED_DB>TRUE</USED_DB>
        <READ_ONLY_EXPRESSION_DB>FALSE</READ_ONLY_EXPRESSION_DB>
        <NOTE>C706, EndDinusK</NOTE>
        <ENABLED_ON_REPORTS_DB>TRUE</ENABLED_ON_REPORTS_DB>
        <CONSTRAINT_TYPE_DB>RESTRICTED</CONSTRAINT_TYPE_DB>
        <LOV_VIEW/>
        <ALTERNATE_KEY_DB>FALSE</ALTERNATE_KEY_DB>
        <ROWKEY>72CCB6588C1D46149FE5BCD7018636B8</ROWKEY>
      </CUSTOM_FIELD_ATTRIBUTE_ROW>
    </CUSTOM_FIELD_ATTRIBUTE>
    <TRANSLATIONS>
  </TRANSLATIONS>
    <CUSTOM_FIELD_VIEW>
      <CUSTOM_FIELD_VIEW_ROW>
        <VIEW_NAME>EQUIPMENT_FUNCTIONAL_LOV</VIEW_NAME>
        <CF_VIEW_NAME>EQUIPMENT_FUNCTIONAL_LOV_CFV</CF_VIEW_NAME>
        <USED_DB>TRUE</USED_DB>
        <ROWKEY>9C09F4506E7E40CAB88E2A75C54180D1</ROWKEY>
      </CUSTOM_FIELD_VIEW_ROW>
      <CUSTOM_FIELD_VIEW_ROW>
        <VIEW_NAME>EQUIPMENT_FUNCTIONAL_UIV</VIEW_NAME>
        <CF_VIEW_NAME>EQUIPMENT_FUNCTIONAL_UIV_CFV</CF_VIEW_NAME>
        <USED_DB>TRUE</USED_DB>
        <ROWKEY>10380C9F70BD4F7A8F168C9E7A19620E</ROWKEY>
      </CUSTOM_FIELD_VIEW_ROW>
    </CUSTOM_FIELD_VIEW>
  </CUSTOM_FIELD>
</CUSTOM_OBJECT>
