<?xml version="1.0"?>
<CUSTOM_OBJECT>
  <NAME>Tunstall Access Details</NAME>
  <TYPE>CUSTOM_TAB</TYPE>
  <DESCRIPTION/>
  <CUSTOM_TAB EXPORT_DEF_VERSION="1">
    <TYPE>CUSTOM_TAB</TYPE>
    <CONTAINER_NAME>frmWoFaultReportCustOrderTab.picTab</CONTAINER_NAME>
    <VERSION>*</VERSION>
    <ATTACHED_PAGE>cpgContactDetail</ATTACHED_PAGE>
    <TITLE>Tunstall Access Details</TITLE>
    <NOTE/>
    <ORDINAL/>
    <DB_VIEW_PARENT>ACTIVE_SEPARATE_UIV</DB_VIEW_PARENT>
    <DB_VIEW_CHILD>CONTACT_DETAIL_CLV</DB_VIEW_CHILD>
    <DEFINITION_MODIFIED_DATE>2021-07-14-10.16.25</DEFINITION_MODIFIED_DATE>
    <EXPORT_DATE>2021-07-19-11.05.25</EXPORT_DATE>
    <ROWKEY>2A18C462BE564CE0981B23FE9EF68B4D</ROWKEY>
    <PARENT_KEYS>
      <PARENT_KEYS_ROW>
        <CONTAINER_NAME>frmWoFaultReportCustOrderTab.picTab</CONTAINER_NAME>
        <VERSION>*</VERSION>
        <ATTACHED_PAGE>cpgContactDetail</ATTACHED_PAGE>
        <CHILD_KEY>CF$_CONTRACT</CHILD_KEY>
        <PARENT_KEY>MCH_CODE_CONTRACT</PARENT_KEY>
        <OBJKEY>09941DB0FA0742B69855A081309CC8CE</OBJKEY>
      </PARENT_KEYS_ROW>
      <PARENT_KEYS_ROW>
        <CONTAINER_NAME>frmWoFaultReportCustOrderTab.picTab</CONTAINER_NAME>
        <VERSION>*</VERSION>
        <ATTACHED_PAGE>cpgContactDetail</ATTACHED_PAGE>
        <CHILD_KEY>CF$_MCH_CODE</CHILD_KEY>
        <PARENT_KEY>MCH_CODE</PARENT_KEY>
        <OBJKEY>1F6F74B5466B490D99D8EF10BFFCF2E1</OBJKEY>
      </PARENT_KEYS_ROW>
      <PARENT_KEYS_ROW>
        <CONTAINER_NAME>frmWoFaultReportCustOrderTab.picTab</CONTAINER_NAME>
        <VERSION>*</VERSION>
        <ATTACHED_PAGE>cpgContactDetail</ATTACHED_PAGE>
        <CHILD_KEY>CF$_WO_NO</CHILD_KEY>
        <PARENT_KEY>WO_NO</PARENT_KEY>
        <OBJKEY>F22E16571BEA478F9A29F99D32B7263B</OBJKEY>
      </PARENT_KEYS_ROW>
    </PARENT_KEYS>
    <TRANSLATIONS>
  </TRANSLATIONS>
  </CUSTOM_TAB>
</CUSTOM_OBJECT>
