<?xml version="1.0"?>
<CUSTOM_OBJECT>
  <NAME>1^CONNECT_SUSBCRIPTION_OBJ^CustomerOrderLine</NAME>
  <TYPE>CUSTOM_EVENT_ACTION</TYPE>
  <DESCRIPTION>This event is to connect susbcription objects to the parent Object C446.</DESCRIPTION>
  <CUSTOM_EVENT_ACTION EXPORT_DEF_VERSION="2">
    <EVENT_LU_NAME>CustomerOrderLine</EVENT_LU_NAME>
    <EVENT_ID>CONNECT_SUSBCRIPTION_OBJ</EVENT_ID>
    <ACTION_NUMBER>1</ACTION_NUMBER>
    <ACTION_ENABLE>TRUE</ACTION_ENABLE>
    <ACTION_PARAMETERS>!FNDSER.EVENT_ACTION_PARAM
$SQL=DECLARE
-
-  attr_    VARCHAR2(32000);
-  sql_msg_ VARCHAR2(32000);
-  stmt_    VARCHAR2(32000);
-  job_id_  NUMBER;
-
-BEGIN
-
-  stmt_ := &apos;
-
-DECLARE
-
-temp_             NUMBER;
-base_part_     VARCHAR2(3200);
-base_object_  VARCHAR2(3200);
-objid_              VARCHAR2(3200);
-objversion_     VARCHAR2(3200);
-attr_                VARCHAR2(3200);
-info_                VARCHAR2(3200);
-
-CURSOR get_co_lines IS
-   SELECT catalog_no, cf$_object_created, order_no
-     FROM customer_order_line_cfv
-   WHERE cf$_object_id IS NOT NULL
-        AND cf$_object_created = &apos;&apos;&amp;NEW:CF$_OBJECT_CREATED&apos;&apos;;
-
---check if the part is a subscription part for 2012 
- CURSOR check_subscription(catalog_ IN VARCHAR2) IS
-    SELECT 1
-      FROM sales_part_cfv
-    WHERE catalog_type_db = &apos;&apos;NON&apos;&apos;
-         AND catalog_no = catalog_
-         AND contract = &apos;&apos;2012&apos;&apos;
-         AND cf$_serviceable_db = &apos;&apos;TRUE&apos;&apos;;
-
---Check for complementary base part for 2012 
-  CURSOR check_base_part(catalog_ IN VARCHAR2) IS
-      SELECT parent_part_no 
-        FROM suggested_sales_part
-      WHERE suggested_part_no = catalog_
-           AND contract = &apos;&apos;2012&apos;&apos;;
-
- --Get Object Created for parent part
-   CURSOR get_parent_object(catalog_ IN VARCHAR2, order_no_  IN VARCHAR2) IS
-      SELECT mch_code
-        FROM equipment_serial_cfv 
-       WHERE part_no = catalog_
-            AND CF$_CUSTOMER_ORDER_NO = order_no_;
-
-BEGIN
-
-FOR rec IN get_co_lines LOOP
-
-    -- check if the part is a subscription part
-     OPEN check_subscription(rec.catalog_no);
-     FETCH check_subscription INTO temp_;
-
-     IF(temp_ =1 ) THEN 
-      
-         -- Need to connect Functional Subscription Object to Parent Serial Object
-          OPEN check_base_part(rec.catalog_no);
-          FETCH check_base_part INTO base_part_ ;
-          CLOSE check_base_part;
-
-         -- Get Serial Objects created for the Subcription Part
-         FOR base_objects_ IN get_parent_object(base_part_, rec.order_no) LOOP
-
-             IF NOT EQUIPMENT_OBJECT_CONN_API.Exists(&apos;&apos;2013&apos;&apos;, base_objects_.mch_code , &apos;&apos;2013&apos;&apos;, rec.cf$_object_created, &apos;&apos;SUBS&apos;&apos;) THEN
-
-                  Client_SYS.Add_To_Attr(&apos;&apos;CONTRACT_CONSIST&apos;&apos;, &apos;&apos;2013&apos;&apos;, attr_);
-                  Client_SYS.Add_To_Attr(&apos;&apos;MCH_CODE_CONSIST&apos;&apos;, rec.cf$_object_created, attr_);
-                  Client_SYS.Add_To_Attr(&apos;&apos;CONNECTION_TYPE&apos;&apos;, &apos;&apos;SUBS&apos;&apos;, attr_);
-                  Client_SYS.Add_To_Attr(&apos;&apos;CONTRACT&apos;&apos;, &apos;&apos;2013&apos;&apos;, attr_);
-                  Client_SYS.Add_To_Attr(&apos;&apos;MCH_CODE&apos;&apos;, base_objects_.mch_code, attr_);
-
-                  EQUIPMENT_OBJECT_CONN_API.NEW__(info_, objid_, objversion_, attr_, &apos;&apos;DO&apos;&apos;);
-
-              END IF;
-          END LOOP;
-
-     END IF;
-    
-     CLOSE check_subscription;
-
-END LOOP;
-
-END;
-
- &apos;;
-
-  sql_msg_ := Message_SYS.Construct(&apos;UPD&apos;);
-  Message_SYS.Add_Attribute(sql_msg_, &apos;SQL&apos;, stmt_);
-  Client_SYS.Clear_Attr(attr_);
-  Client_SYS.Add_To_Attr(&apos;SQL_DATA_&apos;, sql_msg_, attr_);
-  Client_SYS.Add_To_Attr(&apos;MSG_&apos;, &apos;&apos;, attr_);
-
-  Transaction_SYS.Deferred_Call(job_id_,
-                                &apos;Fnd_Event_Action_API.Action_Executeonlinesql&apos;,
-                                &apos;PARAMETER&apos;,
-                                attr_,
-                                &apos;To connect non serial object subscriptions to serial objects C446&apos;);
-END; 
$ATTACH=!ATTACHMENTS
</ACTION_PARAMETERS>
    <FND_EVENT_ACTION_TYPE_DB>EXECUTEONLINESQL</FND_EVENT_ACTION_TYPE_DB>
    <CONDITION_TYPE>!EVENT_ACTION_COND_TYPE
$NEW:CF$_OBJECT_CREATED=
</CONDITION_TYPE>
    <CONDITION_VALUE>!EVENT_ACTION_COND_VALUE
$NEW:CF$_OBJECT_CREATED=
</CONDITION_VALUE>
    <DESCRIPTION>This event is to connect susbcription objects to the parent Object C446.</DESCRIPTION>
    <SUBSCRIBABLE>FALSE</SUBSCRIBABLE>
    <SYSTEM_DEFINED>FALSE</SYSTEM_DEFINED>
    <ROLE/>
    <DEFINITION_MODIFIED_DATE>2021-08-11-09.32.19</DEFINITION_MODIFIED_DATE>
    <OBJKEY>FD5DDC1E73354877BFF5DBB9BDDE306F</OBJKEY>
  </CUSTOM_EVENT_ACTION>
</CUSTOM_OBJECT>
