<?xml version="1.0"?>
<CUSTOM_OBJECT>
  <NAME>TO_EDIT_LOCATION_ID</NAME>
  <TYPE>CUSTOM_EVENT</TYPE>
  <DESCRIPTION>EA - C446.This event is to set the location IDs of the equipment objects created by Load to Parts RMB in the Customer Order Line Window. </DESCRIPTION>
  <CUSTOM_EVENT EXPORT_DEF_VERSION="1">
    <EVENT_LU_NAME>EquipmentSerial</EVENT_LU_NAME>
    <EVENT_ID>TO_EDIT_LOCATION_ID</EVENT_ID>
    <EVENT_DESCRIPTION>EA - C446.This event is to set the location IDs of the equipment objects created by Load to Parts RMB in the Customer Order Line Window. </EVENT_DESCRIPTION>
    <EVENT_ENABLE>TRUE</EVENT_ENABLE>
    <EVENT_TABLE_NAME>EQUIPMENT_OBJECT_TAB</EVENT_TABLE_NAME>
    <MODIFIED_ATTRIBUTES>SUP_MCH_CODE</MODIFIED_ATTRIBUTES>
    <EVENT_TYPE_DB>CUSTOM</EVENT_TYPE_DB>
    <NEW_ROW_DB>FALSE</NEW_ROW_DB>
    <MODIFY_ROW_DB>TRUE</MODIFY_ROW_DB>
    <REMOVE_ROW_DB>FALSE</REMOVE_ROW_DB>
    <EVENT_TRIGGER_TYPE_DB>AFTER</EVENT_TRIGGER_TYPE_DB>
    <DEFINITION_MODIFIED_DATE>2021-06-11-07.37.21</DEFINITION_MODIFIED_DATE>
    <OBJKEY>C92B9BA3B57647A08F742E84D8AFD891</OBJKEY>
    <EVENT_PARAMETERS>
      <EVENT_PARAMETERS_ROW>
        <ID>LOCATION_ID</ID>
        <ID_TYPE>STRING</ID_TYPE>
        <PLSQL_METHOD/>
        <CURRENT_VALUE_DB>FALSE</CURRENT_VALUE_DB>
        <NEW_VALUE_DB>TRUE</NEW_VALUE_DB>
      </EVENT_PARAMETERS_ROW>
      <EVENT_PARAMETERS_ROW>
        <ID>MCH_CODE</ID>
        <ID_TYPE>STRING</ID_TYPE>
        <PLSQL_METHOD/>
        <CURRENT_VALUE_DB>FALSE</CURRENT_VALUE_DB>
        <NEW_VALUE_DB>TRUE</NEW_VALUE_DB>
      </EVENT_PARAMETERS_ROW>
    </EVENT_PARAMETERS>
  </CUSTOM_EVENT>
</CUSTOM_OBJECT>
