<?xml version="1.0"?>
<CUSTOM_OBJECT>
  <NAME>Notes</NAME>
  <TYPE>CF_READ_ONLY</TYPE>
  <DESCRIPTION>EA - C0740</DESCRIPTION>
  <CUSTOM_FIELD EXPORT_DEF_VERSION="1">
    <LU>ActiveSeparate</LU>
    <TABLE_NAME>ACTIVE_SEPARATE_CFT</TABLE_NAME>
    <VIEW_NAME>ACTIVE_SEPARATE_CFV</VIEW_NAME>
    <PACKAGE_NAME>ACTIVE_SEPARATE_CFP</PACKAGE_NAME>
    <DEFINITION_MODIFIED_DATE>2021-02-15-16.05.28</DEFINITION_MODIFIED_DATE>
    <EXPORT_DATE>2021-08-19-09.54.10</EXPORT_DATE>
    <USED_DB>TRUE</USED_DB>
    <ROWKEY>ED7445D3A159411F902E29682560BDC8</ROWKEY>
    <CUSTOM_FIELD_ATTRIBUTE>
      <CUSTOM_FIELD_ATTRIBUTE_ROW>
        <ATTRIBUTE_NAME>NOTES</ATTRIBUTE_NAME>
        <DATA_TYPE_DB>STRING</DATA_TYPE_DB>
        <FORMAT_DB>UNFORMATTED</FORMAT_DB>
        <DATA_LENGTH>4000</DATA_LENGTH>
        <DEFAULT_VALUE_TYPE_DB>NO_DEFAULT_VALUE</DEFAULT_VALUE_TYPE_DB>
        <DEFAULT_VALUE/>
        <MANDATORY_DB>FALSE</MANDATORY_DB>
        <INSERTABLE_DB>FALSE</INSERTABLE_DB>
        <UPDATEABLE_DB>FALSE</UPDATEABLE_DB>
        <QUERYABLE_DB>TRUE</QUERYABLE_DB>
        <PRIVATE_DB>FALSE</PRIVATE_DB>
        <LOV_DB>FALSE</LOV_DB>
        <INDEXED_DB>FALSE</INDEXED_DB>
        <PROMPT>Notes</PROMPT>
        <DEFINITION_MODIFIED_DATE>2021-08-04-04.59.06</DEFINITION_MODIFIED_DATE>
        <CUSTOM_FIELD_TYPE_DB>READ_ONLY_FIELD</CUSTOM_FIELD_TYPE_DB>
        <CUSTOM_FIELD_IMPL_TYPE_DB>EXPRESSION</CUSTOM_FIELD_IMPL_TYPE_DB>
        <EXPRESSION>Active_Separate_Cfp.Get_CF$_Notes(v.objkey)</EXPRESSION>
        <METADATA>C_EA_Customization_Util_API.Get_Service_Contract_Notes_WO(wo_no, contract_id, line_no)</METADATA>
        <LU_REFERENCE/>
        <UI_OBJECT_DB>MULTILINE</UI_OBJECT_DB>
        <USED_DB>TRUE</USED_DB>
        <READ_ONLY_EXPRESSION_DB>TRUE</READ_ONLY_EXPRESSION_DB>
        <NOTE>EA - C0740</NOTE>
        <ENABLED_ON_REPORTS_DB>TRUE</ENABLED_ON_REPORTS_DB>
        <CONSTRAINT_TYPE_DB>RESTRICTED</CONSTRAINT_TYPE_DB>
        <LOV_VIEW/>
        <ALTERNATE_KEY_DB>FALSE</ALTERNATE_KEY_DB>
        <ROWKEY>2D2334AFC1204B27A0EA190B8A50060F</ROWKEY>
      </CUSTOM_FIELD_ATTRIBUTE_ROW>
    </CUSTOM_FIELD_ATTRIBUTE>
    <TRANSLATIONS>
  </TRANSLATIONS>
    <CUSTOM_FIELD_VIEW>
      <CUSTOM_FIELD_VIEW_ROW>
        <VIEW_NAME>ACTIVE_SEPARATE2</VIEW_NAME>
        <CF_VIEW_NAME>ACTIVE_SEPARATE2_CFV</CF_VIEW_NAME>
        <USED_DB>FALSE</USED_DB>
        <ROWKEY>41EBC5A6BB294D098B598B553099686C</ROWKEY>
      </CUSTOM_FIELD_VIEW_ROW>
      <CUSTOM_FIELD_VIEW_ROW>
        <VIEW_NAME>ACTIVE_SEPARATE_CODING</VIEW_NAME>
        <CF_VIEW_NAME>ACTIVE_SEPARATE_CODING_CFV</CF_VIEW_NAME>
        <USED_DB>FALSE</USED_DB>
        <ROWKEY>DB2610565DE44499940E83D28FDCD713</ROWKEY>
      </CUSTOM_FIELD_VIEW_ROW>
      <CUSTOM_FIELD_VIEW_ROW>
        <VIEW_NAME>ACTIVE_SEPARATE_CUSTOMER_ORDER</VIEW_NAME>
        <CF_VIEW_NAME>ACTIVE_SEPARATE_1037155264_CFV</CF_VIEW_NAME>
        <USED_DB>FALSE</USED_DB>
        <ROWKEY>D1E0C3AA9D524BEDB53B8DC094F68EBE</ROWKEY>
      </CUSTOM_FIELD_VIEW_ROW>
      <CUSTOM_FIELD_VIEW_ROW>
        <VIEW_NAME>ACTIVE_SEPARATE_ELS_VIEW</VIEW_NAME>
        <CF_VIEW_NAME>ACTIVE_SEPARATE_ELS_VIEW_CFV</CF_VIEW_NAME>
        <USED_DB>FALSE</USED_DB>
        <ROWKEY>22EB4AD2183E4B6782E415E03DA67DDA</ROWKEY>
      </CUSTOM_FIELD_VIEW_ROW>
      <CUSTOM_FIELD_VIEW_ROW>
        <VIEW_NAME>ACTIVE_SEPARATE_FIXED_PRICE</VIEW_NAME>
        <CF_VIEW_NAME>ACTIVE_SEPARATE_F153566821_CFV</CF_VIEW_NAME>
        <USED_DB>FALSE</USED_DB>
        <ROWKEY>21FA927128FD43439FD81079D4584EEF</ROWKEY>
      </CUSTOM_FIELD_VIEW_ROW>
      <CUSTOM_FIELD_VIEW_ROW>
        <VIEW_NAME>ACTIVE_SEPARATE_LOV</VIEW_NAME>
        <CF_VIEW_NAME>ACTIVE_SEPARATE_LOV_CFV</CF_VIEW_NAME>
        <USED_DB>FALSE</USED_DB>
        <ROWKEY>920A1EC4CC754127A43815E561D0C91A</ROWKEY>
      </CUSTOM_FIELD_VIEW_ROW>
      <CUSTOM_FIELD_VIEW_ROW>
        <VIEW_NAME>ACTIVE_SEPARATE_OVERVIEW</VIEW_NAME>
        <CF_VIEW_NAME>ACTIVE_SEPARATE_OVERVIEW_CFV</CF_VIEW_NAME>
        <USED_DB>TRUE</USED_DB>
        <ROWKEY>182940268EB84F0FA1A5A6AB37ADC4FD</ROWKEY>
      </CUSTOM_FIELD_VIEW_ROW>
      <CUSTOM_FIELD_VIEW_ROW>
        <VIEW_NAME>ACTIVE_SEPARATE_REPAIR</VIEW_NAME>
        <CF_VIEW_NAME>ACTIVE_SEPARATE_REPAIR_CFV</CF_VIEW_NAME>
        <USED_DB>FALSE</USED_DB>
        <ROWKEY>2BD311812AB74FEBADBD8119685053BD</ROWKEY>
      </CUSTOM_FIELD_VIEW_ROW>
      <CUSTOM_FIELD_VIEW_ROW>
        <VIEW_NAME>ACTIVE_SEPARATE_SCHEDULING</VIEW_NAME>
        <CF_VIEW_NAME>ACTIVE_SEPARATE_SCHEDULING_CFV</CF_VIEW_NAME>
        <USED_DB>FALSE</USED_DB>
        <ROWKEY>08AEED66BE584A3F8B50DF88189E95C9</ROWKEY>
      </CUSTOM_FIELD_VIEW_ROW>
      <CUSTOM_FIELD_VIEW_ROW>
        <VIEW_NAME>ACTIVE_SEPARATE_SERV</VIEW_NAME>
        <CF_VIEW_NAME>ACTIVE_SEPARATE_SERV_CFV</CF_VIEW_NAME>
        <USED_DB>FALSE</USED_DB>
        <ROWKEY>913B26A84FF244D0A4E03F90BF28506F</ROWKEY>
      </CUSTOM_FIELD_VIEW_ROW>
      <CUSTOM_FIELD_VIEW_ROW>
        <VIEW_NAME>ACTIVE_SEPARATE_UIV</VIEW_NAME>
        <CF_VIEW_NAME>ACTIVE_SEPARATE_UIV_CFV</CF_VIEW_NAME>
        <USED_DB>TRUE</USED_DB>
        <ROWKEY>A66A25853E15403D916959E9423792BA</ROWKEY>
      </CUSTOM_FIELD_VIEW_ROW>
      <CUSTOM_FIELD_VIEW_ROW>
        <VIEW_NAME>ACTIVE_SEP_WO_OVERVIEW_REP</VIEW_NAME>
        <CF_VIEW_NAME>ACTIVE_SEP_WO_OVERVIEW_REP_CFV</CF_VIEW_NAME>
        <USED_DB>FALSE</USED_DB>
        <ROWKEY>0C4558EC1AEC4248AC548AD740EA0B4B</ROWKEY>
      </CUSTOM_FIELD_VIEW_ROW>
      <CUSTOM_FIELD_VIEW_ROW>
        <VIEW_NAME>ACTIVE_SEP_WO_PRINT_REP</VIEW_NAME>
        <CF_VIEW_NAME>ACTIVE_SEP_WO_PRINT_REP_CFV</CF_VIEW_NAME>
        <USED_DB>FALSE</USED_DB>
        <ROWKEY>212E16E1603941DCB6154A08F185A69B</ROWKEY>
      </CUSTOM_FIELD_VIEW_ROW>
      <CUSTOM_FIELD_VIEW_ROW>
        <VIEW_NAME>ACTSEP_WO_COVER_REP</VIEW_NAME>
        <CF_VIEW_NAME>ACTSEP_WO_COVER_REP_CFV</CF_VIEW_NAME>
        <USED_DB>FALSE</USED_DB>
        <ROWKEY>8835AED056A242DD8C24A7AEC6A23B42</ROWKEY>
      </CUSTOM_FIELD_VIEW_ROW>
      <CUSTOM_FIELD_VIEW_ROW>
        <VIEW_NAME>ACTSEP_WO_INFO_REP</VIEW_NAME>
        <CF_VIEW_NAME>ACTSEP_WO_INFO_REP_CFV</CF_VIEW_NAME>
        <USED_DB>FALSE</USED_DB>
        <ROWKEY>984B5807039D4351A6D11048E588E4AD</ROWKEY>
      </CUSTOM_FIELD_VIEW_ROW>
      <CUSTOM_FIELD_VIEW_ROW>
        <VIEW_NAME>ACT_SEP_SEARCH_ENGINE_LOV</VIEW_NAME>
        <CF_VIEW_NAME>ACT_SEP_SEARCH_ENGINE_LOV_CFV</CF_VIEW_NAME>
        <USED_DB>FALSE</USED_DB>
        <ROWKEY>950195D156524F77ACD3C9E5E943B948</ROWKEY>
      </CUSTOM_FIELD_VIEW_ROW>
      <CUSTOM_FIELD_VIEW_ROW>
        <VIEW_NAME>MATERIAL_TAG_REP</VIEW_NAME>
        <CF_VIEW_NAME>MATERIAL_TAG_REP_CFV</CF_VIEW_NAME>
        <USED_DB>FALSE</USED_DB>
        <ROWKEY>AAA118EDE8364E078E23677A0FDE9FC4</ROWKEY>
      </CUSTOM_FIELD_VIEW_ROW>
      <CUSTOM_FIELD_VIEW_ROW>
        <VIEW_NAME>SERVICE_REQUEST_UIV</VIEW_NAME>
        <CF_VIEW_NAME>SERVICE_REQUEST_UIV_CFV</CF_VIEW_NAME>
        <USED_DB>FALSE</USED_DB>
        <ROWKEY>6C1AF196AA1D47928D6E894EF4DFC951</ROWKEY>
      </CUSTOM_FIELD_VIEW_ROW>
      <CUSTOM_FIELD_VIEW_ROW>
        <VIEW_NAME>WO_RPV</VIEW_NAME>
        <CF_VIEW_NAME>WO_RPV_CFV</CF_VIEW_NAME>
        <USED_DB>FALSE</USED_DB>
        <ROWKEY>777D3AB6C76B480BBDA3C8999B827485</ROWKEY>
      </CUSTOM_FIELD_VIEW_ROW>
      <CUSTOM_FIELD_VIEW_ROW>
        <VIEW_NAME>WO_TASK_COUNTS</VIEW_NAME>
        <CF_VIEW_NAME>WO_TASK_COUNTS_CFV</CF_VIEW_NAME>
        <USED_DB>FALSE</USED_DB>
        <ROWKEY>1182D70FFFA343C9AD1073F2C40BBDA9</ROWKEY>
      </CUSTOM_FIELD_VIEW_ROW>
    </CUSTOM_FIELD_VIEW>
  </CUSTOM_FIELD>
</CUSTOM_OBJECT>
