<?xml version="1.0"?>
<CUSTOM_OBJECT>
  <NAME>CONNECT_SUSBCRIPTION_OBJ</NAME>
  <TYPE>CUSTOM_EVENT</TYPE>
  <DESCRIPTION>EA - C446. This event is to connect susbcription objects to the parent Object.</DESCRIPTION>
  <CUSTOM_EVENT EXPORT_DEF_VERSION="1">
    <EVENT_LU_NAME>CustomerOrderLine</EVENT_LU_NAME>
    <EVENT_ID>CONNECT_SUSBCRIPTION_OBJ</EVENT_ID>
    <EVENT_DESCRIPTION>EA - C446. This event is to connect susbcription objects to the parent Object.</EVENT_DESCRIPTION>
    <EVENT_ENABLE>TRUE</EVENT_ENABLE>
    <EVENT_TABLE_NAME>CUSTOMER_ORDER_LINE_CFT</EVENT_TABLE_NAME>
    <MODIFIED_ATTRIBUTES>CF$_OBJECT_CREATED</MODIFIED_ATTRIBUTES>
    <EVENT_TYPE_DB>CUSTOM</EVENT_TYPE_DB>
    <NEW_ROW_DB>FALSE</NEW_ROW_DB>
    <MODIFY_ROW_DB>TRUE</MODIFY_ROW_DB>
    <REMOVE_ROW_DB>FALSE</REMOVE_ROW_DB>
    <EVENT_TRIGGER_TYPE_DB>AFTER</EVENT_TRIGGER_TYPE_DB>
    <DEFINITION_MODIFIED_DATE>2021-06-11-07.38.50</DEFINITION_MODIFIED_DATE>
    <OBJKEY>F10C950CC83F47ABB1503A4980F3FF9A</OBJKEY>
    <EVENT_PARAMETERS>
      <EVENT_PARAMETERS_ROW>
        <ID>CF$_OBJECT_CREATED</ID>
        <ID_TYPE>STRING</ID_TYPE>
        <PLSQL_METHOD/>
        <CURRENT_VALUE_DB>FALSE</CURRENT_VALUE_DB>
        <NEW_VALUE_DB>TRUE</NEW_VALUE_DB>
      </EVENT_PARAMETERS_ROW>
    </EVENT_PARAMETERS>
  </CUSTOM_EVENT>
</CUSTOM_OBJECT>
