<?xml version="1.0"?>
<CUSTOM_OBJECT>
  <NAME>Customer Order No</NAME>
  <TYPE>CF_PERSISTENT</TYPE>
  <DESCRIPTION>EA - C446</DESCRIPTION>
  <CUSTOM_FIELD EXPORT_DEF_VERSION="1">
    <LU>EquipmentSerial</LU>
    <TABLE_NAME>EQUIPMENT_SERIAL_CFT</TABLE_NAME>
    <VIEW_NAME>EQUIPMENT_SERIAL_CFV</VIEW_NAME>
    <PACKAGE_NAME>EQUIPMENT_SERIAL_CFP</PACKAGE_NAME>
    <DEFINITION_MODIFIED_DATE>2021-02-19-08.56.14</DEFINITION_MODIFIED_DATE>
    <EXPORT_DATE>2021-07-02-09.13.15</EXPORT_DATE>
    <USED_DB>TRUE</USED_DB>
    <ROWKEY>44D744AC9B2847B6878F8C7120315249</ROWKEY>
    <CUSTOM_FIELD_ATTRIBUTE>
      <CUSTOM_FIELD_ATTRIBUTE_ROW>
        <ATTRIBUTE_NAME>CUSTOMER_ORDER_NO</ATTRIBUTE_NAME>
        <DATA_TYPE_DB>STRING</DATA_TYPE_DB>
        <FORMAT_DB>UNFORMATTED</FORMAT_DB>
        <DATA_LENGTH>4000</DATA_LENGTH>
        <DEFAULT_VALUE_TYPE_DB>NO_DEFAULT_VALUE</DEFAULT_VALUE_TYPE_DB>
        <DEFAULT_VALUE/>
        <MANDATORY_DB>FALSE</MANDATORY_DB>
        <INSERTABLE_DB>TRUE</INSERTABLE_DB>
        <UPDATEABLE_DB>FALSE</UPDATEABLE_DB>
        <QUERYABLE_DB>TRUE</QUERYABLE_DB>
        <PRIVATE_DB>FALSE</PRIVATE_DB>
        <LOV_DB>FALSE</LOV_DB>
        <INDEXED_DB>FALSE</INDEXED_DB>
        <PROMPT>Customer Order No</PROMPT>
        <DEFINITION_MODIFIED_DATE>2021-06-14-04.43.53</DEFINITION_MODIFIED_DATE>
        <CUSTOM_FIELD_TYPE_DB>PERSISTENT_FIELD</CUSTOM_FIELD_TYPE_DB>
        <CUSTOM_FIELD_IMPL_TYPE_DB>NOT_APPLICABLE</CUSTOM_FIELD_IMPL_TYPE_DB>
        <EXPRESSION/>
        <METADATA/>
        <LU_REFERENCE/>
        <UI_OBJECT_DB>DEFAULT</UI_OBJECT_DB>
        <USED_DB>TRUE</USED_DB>
        <READ_ONLY_EXPRESSION_DB>FALSE</READ_ONLY_EXPRESSION_DB>
        <NOTE>EA - C446</NOTE>
        <ENABLED_ON_REPORTS_DB>TRUE</ENABLED_ON_REPORTS_DB>
        <CONSTRAINT_TYPE_DB>RESTRICTED</CONSTRAINT_TYPE_DB>
        <LOV_VIEW/>
        <ALTERNATE_KEY_DB>FALSE</ALTERNATE_KEY_DB>
        <ROWKEY>83D78DD884D54FE78A75DFD5BD1524B4</ROWKEY>
      </CUSTOM_FIELD_ATTRIBUTE_ROW>
    </CUSTOM_FIELD_ATTRIBUTE>
    <TRANSLATIONS>
  </TRANSLATIONS>
    <CUSTOM_FIELD_VIEW>
      <CUSTOM_FIELD_VIEW_ROW>
        <VIEW_NAME>EQUIPMENT_SERIAL_HISTORY</VIEW_NAME>
        <CF_VIEW_NAME>EQUIPMENT_SERIAL_HISTORY_CFV</CF_VIEW_NAME>
        <USED_DB>FALSE</USED_DB>
        <ROWKEY>1E7F476C90734372A78877B4E03A6F9A</ROWKEY>
      </CUSTOM_FIELD_VIEW_ROW>
      <CUSTOM_FIELD_VIEW_ROW>
        <VIEW_NAME>EQUIPMENT_SERIAL_LOV</VIEW_NAME>
        <CF_VIEW_NAME>EQUIPMENT_SERIAL_LOV_CFV</CF_VIEW_NAME>
        <USED_DB>TRUE</USED_DB>
        <ROWKEY>3B14169C57B2452098D93F34E30035A7</ROWKEY>
      </CUSTOM_FIELD_VIEW_ROW>
      <CUSTOM_FIELD_VIEW_ROW>
        <VIEW_NAME>EQUIPMENT_SERIAL_UIV</VIEW_NAME>
        <CF_VIEW_NAME>EQUIPMENT_SERIAL_UIV_CFV</CF_VIEW_NAME>
        <USED_DB>TRUE</USED_DB>
        <ROWKEY>1E27FA21293F4237BAC3A9FEF25724D1</ROWKEY>
      </CUSTOM_FIELD_VIEW_ROW>
    </CUSTOM_FIELD_VIEW>
  </CUSTOM_FIELD>
</CUSTOM_OBJECT>
