<?xml version="1.0"?>
<CUSTOM_OBJECT>
  <NAME>0^FETCH_ORDER_TYPE_WO^ActiveSeparate</NAME>
  <TYPE>CUSTOM_EVENT_ACTION</TYPE>
  <DESCRIPTION>This event is to fetch the order type based on the work type </DESCRIPTION>
  <CUSTOM_EVENT_ACTION EXPORT_DEF_VERSION="2">
    <EVENT_LU_NAME>ActiveSeparate</EVENT_LU_NAME>
    <EVENT_ID>FETCH_ORDER_TYPE_WO</EVENT_ID>
    <ACTION_NUMBER>0</ACTION_NUMBER>
    <ACTION_ENABLE>TRUE</ACTION_ENABLE>
    <ACTION_PARAMETERS>!FNDSER.EVENT_ACTION_PARAM
$SQL=DECLARE
-
-  attr_    VARCHAR2(32000);
-  sql_msg_ VARCHAR2(32000);
-  stmt_    VARCHAR2(32000);
-  job_id_  NUMBER;
-
-BEGIN
-  stmt_ := &apos;
-
-DECLARE
-  order_type_    VARCHAR2(3200);
-  objversion_    VARCHAR2(3200);
-  contract_id_  VARCHAR2(3200);
-  objid_         VARCHAR2(3200);
-  attr_          VARCHAR2(3200);
-  contract_type_ VARCHAR2(3200);
-  info_          VARCHAR2(3200);
- wo_no_ NUMBER; 
-
-  CURSOR get_wo_details(wo_no_  IN NUMBER) IS
-    SELECT objversion, objid
-      FROM ACTIVE_SEPARATE_UIV
-     WHERE wo_no = wo_no_ ;
-
-  CURSOR get_order_type IS
-    SELECT cf$_Order_Type
-      FROM WORK_TYPE_cfv
-     WHERE work_type_id = &apos;&apos;&amp;NEW:WORK_TYPE_ID&apos;&apos;;
-
-  CURSOR get_sc_details(contract_type_ IN VARCHAR2) IS
-    SELECT ORDER_TYPE
-      FROM SC_CONTRACT_TYPE
-     WHERE CONTRACT_TYPE = contract_type_;
-
-BEGIN
-  wo_no_ := &amp;NEW:WO_NO;
-  contract_id_ := NVL(&apos;&apos;&amp;NEW:CONTRACT_ID&apos;&apos;, null);
-
-  OPEN get_order_type;
-  FETCH get_order_type
-    INTO order_type_;
-  CLOSE get_order_type;
-
-   IF (order_type_ is not null) THEN
-      Client_Sys.Add_To_Attr(&apos;&apos;CUST_ORDER_TYPE&apos;&apos;, order_type_, attr_);
-   ELSE
-      IF (contract_id_ is not null) THEN
-        contract_type_ := SC_SERVICE_CONTRACT_API.Get_Contract_Type(contract_id_);
-        OPEN get_sc_details(contract_type_);
-        FETCH get_sc_details
-           INTO order_type_;
-        CLOSE get_sc_details;
-        Client_Sys.Add_To_Attr(&apos;&apos;CUST_ORDER_TYPE&apos;&apos;, order_type_, attr_);
-     END IF;
-  END IF;
-
- OPEN get_wo_details(wo_no_) ;
-  FETCH get_wo_details
-    INTO objversion_, objid_;
-  CLOSE get_wo_details;
-
-IF (objversion_ is not null AND objid_ is not null) THEN
-    ACTIVE_SEPARATE_API.Modify__(info_,
-                                 objid_,
-                                 objversion_,
-                                 attr_,
-                                 &apos;&apos;DO&apos;&apos;);
-  END IF;
-
-END;
- &apos;;
-
-  sql_msg_ := Message_SYS.Construct(&apos;UPD&apos;);
-  Message_SYS.Add_Attribute(sql_msg_, &apos;SQL&apos;, stmt_);
-  Client_SYS.Clear_Attr(attr_);
-  Client_SYS.Add_To_Attr(&apos;SQL_DATA_&apos;, sql_msg_, attr_);
-  Client_SYS.Add_To_Attr(&apos;MSG_&apos;, &apos;&apos;, attr_);
-
-  Transaction_SYS.Deferred_Call(job_id_,
-                                &apos;Fnd_Event_Action_API.Action_Executeonlinesql&apos;,
-                                &apos;PARAMETER&apos;,
-                                attr_,
-                                &apos;To get order type for work order based on Service Contract  or Work Type Basic Data - C0649&apos;);
-END; 
$ATTACH=!ATTACHMENTS
</ACTION_PARAMETERS>
    <FND_EVENT_ACTION_TYPE_DB>EXECUTEONLINESQL</FND_EVENT_ACTION_TYPE_DB>
    <CONDITION_TYPE>!EVENT_ACTION_COND_TYPE
$NEW:CONTRACT_ID=
$NEW:WORK_TYPE_ID=
$NEW:WO_NO=
</CONDITION_TYPE>
    <CONDITION_VALUE>!EVENT_ACTION_COND_VALUE
$NEW:CONTRACT_ID=
$NEW:WORK_TYPE_ID=
$NEW:WO_NO=
</CONDITION_VALUE>
    <DESCRIPTION>This event is to fetch the order type based on the work type </DESCRIPTION>
    <SUBSCRIBABLE>FALSE</SUBSCRIBABLE>
    <SYSTEM_DEFINED>FALSE</SYSTEM_DEFINED>
    <ROLE/>
    <DEFINITION_MODIFIED_DATE>2021-05-12-11.36.44</DEFINITION_MODIFIED_DATE>
    <OBJKEY>9613B40DD0B94282A242BDAEA8A57E50</OBJKEY>
  </CUSTOM_EVENT_ACTION>
</CUSTOM_OBJECT>
