<?xml version="1.0"?>
<CUSTOM_OBJECT>
  <NAME>Tunstall Access Details</NAME>
  <TYPE>CUSTOM_TAB</TYPE>
  <DESCRIPTION/>
  <CUSTOM_TAB EXPORT_DEF_VERSION="1">
    <TYPE>CUSTOM_TAB</TYPE>
    <CONTAINER_NAME>frmWoFaultReportCustOrderTab.picTab</CONTAINER_NAME>
    <VERSION>*</VERSION>
    <ATTACHED_PAGE>cpgContactDetail</ATTACHED_PAGE>
    <TITLE>Tunstall Access Details</TITLE>
    <NOTE/>
    <ORDINAL/>
    <DB_VIEW_PARENT>ACTIVE_SEPARATE_UIV</DB_VIEW_PARENT>
    <DB_VIEW_CHILD>CONTACT_DETAIL_CLV</DB_VIEW_CHILD>
    <DEFINITION_MODIFIED_DATE>2021-07-14-10.16.25</DEFINITION_MODIFIED_DATE>
    <EXPORT_DATE>2021-07-23-07.17.29</EXPORT_DATE>
    <ROWKEY>C287BC2C77954C02A93677CF8CFA2B70</ROWKEY>
    <PARENT_KEYS>
      <PARENT_KEYS_ROW>
        <CONTAINER_NAME>frmWoFaultReportCustOrderTab.picTab</CONTAINER_NAME>
        <VERSION>*</VERSION>
        <ATTACHED_PAGE>cpgContactDetail</ATTACHED_PAGE>
        <CHILD_KEY>CF$_CONTRACT</CHILD_KEY>
        <PARENT_KEY>MCH_CODE_CONTRACT</PARENT_KEY>
        <OBJKEY>D8D60E128D6C4245821256916C33D5DB</OBJKEY>
      </PARENT_KEYS_ROW>
      <PARENT_KEYS_ROW>
        <CONTAINER_NAME>frmWoFaultReportCustOrderTab.picTab</CONTAINER_NAME>
        <VERSION>*</VERSION>
        <ATTACHED_PAGE>cpgContactDetail</ATTACHED_PAGE>
        <CHILD_KEY>CF$_MCH_CODE</CHILD_KEY>
        <PARENT_KEY>MCH_CODE</PARENT_KEY>
        <OBJKEY>FFB053C9C1FA42AC9E6BD132DE29EE6E</OBJKEY>
      </PARENT_KEYS_ROW>
      <PARENT_KEYS_ROW>
        <CONTAINER_NAME>frmWoFaultReportCustOrderTab.picTab</CONTAINER_NAME>
        <VERSION>*</VERSION>
        <ATTACHED_PAGE>cpgContactDetail</ATTACHED_PAGE>
        <CHILD_KEY>CF$_WO_NO</CHILD_KEY>
        <PARENT_KEY>WO_NO</PARENT_KEY>
        <OBJKEY>622E88D988E145D1B11CC4418F58C8BF</OBJKEY>
      </PARENT_KEYS_ROW>
    </PARENT_KEYS>
    <TRANSLATIONS>
  </TRANSLATIONS>
  </CUSTOM_TAB>
</CUSTOM_OBJECT>
