<?xml version="1.0"?>
<CUSTOM_OBJECT>
  <NAME>Views -Work Type</NAME>
  <TYPE>CF_VIEWS</TYPE>
  <DESCRIPTION>Custom Field Views of Logical Unit Work Type</DESCRIPTION>
  <CUSTOM_FIELD_VIEWS EXPORT_DEF_VERSION="1">
    <LU>WorkType</LU>
    <TABLE_NAME>WORK_TYPE_CFT</TABLE_NAME>
    <VIEW_NAME>WORK_TYPE_CFV</VIEW_NAME>
    <PACKAGE_NAME>WORK_TYPE_CFP</PACKAGE_NAME>
    <DEFINITION_MODIFIED_DATE>2021-01-21-17.24.31</DEFINITION_MODIFIED_DATE>
    <EXPORT_DATE>2021-07-23-07.17.30</EXPORT_DATE>
    <USED_DB>TRUE</USED_DB>
    <ROWKEY>98DA10C196C942A89B23569949061C39</ROWKEY>
    <CUSTOM_FIELD_VIEW>
  </CUSTOM_FIELD_VIEW>
  </CUSTOM_FIELD_VIEWS>
</CUSTOM_OBJECT>
