<?xml version="1.0"?>
<CUSTOM_OBJECT>
  <NAME>Views -Equipment Serial</NAME>
  <TYPE>CF_VIEWS</TYPE>
  <DESCRIPTION>Custom Field Views of Logical Unit Equipment Serial</DESCRIPTION>
  <CUSTOM_FIELD_VIEWS EXPORT_DEF_VERSION="1">
    <LU>EquipmentSerial</LU>
    <TABLE_NAME>EQUIPMENT_SERIAL_CFT</TABLE_NAME>
    <VIEW_NAME>EQUIPMENT_SERIAL_CFV</VIEW_NAME>
    <PACKAGE_NAME>EQUIPMENT_SERIAL_CFP</PACKAGE_NAME>
    <DEFINITION_MODIFIED_DATE>2021-02-19-08.56.14</DEFINITION_MODIFIED_DATE>
    <EXPORT_DATE>2021-08-04-04.42.37</EXPORT_DATE>
    <USED_DB>TRUE</USED_DB>
    <ROWKEY>44D744AC9B2847B6878F8C7120315249</ROWKEY>
    <CUSTOM_FIELD_VIEW>
      <CUSTOM_FIELD_VIEW_ROW>
        <VIEW_NAME>EQUIPMENT_SERIAL_HISTORY</VIEW_NAME>
        <CF_VIEW_NAME>EQUIPMENT_SERIAL_HISTORY_CFV</CF_VIEW_NAME>
        <USED_DB>FALSE</USED_DB>
        <ROWKEY>1E7F476C90734372A78877B4E03A6F9A</ROWKEY>
      </CUSTOM_FIELD_VIEW_ROW>
      <CUSTOM_FIELD_VIEW_ROW>
        <VIEW_NAME>EQUIPMENT_SERIAL_LOV</VIEW_NAME>
        <CF_VIEW_NAME>EQUIPMENT_SERIAL_LOV_CFV</CF_VIEW_NAME>
        <USED_DB>TRUE</USED_DB>
        <ROWKEY>3B14169C57B2452098D93F34E30035A7</ROWKEY>
      </CUSTOM_FIELD_VIEW_ROW>
      <CUSTOM_FIELD_VIEW_ROW>
        <VIEW_NAME>EQUIPMENT_SERIAL_UIV</VIEW_NAME>
        <CF_VIEW_NAME>EQUIPMENT_SERIAL_UIV_CFV</CF_VIEW_NAME>
        <USED_DB>TRUE</USED_DB>
        <ROWKEY>1E27FA21293F4237BAC3A9FEF25724D1</ROWKEY>
      </CUSTOM_FIELD_VIEW_ROW>
    </CUSTOM_FIELD_VIEW>
  </CUSTOM_FIELD_VIEWS>
</CUSTOM_OBJECT>
