<?xml version="1.0"?>
<CUSTOM_OBJECT>
  <NAME>Views -Equipment Functional</NAME>
  <TYPE>CF_VIEWS</TYPE>
  <DESCRIPTION>Custom Field Views of Logical Unit Equipment Functional</DESCRIPTION>
  <CUSTOM_FIELD_VIEWS EXPORT_DEF_VERSION="1">
    <LU>EquipmentFunctional</LU>
    <TABLE_NAME>EQUIPMENT_FUNCTIONAL_CFT</TABLE_NAME>
    <VIEW_NAME>EQUIPMENT_FUNCTIONAL_CFV</VIEW_NAME>
    <PACKAGE_NAME>EQUIPMENT_FUNCTIONAL_CFP</PACKAGE_NAME>
    <DEFINITION_MODIFIED_DATE>2020-07-28-11.08.02</DEFINITION_MODIFIED_DATE>
    <EXPORT_DATE>2021-08-04-04.42.36</EXPORT_DATE>
    <USED_DB>TRUE</USED_DB>
    <ROWKEY>340245E58AC9488DA70DB0060D568A2B</ROWKEY>
    <CUSTOM_FIELD_VIEW>
      <CUSTOM_FIELD_VIEW_ROW>
        <VIEW_NAME>EQUIPMENT_FUNCTIONAL_LOV</VIEW_NAME>
        <CF_VIEW_NAME>EQUIPMENT_FUNCTIONAL_LOV_CFV</CF_VIEW_NAME>
        <USED_DB>TRUE</USED_DB>
        <ROWKEY>9C09F4506E7E40CAB88E2A75C54180D1</ROWKEY>
      </CUSTOM_FIELD_VIEW_ROW>
      <CUSTOM_FIELD_VIEW_ROW>
        <VIEW_NAME>EQUIPMENT_FUNCTIONAL_UIV</VIEW_NAME>
        <CF_VIEW_NAME>EQUIPMENT_FUNCTIONAL_UIV_CFV</CF_VIEW_NAME>
        <USED_DB>TRUE</USED_DB>
        <ROWKEY>10380C9F70BD4F7A8F168C9E7A19620E</ROWKEY>
      </CUSTOM_FIELD_VIEW_ROW>
    </CUSTOM_FIELD_VIEW>
  </CUSTOM_FIELD_VIEWS>
</CUSTOM_OBJECT>
