<?xml version="1.0"?>
<CUSTOM_OBJECT>
  <NAME>1^TO_EDIT_FUNCTIONAL_LOC_ID^EquipmentFunctional</NAME>
  <TYPE>CUSTOM_EVENT_ACTION</TYPE>
  <DESCRIPTION>EA - C446.This event is to set the location IDs of the functional equipment objects created by Load to Parts RMB in the Customer Order Line Window. </DESCRIPTION>
  <CUSTOM_EVENT_ACTION EXPORT_DEF_VERSION="2">
    <EVENT_LU_NAME>EquipmentFunctional</EVENT_LU_NAME>
    <EVENT_ID>TO_EDIT_FUNCTIONAL_LOC_ID</EVENT_ID>
    <ACTION_NUMBER>1</ACTION_NUMBER>
    <ACTION_ENABLE>TRUE</ACTION_ENABLE>
    <ACTION_PARAMETERS>!FNDSER.EVENT_ACTION_PARAM
$SQL=DECLARE
-
-  attr_    VARCHAR2(32000);
-  sql_msg_ VARCHAR2(32000);
-  stmt_    VARCHAR2(32000);
-  job_id_  NUMBER;
-
-BEGIN
-
-  stmt_ := &apos;
-
-DECLARE
-
-info_             VARCHAR2(3200);
-attr_             VARCHAR2(3200);
-objid_            VARCHAR2(3200);
-objversion_   VARCHAR2(3200);
-location_       VARCHAR2(10) := NULL;
-
-CURSOR get_equ_func_obj IS 
-  SELECT objid, objversion
-    FROM  equipment_object
-  WHERE mch_code = &apos;&apos;&amp;NEW:MCH_CODE&apos;&apos;;
-
-BEGIN
-
-OPEN get_equ_func_obj;
-FETCH get_equ_func_obj INTO objid_, objversion_;
-CLOSE get_equ_func_obj ;
-
-
-IF(objid_ IS NOT NULL AND objversion_ IS NOT NULL )THEN
-   Client_Sys.Add_To_Attr(&apos;&apos;LOCATION_ID&apos;&apos;,  location_, attr_);
-   Equipment_Functional_API.Modify__(info_, objid_, objversion_, attr_, &apos;&apos;DO&apos;&apos;);
-END IF;
-
-END; 
-
- &apos;;
-
-  sql_msg_ := Message_SYS.Construct(&apos;UPD&apos;);
-  Message_SYS.Add_Attribute(sql_msg_, &apos;SQL&apos;, stmt_);
-  Client_SYS.Clear_Attr(attr_);
-  Client_SYS.Add_To_Attr(&apos;SQL_DATA_&apos;, sql_msg_, attr_);
-  Client_SYS.Add_To_Attr(&apos;MSG_&apos;, &apos;&apos;, attr_);
-
-  Transaction_SYS.Deferred_Call(job_id_,
-                                &apos;Fnd_Event_Action_API.Action_Executeonlinesql&apos;,
-                                &apos;PARAMETER&apos;,
-                                attr_,
-                                &apos;To modify the Location ID in Functional Equipment - C0446&apos;);
-END; 
$ATTACH=!ATTACHMENTS
</ACTION_PARAMETERS>
    <FND_EVENT_ACTION_TYPE_DB>EXECUTEONLINESQL</FND_EVENT_ACTION_TYPE_DB>
    <CONDITION_TYPE>!EVENT_ACTION_COND_TYPE
$NEW:MCH_CODE=
</CONDITION_TYPE>
    <CONDITION_VALUE>!EVENT_ACTION_COND_VALUE
$NEW:MCH_CODE=
</CONDITION_VALUE>
    <DESCRIPTION>EA - C446.This event is to set the location IDs of the functional equipment objects created by Load to Parts RMB in the Customer Order Line Window. </DESCRIPTION>
    <SUBSCRIBABLE>FALSE</SUBSCRIBABLE>
    <SYSTEM_DEFINED>FALSE</SYSTEM_DEFINED>
    <ROLE/>
    <DEFINITION_MODIFIED_DATE>2021-07-02-09.46.22</DEFINITION_MODIFIED_DATE>
    <OBJKEY>4AB9DF75FA9C4C75A32061D4CCFEAD11</OBJKEY>
  </CUSTOM_EVENT_ACTION>
</CUSTOM_OBJECT>
