<?xml version="1.0"?>
<CUSTOM_OBJECT>
  <NAME>Views -Sc Service Contract</NAME>
  <TYPE>CF_VIEWS</TYPE>
  <DESCRIPTION>Custom Field Views of Logical Unit Sc Service Contract</DESCRIPTION>
  <CUSTOM_FIELD_VIEWS EXPORT_DEF_VERSION="1">
    <LU>ScServiceContract</LU>
    <TABLE_NAME>SC_SERVICE_CONTRACT_CFT</TABLE_NAME>
    <VIEW_NAME>SC_SERVICE_CONTRACT_CFV</VIEW_NAME>
    <PACKAGE_NAME>SC_SERVICE_CONTRACT_CFP</PACKAGE_NAME>
    <DEFINITION_MODIFIED_DATE>2021-05-15-07.12.45</DEFINITION_MODIFIED_DATE>
    <EXPORT_DATE>2021-07-15-04.34.32</EXPORT_DATE>
    <USED_DB>TRUE</USED_DB>
    <ROWKEY>CD342A12D0C64F29909A838B5422230D</ROWKEY>
    <CUSTOM_FIELD_VIEW>
      <CUSTOM_FIELD_VIEW_ROW>
        <VIEW_NAME>SC_COST_ANALYSIS_GRAPH</VIEW_NAME>
        <CF_VIEW_NAME>SC_COST_ANALYSIS_GRAPH_CFV</CF_VIEW_NAME>
        <USED_DB>FALSE</USED_DB>
        <ROWKEY>4EDDE91F0FBE4F58A534AE4355946CE1</ROWKEY>
      </CUSTOM_FIELD_VIEW_ROW>
      <CUSTOM_FIELD_VIEW_ROW>
        <VIEW_NAME>SC_COST_BREAKDOWN_GRAPH</VIEW_NAME>
        <CF_VIEW_NAME>SC_COST_BREAKDOWN_GRAPH_CFV</CF_VIEW_NAME>
        <USED_DB>FALSE</USED_DB>
        <ROWKEY>E732F8A1568147ABB96C396362B40761</ROWKEY>
      </CUSTOM_FIELD_VIEW_ROW>
      <CUSTOM_FIELD_VIEW_ROW>
        <VIEW_NAME>SC_CUST_BILL_ADDRESS_LOV</VIEW_NAME>
        <CF_VIEW_NAME>SC_CUST_BILL_ADDRESS_LOV_CFV</CF_VIEW_NAME>
        <USED_DB>FALSE</USED_DB>
        <ROWKEY>DE91FA7D45234140BD4B770BF9925DF5</ROWKEY>
      </CUSTOM_FIELD_VIEW_ROW>
      <CUSTOM_FIELD_VIEW_ROW>
        <VIEW_NAME>SC_MARGIN_ANALYSIS_GRAPH</VIEW_NAME>
        <CF_VIEW_NAME>SC_MARGIN_ANALYSIS_GRAPH_CFV</CF_VIEW_NAME>
        <USED_DB>FALSE</USED_DB>
        <ROWKEY>58BE6D87A2B042348FD94A3DD0D874D3</ROWKEY>
      </CUSTOM_FIELD_VIEW_ROW>
      <CUSTOM_FIELD_VIEW_ROW>
        <VIEW_NAME>SC_MARGIN_ANALYSIS_GRAPH2</VIEW_NAME>
        <CF_VIEW_NAME>SC_MARGIN_ANALYSIS_GRAPH2_CFV</CF_VIEW_NAME>
        <USED_DB>FALSE</USED_DB>
        <ROWKEY>6242980382AB415C92261795578DCEC8</ROWKEY>
      </CUSTOM_FIELD_VIEW_ROW>
      <CUSTOM_FIELD_VIEW_ROW>
        <VIEW_NAME>SC_REVENUE_ANALYSIS_GRAPHS</VIEW_NAME>
        <CF_VIEW_NAME>SC_REVENUE_ANALYSIS_GRAPHS_CFV</CF_VIEW_NAME>
        <USED_DB>FALSE</USED_DB>
        <ROWKEY>31992D6B024C478AB094A9CD1016438D</ROWKEY>
      </CUSTOM_FIELD_VIEW_ROW>
      <CUSTOM_FIELD_VIEW_ROW>
        <VIEW_NAME>SC_REVENUE_BREAKDOWN_GRAPH</VIEW_NAME>
        <CF_VIEW_NAME>SC_REVENUE_BREAKDOWN_GRAPH_CFV</CF_VIEW_NAME>
        <USED_DB>FALSE</USED_DB>
        <ROWKEY>B61E2157E6874BFA80E2BEB714AA5571</ROWKEY>
      </CUSTOM_FIELD_VIEW_ROW>
      <CUSTOM_FIELD_VIEW_ROW>
        <VIEW_NAME>SC_SERVICE_CONTRACT_ALL</VIEW_NAME>
        <CF_VIEW_NAME>SC_SERVICE_CONTRACT_ALL_CFV</CF_VIEW_NAME>
        <USED_DB>FALSE</USED_DB>
        <ROWKEY>90245B3464AF4C2C9D9802EC1099C600</ROWKEY>
      </CUSTOM_FIELD_VIEW_ROW>
      <CUSTOM_FIELD_VIEW_ROW>
        <VIEW_NAME>SERVICE_CONTRACT_COST_ANAL</VIEW_NAME>
        <CF_VIEW_NAME>SERVICE_CONTRACT_COST_ANAL_CFV</CF_VIEW_NAME>
        <USED_DB>FALSE</USED_DB>
        <ROWKEY>6F4F17AC0E484A5CB99B9CBB6326177D</ROWKEY>
      </CUSTOM_FIELD_VIEW_ROW>
      <CUSTOM_FIELD_VIEW_ROW>
        <VIEW_NAME>SERVICE_CONTRACT_COST_ANAL2</VIEW_NAME>
        <CF_VIEW_NAME>SERVICE_CONTRACT1837923797_CFV</CF_VIEW_NAME>
        <USED_DB>FALSE</USED_DB>
        <ROWKEY>2F5A5A2D5B994468A28BE8744B2775DB</ROWKEY>
      </CUSTOM_FIELD_VIEW_ROW>
      <CUSTOM_FIELD_VIEW_ROW>
        <VIEW_NAME>SERVICE_CONTRACT_CR_PERIOD</VIEW_NAME>
        <CF_VIEW_NAME>SERVICE_CONTRACT_CR_PERIOD_CFV</CF_VIEW_NAME>
        <USED_DB>FALSE</USED_DB>
        <ROWKEY>F5E5F9422B6145D395953A2C71403AF5</ROWKEY>
      </CUSTOM_FIELD_VIEW_ROW>
      <CUSTOM_FIELD_VIEW_ROW>
        <VIEW_NAME>SERVICE_CONTRACT_INFO</VIEW_NAME>
        <CF_VIEW_NAME>SERVICE_CONTRACT_INFO_CFV</CF_VIEW_NAME>
        <USED_DB>FALSE</USED_DB>
        <ROWKEY>4269CEAE3D8C4DC09BD281FA8933F860</ROWKEY>
      </CUSTOM_FIELD_VIEW_ROW>
      <CUSTOM_FIELD_VIEW_ROW>
        <VIEW_NAME>SERVICE_CONTRACT_REV_ANAL</VIEW_NAME>
        <CF_VIEW_NAME>SERVICE_CONTRACT_REV_ANAL_CFV</CF_VIEW_NAME>
        <USED_DB>FALSE</USED_DB>
        <ROWKEY>A1165633BF5842FFAAB99FBAB266B407</ROWKEY>
      </CUSTOM_FIELD_VIEW_ROW>
      <CUSTOM_FIELD_VIEW_ROW>
        <VIEW_NAME>SERVICE_CONTRACT_REV_ANAL2</VIEW_NAME>
        <CF_VIEW_NAME>SERVICE_CONTRACT_REV_ANAL2_CFV</CF_VIEW_NAME>
        <USED_DB>FALSE</USED_DB>
        <ROWKEY>DC3ED2C1FE5D46C4A5136A56693ADAEE</ROWKEY>
      </CUSTOM_FIELD_VIEW_ROW>
    </CUSTOM_FIELD_VIEW>
  </CUSTOM_FIELD_VIEWS>
</CUSTOM_OBJECT>
