﻿<Counter>
  <Author>IFS RnD</Author>
  <Keywords>customer credit notes</Keywords>
  <DescriptiveText>Customer credit notes</DescriptiveText>
  <LastModified>2015-08-24-11.05.29</LastModified>
  <Locked>true</Locked>
  <Title>CREDIT INVOICE AMOUNT</Title>
  <Background>#FF4B4A4D</Background>
  <BackgroundOpacity>0.8</BackgroundOpacity>
  <ImageOpacity>0.1</ImageOpacity>
  <Name>FI Customer Credit Notes, Amount</Name>
  <ID>f5063bd4-44d3-473f-8149-790658d4f050</ID>
  <CustomUrl>ifsapf:tbwCustomerInvOview?COMPANY=$COMPANY$</CustomUrl>
  <FormMappings />
  <DataSourceId>b5aed5f3-4382-4653-be79-3f13ac1dae32</DataSourceId>
  <ColumnMapping>
    <MappedColumns>
      <MappedColumn>
        <Column>SUM(ABS(open_dom_amount))</Column>
        <Name>ABS(SUM(OPEN_DOM_AMOUNT))</Name>
        <ConditionalFormats />
      </MappedColumn>
    </MappedColumns>
  </ColumnMapping>
  <UseThousandSeparator>true</UseThousandSeparator>
</Counter>