﻿<Counter>
  <Author>IFS RnD</Author>
  <Keywords>customer advance payments</Keywords>
  <DescriptiveText>Customer advance payments</DescriptiveText>
  <LastModified>2015-08-24-11.05.03</LastModified>
  <Locked>true</Locked>
  <Title>ADVANCE PAYMENT AMOUNT</Title>
  <Background>#FF4B4A4D</Background>
  <BackgroundOpacity>0.8</BackgroundOpacity>
  <ImageOpacity>0.1</ImageOpacity>
  <Name>FI Customer Advance Payments, Amount</Name>
  <ID>958a4110-c67e-4ee4-8fe0-8bd3d1ac722e</ID>
  <CustomUrl>ifsapf:tbwCustomerOvw?COMPANY=$COMPANY$</CustomUrl>
  <FormMappings />
  <DataSourceId>a81f4e46-788c-4ed8-98c7-309d8bcd159b</DataSourceId>
  <ColumnMapping>
    <MappedColumns>
      <MappedColumn>
        <Column>ABS(SUM(pre_payment_balance))</Column>
        <Name>ABS(SUM(PRE_PAYMENT_BALANCE))</Name>
        <ConditionalFormats />
      </MappedColumn>
    </MappedColumns>
  </ColumnMapping>
  <UseThousandSeparator>true</UseThousandSeparator>
</Counter>