﻿<SQLDataSource>
  <Author>IFS RnD</Author>
  <LastModified>2015-08-24-11.20.01</LastModified>
  <Locked>true</Locked>
  <Name>FI Open Invoices, Amount - Customer</Name>
  <ID>0e7df161-7a49-452d-a25b-207a61f57042</ID>
  <Select>
    <DataColumn>
      <Column>SUM(curr_amount - cleared_curr_amount)</Column>
      <Name>Total Open Amount</Name>
      <DataType>Currency</DataType>
    </DataColumn>
    <DataColumn>
      <Column>SUM(dom_amount - cleared_dom_amount)</Column>
      <Name>Total Open Dom Amount</Name>
      <DataType>Currency</DataType>
    </DataColumn>
  </Select>
  <Where>company = '$COMPANY$' AND objstate &lt;&gt; 'Paid' AND cancelled &lt;&gt; 'TRUE' AND payment_date &gt; trunc(SYSDATE) AND party_type_db = 'CUSTOMER'</Where>
  <View>PAYMENT_PLAN</View>
</SQLDataSource>