﻿<Counter>
  <Author>IFS RnD</Author>
  <CopiedFrom>0f4da43f-7114-4dc0-b45a-f95a73c69793</CopiedFrom>
  <DescriptiveText>This indicated the vouchers created with status 'error'</DescriptiveText>
  <LastModified>2015-08-24-11.12.22</LastModified>
  <Locked>true</Locked>
  <Title>VOUCHERS WITH ERRORS</Title>
  <Background>#FF006996</Background>
  <BackgroundOpacity>0.8</BackgroundOpacity>
  <Name>FI Vouchers with Errors, AR</Name>
  <ID>26b0c3e7-a726-4c9e-9617-2c152017cc32</ID>
  <CustomUrl>ifsapf:tbwQueryVoucher?COMPANY=$COMPANY$</CustomUrl>
  <FormMappings />
  <DataSourceId>a5f22a7a-0386-4873-a078-780fb5395e7c</DataSourceId>
  <ColumnMapping>
    <MappedColumns>
      <MappedColumn>
        <Column>COUNT(voucher_no)</Column>
        <ConditionalFormats />
      </MappedColumn>
    </MappedColumns>
  </ColumnMapping>
  <UseThousandSeparator>true</UseThousandSeparator>
</Counter>