﻿<List>
  <Author>IFS RnD</Author>
  <DescriptiveText>Bank account details</DescriptiveText>
  <LastModified>2015-08-24-11.01.53</LastModified>
  <Locked>true</Locked>
  <ColumnSpan>2</ColumnSpan>
  <Title>BANK ACCOUNTS DETAILS</Title>
  <BackgroundOpacity>0.8</BackgroundOpacity>
  <ImageOpacity>0.1</ImageOpacity>
  <Name>FI Bank Account Details</Name>
  <ID>9764a9e9-a0ab-4e82-8d2e-7e9c8d3bccc4</ID>
  <CustomUrl>ifsapf:frmCashAccBal?COMPANY=$COMPANY$</CustomUrl>
  <PassDataToForm>false</PassDataToForm>
  <FormMappings />
  <DataSourceId>6b0103c2-2ec4-46f5-a4c5-0df54370b032</DataSourceId>
  <ColumnMapping>
    <MappedColumns>
      <MappedColumn>
        <Column>institute_id</Column>
        <Name>Institute ID</Name>
        <DisplayName>Institute</DisplayName>
        <Width>30</Width>
        <IsNavigateParam>false</IsNavigateParam>
        <NavigateTarget>institute_id</NavigateTarget>
        <ConditionalFormats />
      </MappedColumn>
      <MappedColumn>
        <Column>short_name</Column>
        <Name>Short Name</Name>
        <DisplayName>Cash Acc.</DisplayName>
        <Width>30</Width>
        <NavigateTarget>short_name</NavigateTarget>
        <ConditionalFormats />
      </MappedColumn>
      <MappedColumn>
        <Column>currency</Column>
        <Name>Currency</Name>
        <DisplayName>Curr</DisplayName>
        <Width>15</Width>
        <IsNavigateParam>false</IsNavigateParam>
        <NavigateTarget>currency</NavigateTarget>
        <ConditionalFormats />
      </MappedColumn>
      <MappedColumn>
        <Column>calculated_balance</Column>
        <Name>Calculated Balance</Name>
        <DisplayName>Balance</DisplayName>
        <Width>35</Width>
        <IsNavigateParam>false</IsNavigateParam>
        <NavigateTarget>calculated_balance</NavigateTarget>
        <ConditionalFormats />
      </MappedColumn>
    </MappedColumns>
    <ShowColumnHeaders>true</ShowColumnHeaders>
  </ColumnMapping>
</List>