﻿<Image>
  <Author>IFS RnD</Author>
  <CopiedFrom>a666858d-f9b0-4d80-979a-63e8ee69a203</CopiedFrom>
  <LastModified>2015-08-24-10.59.00</LastModified>
  <Locked>true</Locked>
  <RowSpan>2</RowSpan>
  <ColumnSpan>2</ColumnSpan>
  <Title>ACCOUNTS RECEIVABLES</Title>
  <TitleVisible>false</TitleVisible>
  <Background>#00FFFFFF</Background>
  <Image>local:Element/element_backdrop_45.jpg</Image>
  <Name>FI Image 2 AR</Name>
  <ID>0c601545-41d0-4440-a4ac-18b39523507c</ID>
  <FormMappings />
</Image>