﻿<Text>
  <Author>IFS RnD</Author>
  <CopiedFrom>0d84ba60-606f-4513-b09c-4886ee4f4801</CopiedFrom>
  <Keywords>ratios for accounts receivable</Keywords>
  <DescriptiveText>This is a manually entered text element</DescriptiveText>
  <LastModified>2015-08-24-11.00.12</LastModified>
  <Locked>true</Locked>
  <ColumnSpan>2</ColumnSpan>
  <Title>RATIOS</Title>
  <BackgroundOpacity>0.8</BackgroundOpacity>
  <ImageOpacity>0.2</ImageOpacity>
  <Name>FI Ratios, AR</Name>
  <ID>88a67c86-0b8a-4fe4-be33-9a3cfeae6972</ID>
  <FormMappings />
  <BodyText>
Current Ratio: 2.6
Quick Ratio: 1.3
Cash Ratio: 0.4
Debt Ratio: 18%
Int. Coverage: 74
FA T/O Ratio: 4.9
</BodyText>
  <VerticalAlignment>Center</VerticalAlignment>
</Text>