﻿<Counter>
  <Author>IFS RnD</Author>
  <CopiedFrom>1e4e5305-70e7-4527-a298-187679f96579</CopiedFrom>
  <DescriptiveText>Customer Invoice Write-off at payment for the AR</DescriptiveText>
  <LastModified>2015-08-24-11.10.53</LastModified>
  <Locked>true</Locked>
  <Title>PAYMENT WRITE-OFF</Title>
  <Background>#FF4B4A4D</Background>
  <BackgroundOpacity>0.8</BackgroundOpacity>
  <Name>FI Customer Write-off Total - AR</Name>
  <ID>9c847574-0348-4fa9-8c0e-4302314387cf</ID>
  <FormMappings />
  <DataSourceId>e12787df-65bc-414c-b8a7-a4ae7d3b2c4a</DataSourceId>
  <ColumnMapping>
    <MappedColumns>
      <MappedColumn>
        <Column>NVL(SUM(amount), 0)</Column>
        <ConditionalFormats />
      </MappedColumn>
    </MappedColumns>
  </ColumnMapping>
  <DecimalPlaces>2</DecimalPlaces>
  <RoundValue>true</RoundValue>
</Counter>