﻿<Counter>
  <Author>IFS RnD</Author>
  <LastModified>2015-08-24-11.08.48</LastModified>
  <Locked>true</Locked>
  <Title>NOT DUE INVOICE AMOUNT</Title>
  <Background>#FF4B4A4D</Background>
  <BackgroundOpacity>0.8</BackgroundOpacity>
  <ImageOpacity>0.3</ImageOpacity>
  <Name>FI Customer Invoices Not Due, Amount</Name>
  <ID>bd110b38-7787-49fc-8e54-b04115aac4d4</ID>
  <CustomUrl>ifsapf:tbwCustInvInstallment?COMPANY=$COMPANY$</CustomUrl>
  <FormMappings />
  <DataSourceId>0e7df161-7a49-452d-a25b-207a61f57042</DataSourceId>
  <ColumnMapping>
    <MappedColumns>
      <MappedColumn>
        <Column>SUM(dom_amount - cleared_dom_amount)</Column>
        <ConditionalFormats />
      </MappedColumn>
    </MappedColumns>
  </ColumnMapping>
  <UseThousandSeparator>true</UseThousandSeparator>
</Counter>