﻿<Counter>
  <Author>IFS RnD</Author>
  <DescriptiveText>Customer invoices overdue, amount</DescriptiveText>
  <LastModified>2015-08-24-11.09.58</LastModified>
  <Locked>true</Locked>
  <Title>OVERDUE INVOICE AMOUNT</Title>
  <Background>#FF006996</Background>
  <BackgroundOpacity>0.8</BackgroundOpacity>
  <ImageOpacity>0.2</ImageOpacity>
  <Name>FI Customer Invoices Overdue, Amount</Name>
  <ID>6c5b3a51-c26e-4477-aad2-800abaf48481</ID>
  <CustomUrl>ifsapf:tbwCustInvInstallment?COMPANY=$COMPANY$</CustomUrl>
  <FormMappings />
  <DataSourceId>9705c5c9-878e-48c4-8622-48abcc45d9be</DataSourceId>
  <ColumnMapping>
    <MappedColumns>
      <MappedColumn>
        <Column>SUM(dom_amount - cleared_dom_amount)</Column>
        <ConditionalFormats />
      </MappedColumn>
    </MappedColumns>
  </ColumnMapping>
  <UseThousandSeparator>true</UseThousandSeparator>
</Counter>