﻿<?xml version="1.0" encoding="UTF-8"?>
<Page xmlns:xsi="http://www.w3.org/2001/XMLSchema-instance" xmlns:xsd="http://www.w3.org/2001/XMLSchema">
  <Author>IFS RnD</Author>
  <LastModified>2021-05-25-09.27.36</LastModified>
  <Layout>
    <Groups>
      <Group>
        <Elements>
          <Element id="47dd8900-70c3-435d-a4ff-e722e930a99f" column="0" row="0" columnspan="1" rowspan="1" />
          <Element id="26b0c3e7-a726-4c9e-9617-2c152017cc32" column="1" row="0" columnspan="1" rowspan="1" />
        </Elements>
      </Group>
      <Group>
        <Elements>
          <Element id="b36bb3fa-b36b-4110-a71c-8691c34b53e4" column="0" row="0" columnspan="2" rowspan="1" />
        </Elements>
      </Group>
      <Group>
        <Elements>
          <Element id="c90978ed-4fcf-4db1-9236-58bfcf2b0720" column="0" row="0" columnspan="2" rowspan="1" />
        </Elements>
      </Group>
      <Group>
        <Elements>
          <Element id="7c805752-5459-4de8-9a34-4b7fbb6efba1" column="1" row="0" columnspan="1" rowspan="1" />
          <Element id="86fac139-5f47-44c9-b464-c90ec89cfa43" column="0" row="0" columnspan="1" rowspan="1" />
        </Elements>
      </Group>
      <Group>
        <Elements>
          <Element id="6c5b3a51-c26e-4477-aad2-800abaf48481" column="1" row="0" columnspan="1" rowspan="1" />
          <Element id="415010cb-078e-4e6e-b12d-02dc8a9302f4" column="0" row="0" columnspan="1" rowspan="1" />
        </Elements>
      </Group>
      <Group>
        <Elements />
        <IsSeparator>true</IsSeparator>
      </Group>
      <Group>
        <Elements>
          <Element id="5c6a0c4a-dbc1-4c8f-84c6-329c7cd01871" column="0" row="0" columnspan="1" rowspan="1" />
          <Element id="9c847574-0348-4fa9-8c0e-4302314387cf" column="1" row="0" columnspan="1" rowspan="1" />
        </Elements>
      </Group>
      <Group>
        <Elements>
          <Element id="4ba9dfae-f8c1-40a6-a2b6-d363d935d4c3" column="0" row="0" columnspan="2" rowspan="2" />
        </Elements>
      </Group>
      <Group>
        <Elements>
          <Element id="f45081e4-04c0-406e-949a-a1261649382c" column="0" row="0" columnspan="1" rowspan="1" />
          <Element id="958a4110-c67e-4ee4-8fe0-8bd3d1ac722e" column="0" row="1" columnspan="1" rowspan="1" />
          <Element id="f5063bd4-44d3-473f-8149-790658d4f050" column="1" row="1" columnspan="1" rowspan="1" />
          <Element id="bd110b38-7787-49fc-8e54-b04115aac4d4" column="1" row="0" columnspan="1" rowspan="1" />
        </Elements>
      </Group>
      <Group>
        <Elements>
          <Element id="5d63224e-6ba9-4c2b-b501-26633ec6804f" column="0" row="0" columnspan="2" rowspan="1" />
        </Elements>
      </Group>
      <Group>
        <Elements>
          <Element id="1906ef3f-693a-4e77-88e7-42e43443b47e" column="0" row="0" columnspan="1" rowspan="1" />
          <Element id="3b4966ad-bae4-4342-be6f-3276531dec3d" column="1" row="0" columnspan="1" rowspan="1" />
        </Elements>
      </Group>
      <Group>
        <Elements>
          <Element id="cc6206a3-345d-4b3a-8dd5-f8bc136c7af9" column="0" row="0" columnspan="1" rowspan="1" />
          <Element id="1dd557fc-4ff3-4746-bb6b-7426c31ff391" column="1" row="0" columnspan="1" rowspan="1" />
        </Elements>
      </Group>
      <Group>
        <Elements>
          <Element id="0c601545-41d0-4440-a4ac-18b39523507c" column="0" row="0" columnspan="2" rowspan="2" />
        </Elements>
      </Group>
      <Group>
        <Elements>
          <Element id="9764a9e9-a0ab-4e82-8d2e-7e9c8d3bccc4" column="0" row="0" columnspan="2" rowspan="1" />
        </Elements>
      </Group>
      <Group>
        <Elements>
          <Element id="aed10a3c-ec07-4298-8d44-7401c69ead8b" column="0" row="0" columnspan="2" rowspan="1" />
        </Elements>
      </Group>
      <Group>
        <Elements>
          <Element id="e49d07df-1328-400d-bae1-060154dd1052" column="0" row="0" columnspan="2" rowspan="1" />
        </Elements>
      </Group>
      <Group>
        <Elements>
          <Element id="88a67c86-0b8a-4fe4-be33-9a3cfeae6972" column="0" row="0" columnspan="2" rowspan="1" />
        </Elements>
      </Group>
      <Group>
        <Elements>
          <Element id="3e093651-abc1-447a-84f9-507a3d3511a6" column="0" row="0" columnspan="2" rowspan="1" />
        </Elements>
      </Group>
      <Group>
        <Elements />
        <IsSeparator>true</IsSeparator>
      </Group>
      <Group>
        <Elements>
          <Element id="cf179b2b-9863-40f7-8935-710ec7a6dff3" column="0" row="0" columnspan="1" rowspan="1" />
        </Elements>
      </Group>
    </Groups>
  </Layout>
  <DataSources>
    <DataSource id="2c31ef6f-8e56-4607-b82d-cb5ec6568b66" />
    <DataSource id="b5aed5f3-4382-4653-be79-3f13ac1dae32" />
    <DataSource id="a81f4e46-788c-4ed8-98c7-309d8bcd159b" />
    <DataSource id="6b0103c2-2ec4-46f5-a4c5-0df54370b032" />
    <DataSource id="b2e54ed5-1c48-439e-ac1a-ad03d627d2f7" />
    <DataSource id="FI Overdue Customer Balance" />
    <DataSource id="Copy of FI Invoices due today - Customer" />
    <DataSource id="FI Open Invoices - Customer" />
    <DataSource id="7508ae51-522b-42a4-9385-5b7b083d6e4c" />
    <DataSource id="d45c7368-6542-43f8-b504-9155b4c4fd1b" />
    <DataSource id="04145074-91c2-46bb-8f21-a375a7efed9e" />
    <DataSource id="4d6a230a-0d0a-4e85-9f26-22c9bd62b39d" />
    <DataSource id="402e4772-dcc6-4c9e-9cd3-c61d25458ace" />
    <DataSource id="16606e5c-8d93-4561-bb70-6e9e078908fa" />
    <DataSource id="a05e7516-6cdd-4d88-9baa-620b10f7aa58" />
    <DataSource id="528151b8-5000-4748-8e36-70e6156fd3a0" />
    <DataSource id="a5f22a7a-0386-4873-a078-780fb5395e7c" />
    <DataSource id="3a5db68c-4061-4f4a-b918-5eaa34eabb9e" />
    <DataSource id="e12787df-65bc-414c-b8a7-a4ae7d3b2c4a" />
    <DataSource id="e2581622-4345-4b5a-8985-586c5cd822a4" />
    <DataSource id="9705c5c9-878e-48c4-8622-48abcc45d9be" />
    <DataSource id="0e7df161-7a49-452d-a25b-207a61f57042" />
    <DataSource id="07d7e323-b5cb-4553-be61-e097ef740bd6" />
  </DataSources>
  <Parameters>
    <Parameter>
      <Name>COMPANY</Name>
      <Description>Company</Description>
      <DefaultValue>#DEFAULT_COMPANY#</DefaultValue>
    </Parameter>
    <Parameter>
      <Name>CONTRACT TYPE</Name>
      <Description>Contract Type</Description>
    </Parameter>
  </Parameters>
  <Filters />
  <PageTitle>ACCOUNTS RECEIVABLE    #TODAY#</PageTitle>
  <PageId>22b26ac7-63f5-499c-a8ab-2655acbe78b1</PageId>
  <Foreground>#FF4B4A4D</Foreground>
  <Image>pack://application:,,,/Ifs.Fnd.CompositePageRenderer;component/Images/Page/page_backdrop_02.jpg</Image>
  <Opacity>0.8</Opacity>
  <RefreshInterval>300</RefreshInterval>
  <Translations />
</Page>