﻿<SQLDataSource>
  <Author>IFS RnD</Author>
  <CopiedFrom>Copy of FI Invoices due today - Customer</CopiedFrom>
  <LastModified>2015-08-24-11.18.34</LastModified>
  <Locked>true</Locked>
  <Name>FI Invoices Overdue, Count - Customer</Name>
  <ID>d45c7368-6542-43f8-b504-9155b4c4fd1b</ID>
  <Select>
    <DataColumn>
      <Column>COUNT(DISTINCT(invoice_id))</Column>
      <Name>Invoice Count</Name>
      <DataType>Number</DataType>
    </DataColumn>
  </Select>
  <Where>company = '$COMPANY$' AND objstate &lt;&gt; 'Paid' AND cancelled &lt;&gt; 'TRUE' AND payment_date &lt; trunc(SYSDATE) AND party_type_db = 'CUSTOMER'</Where>
  <View>PAYMENT_PLAN</View>
</SQLDataSource>