﻿<Counter>
  <Author>IFS RnD</Author>
  <CopiedFrom>8207a5ab-8beb-4ffa-b225-a542f60593d3</CopiedFrom>
  <DescriptiveText>External payments waiting to be created - month end process</DescriptiveText>
  <LastModified>2015-08-24-11.06.02</LastModified>
  <Locked>true</Locked>
  <Title>EXT. PAYMENTS TO BE CREATED</Title>
  <Background>#FFFFFFFF</Background>
  <BackgroundOpacity>0.8</BackgroundOpacity>
  <Foreground>#FF4B4A4D</Foreground>
  <Name>FI External Payments Waiting to be Created - AR</Name>
  <ID>cc6206a3-345d-4b3a-8dd5-f8bc136c7af9</ID>
  <CustomUrl>ifsapf:tbwExtPaymentHead?company=$COMPANY$</CustomUrl>
  <FormMappings />
  <DataSourceId>a05e7516-6cdd-4d88-9baa-620b10f7aa58</DataSourceId>
  <ColumnMapping>
    <MappedColumns>
      <MappedColumn>
        <Column>count(LOAD_ID)</Column>
        <ConditionalFormats />
      </MappedColumn>
    </MappedColumns>
  </ColumnMapping>
  <UseThousandSeparator>true</UseThousandSeparator>
</Counter>