﻿<Counter>
  <Author>IFS RnD</Author>
  <CopiedFrom>2b10153d-edb7-4f6a-90e7-74076da29983</CopiedFrom>
  <DescriptiveText>This indicate the vouchers to update, related to accounts receivable.</DescriptiveText>
  <LastModified>2015-08-24-11.12.11</LastModified>
  <Locked>true</Locked>
  <Title>VOUCHERS TO UPDATE</Title>
  <Background>#FF4B4A4D</Background>
  <BackgroundOpacity>0.8</BackgroundOpacity>
  <ImageOpacity>0.1</ImageOpacity>
  <Name>FI Vouchers to Update, AR</Name>
  <ID>5c6a0c4a-dbc1-4c8f-84c6-329c7cd01871</ID>
  <CustomUrl>ifsapf:tbwQueryVoucher?COMPANY=$COMPANY$</CustomUrl>
  <FormMappings />
  <DataSourceId>528151b8-5000-4748-8e36-70e6156fd3a0</DataSourceId>
  <ColumnMapping>
    <MappedColumns>
      <MappedColumn>
        <Column>COUNT(voucher_no)</Column>
        <ConditionalFormats />
      </MappedColumn>
    </MappedColumns>
  </ColumnMapping>
  <UseThousandSeparator>true</UseThousandSeparator>
</Counter>