﻿<SQLDataSource>
  <Author>IFS RnD</Author>
  <LastModified>2015-08-24-11.18.12</LastModified>
  <Locked>true</Locked>
  <Name>FI Invoice with Errors</Name>
  <ID>b2e54ed5-1c48-439e-ac1a-ad03d627d2f7</ID>
  <Select>
    <DataColumn>
      <Column>COUNT(invoice_id)</Column>
      <Name>Count</Name>
      <DataType>Number</DataType>
    </DataColumn>
  </Select>
  <Where>company = '$COMPANY$' AND ((creator != 'INTEREST_PROPOSAL_API' AND objstate = 'Printed' AND NVL(ok_create_voucher, 'FALSE') = 'FALSE') OR (creator = 'INTEREST_PROPOSAL_API' AND objstate = 'Printed' AND NVL(ok_create_voucher, 'FALSE') = 'FALSE' AND error = 'TRUE') OR ( objstate = 'Preliminary' AND creator = 'MAN_CUST_INVOICE_API' AND multi_invoice_voucher = 'TRUE' AND ok_create_voucher = 'FALSE') OR (sent = 'FALSE' AND send_error = 'TRUE' AND media_code = 'E-INVOICE')) AND error = 'TRUE'</Where>
  <View>OUTGOING_INVOICE2</View>
</SQLDataSource>