﻿<SQLDataSource>
  <Author>IFS RnD</Author>
  <LastModified>2015-08-24-11.20.08</LastModified>
  <Locked>true</Locked>
  <Name>FI Open Invoices, Count - Customer</Name>
  <ID>FI Open Invoices - Customer</ID>
  <Select>
    <DataColumn>
      <Column>COUNT(DISTINCT(invoice_id))</Column>
      <Name>Invoice Count</Name>
      <DataType>Number</DataType>
    </DataColumn>
  </Select>
  <Where>company = '$COMPANY$' AND objstate &lt;&gt; 'Paid' AND cancelled &lt;&gt; 'TRUE' AND payment_date &gt; trunc(SYSDATE) AND party_type_db = 'CUSTOMER'</Where>
  <View>PAYMENT_PLAN</View>
</SQLDataSource>