﻿<Text>
  <Author>IFS RnD</Author>
  <CopiedFrom>44f6c2d9-9b8c-4867-bd7f-58000f4eb54b</CopiedFrom>
  <Keywords>regulatory reporting, ar</Keywords>
  <DescriptiveText>This is a manually entered text element</DescriptiveText>
  <LastModified>2015-08-24-11.00.22</LastModified>
  <Locked>true</Locked>
  <ColumnSpan>2</ColumnSpan>
  <Title>REPORTING</Title>
  <BackgroundOpacity>0.8</BackgroundOpacity>
  <ImageOpacity>0.1</ImageOpacity>
  <Name>FI Regulatory Reporting, AR</Name>
  <ID>3e093651-abc1-447a-84f9-507a3d3511a6</ID>
  <FormMappings />
  <BodyText>
Payment Booking, 29th May       
Period Close, 03rd June 
Tax Claim, 10th June   </BodyText>
  <FontSize>13</FontSize>
</Text>