﻿<List>
  <Author>IFS RnD</Author>
  <LastModified>2015-08-24-11.02.27</LastModified>
  <Locked>true</Locked>
  <ColumnSpan>2</ColumnSpan>
  <Title>CUSTOMERS WITH NEGATIVE BALANCE</Title>
  <Background>#FFFFFFFF</Background>
  <BackgroundOpacity>0.8</BackgroundOpacity>
  <Foreground>#FF4B4A4D</Foreground>
  <ImageOpacity>0.1</ImageOpacity>
  <Name>FI Customers with Negative Balance</Name>
  <ID>aed10a3c-ec07-4298-8d44-7401c69ead8b</ID>
  <CustomUrl>ifsapf:frmCustomerAnalysis?COMPANY=$COMPANY$</CustomUrl>
  <FormMappings />
  <DataSourceId>04145074-91c2-46bb-8f21-a375a7efed9e</DataSourceId>
  <ColumnMapping>
    <MappedColumns>
      <MappedColumn>
        <Column>identity</Column>
        <Name>Customer ID</Name>
        <DisplayName>Customer</DisplayName>
        <Width>30</Width>
        <NavigateTarget>identity</NavigateTarget>
        <ConditionalFormats />
      </MappedColumn>
      <MappedColumn>
        <Column>balance</Column>
        <Name>Balance</Name>
        <DisplayName>Negative Balance</DisplayName>
        <Width>50</Width>
        <IsNavigateParam>false</IsNavigateParam>
        <NavigateTarget>balance</NavigateTarget>
        <ConditionalFormats />
      </MappedColumn>
    </MappedColumns>
    <ShowColumnHeaders>true</ShowColumnHeaders>
  </ColumnMapping>
</List>