﻿<Counter>
  <Author>IFS RnD</Author>
  <Keywords>customer invoices due today</Keywords>
  <DescriptiveText>Customer invoices due today, amount</DescriptiveText>
  <LastModified>2015-08-24-11.06.51</LastModified>
  <Locked>true</Locked>
  <Title>INVOICE AMOUNT DUE TODAY</Title>
  <Background>#FF006996</Background>
  <BackgroundOpacity>0.8</BackgroundOpacity>
  <ImageOpacity>0.3</ImageOpacity>
  <Name>FI Customer Invoices Due Today, Amount</Name>
  <ID>7c805752-5459-4de8-9a34-4b7fbb6efba1</ID>
  <CustomUrl>ifsapf:tbwCustInvInstallment?COMPANY=$COMPANY$</CustomUrl>
  <FormMappings />
  <DataSourceId>e2581622-4345-4b5a-8985-586c5cd822a4</DataSourceId>
  <ColumnMapping>
    <MappedColumns>
      <MappedColumn>
        <Column>SUM(dom_amount - cleared_dom_amount)</Column>
        <ConditionalFormats />
      </MappedColumn>
    </MappedColumns>
  </ColumnMapping>
  <UseThousandSeparator>true</UseThousandSeparator>
</Counter>