﻿<SQLDataSource>
  <Author>IFS RnD</Author>
  <LastModified>2015-08-24-11.16.43</LastModified>
  <Locked>true</Locked>
  <Name>FI Customers with Negative Balance</Name>
  <ID>04145074-91c2-46bb-8f21-a375a7efed9e</ID>
  <Select>
    <DataColumn>
      <Column>identity</Column>
      <Name>Customer ID</Name>
    </DataColumn>
    <DataColumn>
      <Column>name</Column>
      <Name>Customer Name</Name>
    </DataColumn>
    <DataColumn>
      <Column>balance</Column>
      <Name>Balance</Name>
      <DataType>Currency</DataType>
    </DataColumn>
  </Select>
  <Where>company = '$COMPANY$' and balance &lt; 0</Where>
  <View>IDENTITY_PAY_INFO_CU_QRY</View>
  <OrderBy>balance DESC</OrderBy>
</SQLDataSource>