﻿<Counter>
  <Author>IFS RnD</Author>
  <CopiedFrom>5c6a0c4a-dbc1-4c8f-84c6-329c7cd01871</CopiedFrom>
  <DescriptiveText>This indicate the vouchers to update, related to accounts payable.</DescriptiveText>
  <LastModified>2015-08-24-11.07.24</LastModified>
  <Locked>true</Locked>
  <Title>INVOICES WITH POSTING ERRORS</Title>
  <Background>#FF006996</Background>
  <BackgroundOpacity>0.8</BackgroundOpacity>
  <ImageOpacity>0.1</ImageOpacity>
  <Name>FI Invoices with Posting Error</Name>
  <ID>47dd8900-70c3-435d-a4ff-e722e930a99f</ID>
  <CustomUrl>ifsapf:tbwCreateVoucher?COMPANY=$COMPANY$</CustomUrl>
  <FormMappings />
  <DataSourceId>b2e54ed5-1c48-439e-ac1a-ad03d627d2f7</DataSourceId>
  <ColumnMapping>
    <MappedColumns>
      <MappedColumn>
        <Column>COUNT(invoice_id)</Column>
        <ConditionalFormats />
      </MappedColumn>
    </MappedColumns>
  </ColumnMapping>
  <UseThousandSeparator>true</UseThousandSeparator>
</Counter>