﻿<Counter>
  <Author>IFS RnD</Author>
  <CopiedFrom>3dc3c0e1-2bb4-41e0-931c-b92f7715d0dd</CopiedFrom>
  <DescriptiveText>Not approved mixed payment transactions - month end process</DescriptiveText>
  <LastModified>2015-08-24-11.08.19</LastModified>
  <Locked>true</Locked>
  <Title>NOT APPROVED MIXED PAYMENTS</Title>
  <Background>#FFFFFFFF</Background>
  <BackgroundOpacity>0.8</BackgroundOpacity>
  <Foreground>#FF4B4A4D</Foreground>
  <Name>FI Not Approved Mixed Payment Transactions - AR</Name>
  <ID>3b4966ad-bae4-4342-be6f-3276531dec3d</ID>
  <CustomUrl>ifsapf:tbwOverviewMixedPayment?COMPANY=$COMPANY$</CustomUrl>
  <FormMappings />
  <DataSourceId>402e4772-dcc6-4c9e-9cd3-c61d25458ace</DataSourceId>
  <ColumnMapping>
    <MappedColumns>
      <MappedColumn>
        <Column>COUNT(mixed_payment_id)</Column>
        <ConditionalFormats />
      </MappedColumn>
    </MappedColumns>
  </ColumnMapping>
  <UseThousandSeparator>true</UseThousandSeparator>
</Counter>