﻿<Counter>
  <Author>IFS RnD</Author>
  <LastModified>2015-08-24-11.10.25</LastModified>
  <Locked>true</Locked>
  <Title>OVERDUE INVOICES</Title>
  <Background>#FF006996</Background>
  <BackgroundOpacity>0.8</BackgroundOpacity>
  <ImageOpacity>0.2</ImageOpacity>
  <Name>FI Customer Invoices Overdue, Count</Name>
  <ID>415010cb-078e-4e6e-b12d-02dc8a9302f4</ID>
  <CustomUrl>ifsapf:tbwCustInvInstallment?COMPANY=$COMPANY$</CustomUrl>
  <FormMappings />
  <DataSourceId>d45c7368-6542-43f8-b504-9155b4c4fd1b</DataSourceId>
  <ColumnMapping>
    <MappedColumns>
      <MappedColumn>
        <Column>COUNT(DISTINCT(invoice_id))</Column>
        <ConditionalFormats />
      </MappedColumn>
    </MappedColumns>
  </ColumnMapping>
  <UseThousandSeparator>true</UseThousandSeparator>
</Counter>