﻿<SQLDataSource>
  <Author>IFS RnD</Author>
  <CopiedFrom>e0eb5d40-d993-4a32-9ba5-e04e4b3aa77b</CopiedFrom>
  <LastModified>2015-08-24-11.14.56</LastModified>
  <Locked>true</Locked>
  <Name>FI Balance Analysis - Write-off</Name>
  <ID>e12787df-65bc-414c-b8a7-a4ae7d3b2c4a</ID>
  <Select>
    <DataColumn>
      <Column>NVL(SUM(amount), 0)</Column>
      <Name>Total Amount</Name>
      <DataType>Decimal</DataType>
    </DataColumn>
  </Select>
  <Where>company = '$COMPANY$' AND trans_code = 'PP17'</Where>
  <View>GL_AND_HOLD_VOU_ROW_QRY</View>
</SQLDataSource>