﻿<List>
  <Author>IFS RnD</Author>
  <LastModified>2015-08-24-11.02.15</LastModified>
  <Locked>true</Locked>
  <ColumnSpan>2</ColumnSpan>
  <Title>CREDIT BLOCKED CUSTOMERS</Title>
  <Background>#FFFFFFFF</Background>
  <BackgroundOpacity>0.8</BackgroundOpacity>
  <Foreground>#FF4B4A4D</Foreground>
  <Name>FI Credit Blocked Customers with Receivable Amount</Name>
  <ID>b36bb3fa-b36b-4110-a71c-8691c34b53e4</ID>
  <CustomUrl>ifsapf:frmCustomerInfo?COMPANY=$COMPANY$</CustomUrl>
  <PassDataToForm>false</PassDataToForm>
  <FormMappings />
  <DataSourceId>3a5db68c-4061-4f4a-b918-5eaa34eabb9e</DataSourceId>
  <ColumnMapping>
    <MappedColumns>
      <MappedColumn>
        <Column>identity</Column>
        <Name>Customer ID</Name>
        <DisplayName>Customer ID</DisplayName>
        <NavigateTarget>customer_id</NavigateTarget>
        <ConditionalFormats />
      </MappedColumn>
      <MappedColumn>
        <Column>SUM(net_dom_amount + vat_dom_amount)</Column>
        <Name>Total Gross Amount</Name>
        <DisplayName>Receivable Amount</DisplayName>
        <IsNavigateParam>false</IsNavigateParam>
        <NavigateTarget>SUM(net_dom_amount + vat_dom_amount)</NavigateTarget>
        <ConditionalFormats />
      </MappedColumn>
    </MappedColumns>
    <ShowColumnHeaders>true</ShowColumnHeaders>
  </ColumnMapping>
</List>