﻿<Counter>
  <Author>IFS RnD</Author>
  <Keywords>customer invoices due today</Keywords>
  <LastModified>2015-08-24-11.07.07</LastModified>
  <Locked>true</Locked>
  <Title>INVOICES DUE TODAY</Title>
  <Background>#FF006996</Background>
  <BackgroundOpacity>0.8</BackgroundOpacity>
  <ImageOpacity>0.3</ImageOpacity>
  <Name>FI Customer Invoices Due Today, Count</Name>
  <ID>86fac139-5f47-44c9-b464-c90ec89cfa43</ID>
  <CustomUrl>ifsapf:tbwCustInvInstallment?COMPANY=$COMPANY$</CustomUrl>
  <FormMappings />
  <DataSourceId>Copy of FI Invoices due today - Customer</DataSourceId>
  <ColumnMapping>
    <MappedColumns>
      <MappedColumn>
        <Column>COUNT(DISTINCT(invoice_id))</Column>
        <ConditionalFormats />
      </MappedColumn>
    </MappedColumns>
  </ColumnMapping>
  <UseThousandSeparator>true</UseThousandSeparator>
</Counter>