﻿<SQLDataSource>
  <Author>IFS RnD</Author>
  <LastModified>2015-08-24-11.15.45</LastModified>
  <Locked>true</Locked>
  <Name>FI Customer Credit Notes</Name>
  <ID>b5aed5f3-4382-4653-be79-3f13ac1dae32</ID>
  <Select>
    <DataColumn>
      <Column>SUM(ABS(open_dom_amount))</Column>
      <Name>Total Open Dom Amount</Name>
      <DataType>Currency</DataType>
    </DataColumn>
  </Select>
  <Where>open_dom_amount &lt; 0 AND company = '$COMPANY$'</Where>
  <View>INVOICE_LEDGER_ITEM_CU_QRY</View>
</SQLDataSource>