﻿<SQLDataSource>
  <Author>IFS RnD</Author>
  <LastModified>2018-02-15-16.43.37</LastModified>
  <Locked>true</Locked>
  <Name>FI Customer Aging</Name>
  <ID>2c31ef6f-8e56-4607-b82d-cb5ec6568b66</ID>
  <Select>
    <DataColumn>
      <Column>bucket_desc</Column>
      <Name>Bucket Name</Name>
    </DataColumn>
    <DataColumn>
      <Column>bucket_value</Column>
      <Name>Bucket Value</Name>
      <DataType>Currency</DataType>
    </DataColumn>
    <DataColumn>
      <Column>start_day</Column>
      <Name>Start day</Name>
      <DataType>Number</DataType>
    </DataColumn>
  </Select>
  <Where>company = '$COMPANY$'</Where>
  <View>BUCKETS_QRY</View>
  <OrderBy>start_day DESC</OrderBy>
  <GroupBy />
</SQLDataSource>