﻿<Counter>
  <Author>IFS RnD</Author>
  <CopiedFrom>6483b54c-7d53-40fd-88fc-31c2126be985</CopiedFrom>
  <DescriptiveText>Not approved cashbox transactions - month end process</DescriptiveText>
  <LastModified>2015-08-24-11.08.02</LastModified>
  <Locked>true</Locked>
  <Title>NOT APPROVED CASH BOXES</Title>
  <Background>#FFFFFFFF</Background>
  <BackgroundOpacity>0.8</BackgroundOpacity>
  <Foreground>#FF4B4A4D</Foreground>
  <Name>FI Not Approved Cashbox Transactions - AR</Name>
  <ID>1906ef3f-693a-4e77-88e7-42e43443b47e</ID>
  <CustomUrl>ifsapf:tbwOverviewCashBox?COMPANY=$COMPANY$</CustomUrl>
  <FormMappings />
  <DataSourceId>16606e5c-8d93-4561-bb70-6e9e078908fa</DataSourceId>
  <ColumnMapping>
    <MappedColumns>
      <MappedColumn>
        <Column>COUNT(mixed_payment_id)</Column>
        <ConditionalFormats />
      </MappedColumn>
    </MappedColumns>
  </ColumnMapping>
  <UseThousandSeparator>true</UseThousandSeparator>
</Counter>