﻿<SQLDataSource>
  <Author>IFS RnD</Author>
  <CopiedFrom>bd150794-6360-46c6-84a6-67b4876bb19c</CopiedFrom>
  <LastModified>2015-08-24-11.21.29</LastModified>
  <Locked>true</Locked>
  <Name>FI Vouchers to Update, AR</Name>
  <ID>528151b8-5000-4748-8e36-70e6156fd3a0</ID>
  <Select>
    <DataColumn>
      <Column>COUNT(voucher_no)</Column>
      <Name>Count</Name>
      <DataType>Number</DataType>
    </DataColumn>
  </Select>
  <Where>company = '$COMPANY$' AND voucher_updated_db ='N' AND function_group IN ('B', 'CB', 'D', 'F', 'G', 'K', 'M', 'N')</Where>
  <View>VOUCHER</View>
</SQLDataSource>