﻿<Counter>
  <Author>IFS RnD</Author>
  <LastModified>2015-08-24-11.08.11</LastModified>
  <Locked>true</Locked>
  <Title>NOT APPROVED CUSTOMER PAYMENTS</Title>
  <Background>#FFFFFFFF</Background>
  <BackgroundOpacity>0.8</BackgroundOpacity>
  <Foreground>#FF4B4A4D</Foreground>
  <Name>FI Not Approved Customer Payments</Name>
  <ID>1dd557fc-4ff3-4746-bb6b-7426c31ff391</ID>
  <FormMappings />
  <DataSourceId>4d6a230a-0d0a-4e85-9f26-22c9bd62b39d</DataSourceId>
  <ColumnMapping>
    <MappedColumns>
      <MappedColumn>
        <Column>COUNT(prel_payment_id)</Column>
        <ConditionalFormats />
      </MappedColumn>
    </MappedColumns>
  </ColumnMapping>
  <UseThousandSeparator>true</UseThousandSeparator>
</Counter>