﻿<Counter>
  <Author>IFS RnD</Author>
  <LastModified>2015-08-24-11.08.58</LastModified>
  <Locked>true</Locked>
  <Title>NOT DUE INVOICES</Title>
  <Background>#FF4B4A4D</Background>
  <BackgroundOpacity>0.8</BackgroundOpacity>
  <ImageOpacity>0.3</ImageOpacity>
  <Name>FI Customer Invoices Not Due, Count</Name>
  <ID>f45081e4-04c0-406e-949a-a1261649382c</ID>
  <CustomUrl>ifsapf:tbwCustInvInstallment?COMPANY=$COMPANY$</CustomUrl>
  <FormMappings />
  <DataSourceId>FI Open Invoices - Customer</DataSourceId>
  <ColumnMapping>
    <MappedColumns>
      <MappedColumn>
        <Column>COUNT(DISTINCT(invoice_id))</Column>
        <ConditionalFormats />
      </MappedColumn>
    </MappedColumns>
  </ColumnMapping>
  <UseThousandSeparator>true</UseThousandSeparator>
</Counter>