﻿<SQLDataSource>
  <Author>IFS RnD</Author>
  <CopiedFrom>ce450328-4ec7-4dd8-848e-ea7e79bcf9a1</CopiedFrom>
  <LastModified>2015-08-24-11.19.11</LastModified>
  <Locked>true</Locked>
  <Name>FI Not Approved Mixed Payment Transactions - AR</Name>
  <ID>402e4772-dcc6-4c9e-9cd3-c61d25458ace</ID>
  <Select>
    <DataColumn>
      <Column>COUNT(mixed_payment_id)</Column>
      <Name>count</Name>
      <DataType>Number</DataType>
    </DataColumn>
  </Select>
  <Where>company = '$COMPANY$' AND objstate  = 'NotApproved'</Where>
  <View>MIXED_PAYMENT</View>
</SQLDataSource>