﻿<List>
  <Author>IFS RnD</Author>
  <DescriptiveText>List of overdue customers</DescriptiveText>
  <LastModified>2015-08-24-11.03.19</LastModified>
  <Locked>true</Locked>
  <ColumnSpan>2</ColumnSpan>
  <Title>OVERDUE CUSTOMERS</Title>
  <Background>#FFFFFFFF</Background>
  <BackgroundOpacity>0.8</BackgroundOpacity>
  <Foreground>#FF4B4A4D</Foreground>
  <ImageOpacity>0.1</ImageOpacity>
  <Name>FI Overdue Customers</Name>
  <ID>c90978ed-4fcf-4db1-9236-58bfcf2b0720</ID>
  <CustomUrl>ifsapf:tbwCustInvoice?COMPANY=$COMPANY$</CustomUrl>
  <PassDataToForm>false</PassDataToForm>
  <FormMappings />
  <DataSourceId>FI Overdue Customer Balance</DataSourceId>
  <ColumnMapping>
    <MappedColumns>
      <MappedColumn>
        <Column>identity</Column>
        <Name>Customer ID</Name>
        <DisplayName>Customer ID</DisplayName>
        <NavigateTarget>identity</NavigateTarget>
        <ConditionalFormats />
      </MappedColumn>
      <MappedColumn>
        <Column>SUM(gross_dom_amount)</Column>
        <Name>Total Gross Dom Amount</Name>
        <DisplayName>Overdue Amount</DisplayName>
        <IsNavigateParam>false</IsNavigateParam>
        <NavigateTarget>SUM(gross_dom_amount)</NavigateTarget>
        <ConditionalFormats />
      </MappedColumn>
    </MappedColumns>
    <ShowColumnHeaders>true</ShowColumnHeaders>
  </ColumnMapping>
</List>