﻿<SQLDataSource>
  <Author>EA</Author>
  <Keywords>c0459</Keywords>
  <DescriptiveText>Work Tasks completed within SLA and the ones which are completed outside SLA</DescriptiveText>
  <LastModified>2021-06-07-15.08.43</LastModified>
  <Name>SERVICE_DELIVERY_COMPLETED_TASK_PERCENTAGE</Name>
  <ID>0baa1427-9d39-439e-8a1a-c4405ccc67ad</ID>
  <Select>
    <DataColumn>
      <Column>WO_NO</Column>
      <Name>Wo No</Name>
      <DataType>Number</DataType>
    </DataColumn>
    <DataColumn>
      <Column>TASK_SEQ</Column>
      <Name>Task No</Name>
      <DataType>Number</DataType>
    </DataColumn>
    <DataColumn>
      <Column>(CASE WHEN SLA_STATUS='1'THEN 'Within SLA' ELSE 'Failed SLA' END)</Column>
      <Name>SLA_STATUS</Name>
      <DataType>Number</DataType>
    </DataColumn>
  </Select>
  <Where>wo_no IN ( SELECT wo_no FROM
(
   SELECT wo_no,
          &amp;AO.Active_Separate_API.Get_State(wo_no) state,
          &amp;AO.Active_Separate_API.Get_Work_Type_Id(wo_no) work_type_id,
          &amp;AO.Active_Separate_API.Get_Contract_Id(wo_no) contract_id,
          &amp;AO.Active_Separate_API.Get_Reg_Date(wo_no) reg_date,
          (SELECT reported_by
             FROM &amp;AO.active_separate_uiv
            WHERE wo_no = wt.wo_no) reported_by
     FROM &amp;AO.jt_task_uiv_cfv wt
    WHERE &amp;AO.Sc_Service_Contract_API.Get_Contract_Type(NVL(&amp;AO.Active_Separate_API.Get_Contract_Id(wo_no),
                                                            contract_id)) = 'MS'
      AND actual_finish IS NOT NULL)
    WHERE REPLACE(NVL(state, ' '), ' ', '%') LIKE
          REPLACE(NVL('$WO_STATUS$', ' '), ' ', '%')
      AND REPLACE(NVL(contract_id, ' '), ' ', '%') LIKE
          REPLACE(NVL('$CONTRACT_ID$', ' '), ' ', '%')
      AND REPLACE(NVL(work_type_id, ' '), ' ', '%') LIKE
          REPLACE(NVL('$WORK_TYPE$', ' '), ' ', '%')
      AND REPLACE(NVL(reported_by, ' '), ' ', '%') LIKE
          REPLACE(NVL('$REPORTED_BY$', ' '), ' ', '%')
      AND reg_date &gt;= TO_DATE(NVL('$BEGIN_DATE$', '01/01/1900'), 'dd/mm/yyyy')
      AND reg_date &lt;=
          TO_DATE(NVL('$END_DATE$', '31/12/2999') || ' 11:59:59 PM',
                  'dd/mm/yyyy hh:mi:ss pm')
)</Where>
  <View>&amp;IAL.SERVICE_DEL_TASK_COMP_PER</View>
</SQLDataSource>