﻿<SQLDataSource>
  <Author>EA</Author>
  <Keywords>c0459</Keywords>
  <DescriptiveText>Work Tasks completed  within SLA (Tunstall SLA &gt; Actual Finish )</DescriptiveText>
  <LastModified>2021-06-07-15.19.35</LastModified>
  <Name>SERVICE_DELIVERY_TASKS_WITHIN_SLA</Name>
  <ID>c9a0b6b8-de52-47b3-993f-e572a089ebb5</ID>
  <Select>
    <DataColumn>
      <Column>WO_NO</Column>
      <Name>WO_NO</Name>
      <DataType>Number</DataType>
    </DataColumn>
    <DataColumn>
      <Column>TASK_SEQ</Column>
      <Name>TASK_SEQ</Name>
      <DataType>Number</DataType>
    </DataColumn>
    <DataColumn>
      <Column>SLA_STATUS</Column>
      <Name>SLA_STATUS</Name>
    </DataColumn>
  </Select>
  <Where>wo_no IN ( 
   SELECT wo_no
     FROM (SELECT wo_no,
                  &amp;AO.Active_Separate_API.Get_State(wo_no) state,
                  &amp;AO.Active_Separate_API.Get_Work_Type_Id(wo_no) work_type_id,
                  &amp;AO.Active_Separate_API.Get_Contract_Id(wo_no) contract_id,
                  &amp;AO.Active_Separate_API.Get_Reg_Date(wo_no) reg_date,
                  (SELECT reported_by
                     FROM &amp;AO.active_separate_uiv
                    WHERE wo_no = wt.wo_no) reported_by
             FROM &amp;AO.jt_task_uiv_cfv wt
            WHERE &amp;AO.Sc_Service_Contract_API.Get_Contract_Type(NVL(&amp;AO.Active_Separate_API.Get_Contract_Id(wo_no),
                                                                    contract_id)) = 'MS'
              AND actual_finish IS NOT NULL
              AND ((state IN ('Work Done', 'Reported', 'Finished') AND
                   cf$_tunstall_sla IS NULL) OR
                   cf$_tunstall_sla &gt;= actual_finish))
    WHERE REPLACE(NVL(state, ' '), ' ', '%') LIKE
          REPLACE(NVL('$WO_STATUS$', ' '), ' ', '%')
      AND REPLACE(NVL(contract_id, ' '), ' ', '%') LIKE
          REPLACE(NVL('$CONTRACT_ID$', ' '), ' ', '%')
      AND REPLACE(NVL(work_type_id, ' '), ' ', '%') LIKE
          REPLACE(NVL('$WORK_TYPE$', ' '), ' ', '%')
      AND REPLACE(NVL(reported_by, ' '), ' ', '%') LIKE
          REPLACE(NVL('$REPORTED_BY$', ' '), ' ', '%')
      AND reg_date &gt;= TO_DATE(NVL('$BEGIN_DATE$', '01/01/1900'), 'dd/mm/yyyy')
      AND reg_date &lt;=
          TO_DATE(NVL('$END_DATE$', '31/12/2999') || ' 11:59:59 PM',
                  'dd/mm/yyyy hh:mi:ss pm')
)</Where>
  <View>&amp;IAL.SERVICE_DEL_WITHIN_SLA</View>
</SQLDataSource>