<?xml version="1.0"?>
<APPLICATION_CONFIGURATION>
  <EXPORT_DEF_VERSION>1</EXPORT_DEF_VERSION>
  <PACKAGE_ID>82B75AC20BB74FFA92E01A057E21C332</PACKAGE_ID>
  <NAME>EA_FINANCE</NAME>
  <DESCRIPTION>This ACP includes custom objects belongs to following CRIMs;
 - C0392
 - C0343</DESCRIPTION>
  <AUTHOR>Prageeth Gangabada</AUTHOR>
  <VERSION/>
  <VERSION_TIME_STAMP>2021-05-10-03.32.12</VERSION_TIME_STAMP>
  <ORIGIN>TUGRREF-307544-MC-TUGRREF-APPS10</ORIGIN>
  <LAST_MODIFIED_DATE>2021-03-31-15.29.33</LAST_MODIFIED_DATE>
  <ITEMS>
    <ITEMS_ROW>
      <NAME>Clear Bulk Update</NAME>
      <TYPE>CUSTOM_MENU</TYPE>
      <DESCRIPTION>C0343 - Prageeth Gangabada</DESCRIPTION>
      <FILENAME>CustomMenu-frmCustomerAnalysis.tblCustomerDetails-677801.xml</FILENAME>
    </ITEMS_ROW>
    <ITEMS_ROW>
      <NAME>Read Only</NAME>
      <TYPE>COND_FIELD_ACTION</TYPE>
      <DESCRIPTION>Property - Read Only</DESCRIPTION>
      <FILENAME>ConditionalField-Read Only-85f190cf8a42491da7e18f55588d220f.xml</FILENAME>
    </ITEMS_ROW>
    <ITEMS_ROW>
      <NAME>Inc. in Call List for Analyst</NAME>
      <TYPE>CF_PERSISTENT</TYPE>
      <DESCRIPTION>C0343 - Prageeth Gangabada</DESCRIPTION>
      <FILENAME>CustomFieldPersistent-CreditNoteStatus-INC_IN_ANALYST_LIST.xml</FILENAME>
    </ITEMS_ROW>
    <ITEMS_ROW>
      <NAME>Inc In Call Lists for Manager</NAME>
      <TYPE>CF_PERSISTENT</TYPE>
      <DESCRIPTION>C0343 - Prageeth Gangabada</DESCRIPTION>
      <FILENAME>CustomFieldPersistent-CreditNoteStatus-INC_IN_MANAGER_LIST.xml</FILENAME>
    </ITEMS_ROW>
    <ITEMS_ROW>
      <NAME>Query Reason</NAME>
      <TYPE>CUSTOM_TAB</TYPE>
      <DESCRIPTION>Prageeth Gangabada - C0392</DESCRIPTION>
      <FILENAME>CustomTab-frmGeneralCreditCollection.picTab-cpgQueryReason.xml</FILENAME>
    </ITEMS_ROW>
    <ITEMS_ROW>
      <NAME>Clear Bulk Update</NAME>
      <TYPE>CUSTOM_MENU</TYPE>
      <DESCRIPTION>C0343 - Prageeth Gangabada</DESCRIPTION>
      <FILENAME>CustomMenu-frmInvHeaderNotes-543951.xml</FILENAME>
    </ITEMS_ROW>
    <ITEMS_ROW>
      <NAME>Allow Manual Follow Up Date</NAME>
      <TYPE>CF_PERSISTENT</TYPE>
      <DESCRIPTION>C0343 - Prageeth Gangabada</DESCRIPTION>
      <FILENAME>CustomFieldPersistent-CreditNoteStatus-ALLOW_MANUAL_FOLLOW_UP.xml</FILENAME>
    </ITEMS_ROW>
    <ITEMS_ROW>
      <NAME>Query Reason</NAME>
      <TYPE>CUSTOM_PAGE</TYPE>
      <DESCRIPTION>C0392 - Prageeth Gangabada</DESCRIPTION>
      <FILENAME>CustomPage-cpgQueryReason.xml</FILENAME>
    </ITEMS_ROW>
    <ITEMS_ROW>
      <NAME>Add Credit Note to Invoice...</NAME>
      <TYPE>CUSTOM_MENU</TYPE>
      <DESCRIPTION>C0343 - Prageeth Gangabada</DESCRIPTION>
      <FILENAME>CustomMenu-frmCustomerAnalysis.tblCustomerDetails-671248.xml</FILENAME>
    </ITEMS_ROW>
    <ITEMS_ROW>
      <NAME>0^INVOICE_HEADER_NOTE_DATE2^InvoiceHeaderNotes</NAME>
      <TYPE>CUSTOM_EVENT_ACTION</TYPE>
      <DESCRIPTION>This event action updates the &quot;Follow Up Date&quot; of invoice header notes depending on the selected &quot;Query Note&quot;</DESCRIPTION>
      <FILENAME>CustomEventAction-InvoiceHeaderNotes-INVOICE_HEADER_NOTE_DATE2-0-EXECUTEONLINESQL.xml</FILENAME>
    </ITEMS_ROW>
    <ITEMS_ROW>
      <NAME>Bulk Update User</NAME>
      <TYPE>CF_READ_ONLY</TYPE>
      <DESCRIPTION>C0343 - Prageeth Gangabada</DESCRIPTION>
      <FILENAME>CustomFieldReadOnly-LedgerItem-BULK_UPDATE_USER.xml</FILENAME>
    </ITEMS_ROW>
    <ITEMS_ROW>
      <NAME>Bulk Update Notes</NAME>
      <TYPE>CUSTOM_MENU</TYPE>
      <DESCRIPTION>C0343 - Prageeth Gangabada</DESCRIPTION>
      <FILENAME>CustomMenu-frmCustomerAnalysis.tblCustomerDetails-689654.xml</FILENAME>
    </ITEMS_ROW>
    <ITEMS_ROW>
      <NAME>1^INVOICE_HEADER_NOTE_DATE^InvoiceHeaderNotes</NAME>
      <TYPE>CUSTOM_EVENT_ACTION</TYPE>
      <DESCRIPTION>Updates the &quot;Follow Up Date&quot; based on the selected Note Status. This action posts a background job to update the record.</DESCRIPTION>
      <FILENAME>CustomEventAction-InvoiceHeaderNotes-INVOICE_HEADER_NOTE_DATE-1-EXECUTEONLINESQL.xml</FILENAME>
    </ITEMS_ROW>
    <ITEMS_ROW>
      <NAME>0^INVOICE_HEADER_NOTES_EXT^InvoiceHeaderNotes</NAME>
      <TYPE>CUSTOM_EVENT_ACTION</TYPE>
      <DESCRIPTION>This action creates a record in invoice_header_notes_ext_clt during bulk update operation of invoice header notes</DESCRIPTION>
      <FILENAME>CustomEventAction-InvoiceHeaderNotes-INVOICE_HEADER_NOTES_EXT-0-EXECUTEONLINESQL.xml</FILENAME>
    </ITEMS_ROW>
    <ITEMS_ROW>
      <NAME>INVOICE_HEADER_NOTES_EXT</NAME>
      <TYPE>CUSTOM_EVENT</TYPE>
      <DESCRIPTION>EA- C0343

This event creates a record in invoice_header_notes_ext_clt table to store whether the record is part of a bulk update operation and the user carrying out the bulk update</DESCRIPTION>
      <FILENAME>CustomEvent-InvoiceHeaderNotes-INVOICE_HEADER_NOTES_EXT.xml</FILENAME>
    </ITEMS_ROW>
    <ITEMS_ROW>
      <NAME>Query ID</NAME>
      <TYPE>CF_PERSISTENT</TYPE>
      <DESCRIPTION>C0392 - Prageeth Gangabada</DESCRIPTION>
      <FILENAME>CustomFieldPersistent-InvoiceHeaderNotes-QUERY_ID.xml</FILENAME>
    </ITEMS_ROW>
    <ITEMS_ROW>
      <NAME>Query Reason</NAME>
      <TYPE>CF_READ_ONLY</TYPE>
      <DESCRIPTION>C0392 - Prageeth Gangabada</DESCRIPTION>
      <FILENAME>CustomFieldReadOnly-InvoiceHeaderNotes-QUERY_REASON.xml</FILENAME>
    </ITEMS_ROW>
    <ITEMS_ROW>
      <NAME>Mandatory</NAME>
      <TYPE>COND_FIELD_ACTION</TYPE>
      <DESCRIPTION>Property - Mandatory</DESCRIPTION>
      <FILENAME>ConditionalField-Mandatory-080ce3f113244ff7af8fc69dfdf20a0e.xml</FILENAME>
    </ITEMS_ROW>
    <ITEMS_ROW>
      <NAME>Select for Bulk Update</NAME>
      <TYPE>CUSTOM_MENU</TYPE>
      <DESCRIPTION>C0343 - Prageeth Gangabada</DESCRIPTION>
      <FILENAME>CustomMenu-frmCustomerAnalysis.tblCustomerDetails-805751.xml</FILENAME>
    </ITEMS_ROW>
    <ITEMS_ROW>
      <NAME>Bulk Update User</NAME>
      <TYPE>CF_READ_ONLY</TYPE>
      <DESCRIPTION>C0343- Prageeth Gangabada</DESCRIPTION>
      <FILENAME>CustomFieldReadOnly-InvoiceHeaderNotes-BULK_UPDATE_USER.xml</FILENAME>
    </ITEMS_ROW>
    <ITEMS_ROW>
      <NAME>Bulk Update</NAME>
      <TYPE>CF_READ_ONLY</TYPE>
      <DESCRIPTION>C0343 - Prageeth Gangabada</DESCRIPTION>
      <FILENAME>CustomFieldReadOnly-LedgerItem-BULK_UPDATE.xml</FILENAME>
    </ITEMS_ROW>
    <ITEMS_ROW>
      <NAME>Invoice Header Notes Extension</NAME>
      <TYPE>CUSTOM_LU</TYPE>
      <DESCRIPTION>C0343 - Prageeth Gangabada</DESCRIPTION>
      <FILENAME>CustomLogicalUnit-InvoiceHeaderNotesExt.xml</FILENAME>
    </ITEMS_ROW>
    <ITEMS_ROW>
      <NAME>Bulk Update</NAME>
      <TYPE>CF_READ_ONLY</TYPE>
      <DESCRIPTION>C0343- Prageeth Gangabada</DESCRIPTION>
      <FILENAME>CustomFieldReadOnly-InvoiceHeaderNotes-BULK_UPDATE.xml</FILENAME>
    </ITEMS_ROW>
    <ITEMS_ROW>
      <NAME>INVOICE_HEADER_NOTE_DATE</NAME>
      <TYPE>CUSTOM_EVENT</TYPE>
      <DESCRIPTION>EA - C0392
This event updates the &quot;Follow Up Date&quot; of invoice header notes depending on the selected &quot;Note Status&quot;</DESCRIPTION>
      <FILENAME>CustomEvent-InvoiceHeaderNotes-INVOICE_HEADER_NOTE_DATE.xml</FILENAME>
    </ITEMS_ROW>
    <ITEMS_ROW>
      <NAME>Ledger Item Extension</NAME>
      <TYPE>CUSTOM_LU</TYPE>
      <DESCRIPTION/>
      <FILENAME>CustomLogicalUnit-LedgerItemExt.xml</FILENAME>
    </ITEMS_ROW>
    <ITEMS_ROW>
      <NAME>Follow Up Time (Working Days)</NAME>
      <TYPE>CF_PERSISTENT</TYPE>
      <DESCRIPTION>C0343 - Prageeth Gangabada</DESCRIPTION>
      <FILENAME>CustomFieldPersistent-CreditNoteStatus-FOLLOW_UP_TIME.xml</FILENAME>
    </ITEMS_ROW>
    <ITEMS_ROW>
      <NAME>INVOICE_HEADER_NOTE_DATE2</NAME>
      <TYPE>CUSTOM_EVENT</TYPE>
      <DESCRIPTION>EA - C0392
This event updates the &quot;Follow Up Date&quot; of invoice header notes depending on the selected &quot;Query Note&quot;</DESCRIPTION>
      <FILENAME>CustomEvent-InvoiceHeaderNotes-INVOICE_HEADER_NOTE_DATE2.xml</FILENAME>
    </ITEMS_ROW>
    <ITEMS_ROW>
      <NAME>Read Only</NAME>
      <TYPE>COND_FIELD_ACTION</TYPE>
      <DESCRIPTION>Property - Read Only</DESCRIPTION>
      <FILENAME>ConditionalField-Read Only-aa04279e30e1423f95c17fe6b5b9977f.xml</FILENAME>
    </ITEMS_ROW>
    <ITEMS_ROW>
      <NAME>Query Reason</NAME>
      <TYPE>CUSTOM_LU</TYPE>
      <DESCRIPTION>C0392 - Prageeth Gangabada</DESCRIPTION>
      <FILENAME>CustomLogicalUnit-QueryReason.xml</FILENAME>
    </ITEMS_ROW>
    <ITEMS_ROW>
      <NAME>Bulk Update Notes</NAME>
      <TYPE>CUSTOM_MENU</TYPE>
      <DESCRIPTION>C0343 - Prageeth Gangabada</DESCRIPTION>
      <FILENAME>CustomMenu-frmInvHeaderNotes-831000.xml</FILENAME>
    </ITEMS_ROW>
  </ITEMS>
  <ADDITIONAL_ITEMS>
    <ADDITIONAL_ITEM>
      <NAME>Views-CreditNoteStatus</NAME>
      <TYPE>CF_VIEWS</TYPE>
      <DESCRIPTION>Views Files for CreditNoteStatus</DESCRIPTION>
      <FILENAME>CustomFieldViews-CreditNoteStatus.xml</FILENAME>
    </ADDITIONAL_ITEM>
    <ADDITIONAL_ITEM>
      <NAME>Views-InvoiceHeaderNotes</NAME>
      <TYPE>CF_VIEWS</TYPE>
      <DESCRIPTION>Views Files for InvoiceHeaderNotes</DESCRIPTION>
      <FILENAME>CustomFieldViews-InvoiceHeaderNotes.xml</FILENAME>
    </ADDITIONAL_ITEM>
    <ADDITIONAL_ITEM>
      <NAME>Views-LedgerItem</NAME>
      <TYPE>CF_VIEWS</TYPE>
      <DESCRIPTION>Views Files for LedgerItem</DESCRIPTION>
      <FILENAME>CustomFieldViews-LedgerItem.xml</FILENAME>
    </ADDITIONAL_ITEM>
  </ADDITIONAL_ITEMS>
</APPLICATION_CONFIGURATION>
