<?xml version="1.0"?>
<CUSTOM_OBJECT>
  <NAME>Read Only</NAME>
  <TYPE>COND_FIELD_ACTION</TYPE>
  <DESCRIPTION>Property - Read Only</DESCRIPTION>
  <CONDITIONAL_FIELD_ACTION EXPORT_DEF_VERSION="1">
    <TYPE>COND_FIELD_ACTION</TYPE>
    <ACTION_ID>85f190cf8a42491da7e18f55588d220f</ACTION_ID>
    <VIEW_NAME>INVOICE_HEADER_NOTES</VIEW_NAME>
    <COLUMN_NAME>FOLLOW_UP_DATE</COLUMN_NAME>
    <LU_NAME>InvoiceHeaderNotes</LU_NAME>
    <NAME>Read Only</NAME>
    <ACTION_TYPE_DB>PROPERTY</ACTION_TYPE_DB>
    <ACTION_PROPERTY_DB>READ_ONLY</ACTION_PROPERTY_DB>
    <ACTION_INDEX>5</ACTION_INDEX>
    <ACTION_ENABLED_DB>TRUE</ACTION_ENABLED_DB>
    <ACTION_CRITERIA>&lt;?xml version=&quot;1.0&quot; encoding=&quot;utf-16&quot;?&gt;
&lt;ActionCriteria xmlns:xsi=&quot;http://www.w3.org/2001/XMLSchema-instance&quot; xmlns:xsd=&quot;http://www.w3.org/2001/XMLSchema&quot;&gt;
  &lt;QueryCriterion Op=&quot;&amp;lt;&amp;gt;&quot; IsParameter=&quot;false&quot; ValueType=&quot;Value&quot; Value=&quot;3&quot;&gt;
    &lt;Column View=&quot;INVOICE_HEADER_NOTES&quot; Name=&quot;NOTE_STATUS_ID&quot; Type=&quot;STRING(20)/UPPERCASE&quot; /&gt;
  &lt;/QueryCriterion&gt;
&lt;/ActionCriteria&gt;</ACTION_CRITERIA>
    <ACTION_VALUE>TRUE</ACTION_VALUE>
    <DEFINITION_MODIFIED_DATE>2021-02-09-08.31.02</DEFINITION_MODIFIED_DATE>
    <EXPORT_DATE>2021-05-10-03.32.11</EXPORT_DATE>
    <ROWKEY>118B9254D028407B890D437CCF94B4F9</ROWKEY>
  </CONDITIONAL_FIELD_ACTION>
</CUSTOM_OBJECT>
