<?xml version="1.0"?>
<CUSTOM_OBJECT>
  <NAME>Views -Credit Note Status</NAME>
  <TYPE>CF_VIEWS</TYPE>
  <DESCRIPTION>Custom Field Views of Logical Unit Credit Note Status</DESCRIPTION>
  <CUSTOM_FIELD_VIEWS EXPORT_DEF_VERSION="1">
    <LU>CreditNoteStatus</LU>
    <TABLE_NAME>CREDIT_NOTE_STATUS_CFT</TABLE_NAME>
    <VIEW_NAME>CREDIT_NOTE_STATUS_CFV</VIEW_NAME>
    <PACKAGE_NAME>CREDIT_NOTE_STATUS_CFP</PACKAGE_NAME>
    <DEFINITION_MODIFIED_DATE>2021-02-09-04.52.17</DEFINITION_MODIFIED_DATE>
    <EXPORT_DATE>2021-05-10-03.32.11</EXPORT_DATE>
    <USED_DB>TRUE</USED_DB>
    <ROWKEY>CB2C3EF8D7244B5D9268FDAEF1BD89F3</ROWKEY>
    <CUSTOM_FIELD_VIEW>
  </CUSTOM_FIELD_VIEW>
  </CUSTOM_FIELD_VIEWS>
</CUSTOM_OBJECT>
