<?xml version="1.0"?>
<APPLICATION_CONFIGURATION>
  <EXPORT_DEF_VERSION>1</EXPORT_DEF_VERSION>
  <PACKAGE_ID>82B75AC20BB74FFA92E01A057E21C332</PACKAGE_ID>
  <NAME>EA_FINANCE</NAME>
  <DESCRIPTION>This ACP includes custom objects belongs to following CRIMs;
 C0343, C0392, C0397, C0512,  C0527,  C0528, C0562, C0606, C580, C0333, C0550, C0437</DESCRIPTION>
  <AUTHOR>Prageeth Gangabada</AUTHOR>
  <VERSION>V3</VERSION>
  <VERSION_TIME_STAMP>2021-07-23-04.36.02</VERSION_TIME_STAMP>
  <ORIGIN>TUGRPPR-307544-MC-TUGRPPR-APPS10</ORIGIN>
  <LAST_MODIFIED_DATE>2021-07-23-04.35.23</LAST_MODIFIED_DATE>
  <ITEMS>
    <ITEMS_ROW>
      <NAME>Clear Quick Report Selection</NAME>
      <TYPE>CUSTOM_MENU</TYPE>
      <DESCRIPTION/>
      <FILENAME>CustomMenu-frmCustomerAnalysis.tblCustomerDetails-759081.xml</FILENAME>
    </ITEMS_ROW>
    <ITEMS_ROW>
      <NAME>PRE_POSTING_ORDER_TYPE</NAME>
      <TYPE>CUSTOM_EVENT</TYPE>
      <DESCRIPTION>C0397- Finance. Enabling pre-posting info based on order types</DESCRIPTION>
      <FILENAME>CustomEvent-CustOrderType-PRE_POSTING_ORDER_TYPE.xml</FILENAME>
    </ITEMS_ROW>
    <ITEMS_ROW>
      <NAME>1^PRE_POSTING_ORDER_TYPE^CustOrderType</NAME>
      <TYPE>CUSTOM_EVENT_ACTION</TYPE>
      <DESCRIPTION>C0397 - Finance. To enable pre-postoing code parts based on order types.</DESCRIPTION>
      <FILENAME>CustomEventAction-CustOrderType-PRE_POSTING_ORDER_TYPE-1-EXECUTEONLINESQL.xml</FILENAME>
    </ITEMS_ROW>
    <ITEMS_ROW>
      <NAME>Clear Bulk Update</NAME>
      <TYPE>CUSTOM_MENU</TYPE>
      <DESCRIPTION>C0343 - Prageeth Gangabada</DESCRIPTION>
      <FILENAME>CustomMenu-frmCustomerAnalysis.tblCustomerDetails-677801.xml</FILENAME>
    </ITEMS_ROW>
    <ITEMS_ROW>
      <NAME>Category 2</NAME>
      <TYPE>CF_READ_ONLY</TYPE>
      <DESCRIPTION>CRIM 0512 - EA</DESCRIPTION>
      <FILENAME>CustomFieldReadOnly-RevenueRecognitionProj-CATEGORY_2.xml</FILENAME>
    </ITEMS_ROW>
    <ITEMS_ROW>
      <NAME>Arrived Quantity</NAME>
      <TYPE>CF_READ_ONLY</TYPE>
      <DESCRIPTION>EA - C0437</DESCRIPTION>
      <FILENAME>CustomFieldReadOnly-ReceiptInfo-ARRIVED_QTY.xml</FILENAME>
    </ITEMS_ROW>
    <ITEMS_ROW>
      <NAME>Read Only</NAME>
      <TYPE>COND_FIELD_ACTION</TYPE>
      <DESCRIPTION>Property - Read Only</DESCRIPTION>
      <FILENAME>ConditionalField-Read Only-85f190cf8a42491da7e18f55588d220f.xml</FILENAME>
    </ITEMS_ROW>
    <ITEMS_ROW>
      <NAME>Prop</NAME>
      <TYPE>CF_PERSISTENT</TYPE>
      <DESCRIPTION>C0397 - Finance. Field for CO Pre-posting.</DESCRIPTION>
      <FILENAME>CustomFieldPersistent-CustOrderType-PROP.xml</FILENAME>
    </ITEMS_ROW>
    <ITEMS_ROW>
      <NAME>Inc. in Call List for Analyst</NAME>
      <TYPE>CF_PERSISTENT</TYPE>
      <DESCRIPTION>C0343 - Prageeth Gangabada</DESCRIPTION>
      <FILENAME>CustomFieldPersistent-CreditNoteStatus-INC_IN_ANALYST_LIST.xml</FILENAME>
    </ITEMS_ROW>
    <ITEMS_ROW>
      <NAME>Inc In Call Lists for Manager</NAME>
      <TYPE>CF_PERSISTENT</TYPE>
      <DESCRIPTION>C0343 - Prageeth Gangabada</DESCRIPTION>
      <FILENAME>CustomFieldPersistent-CreditNoteStatus-INC_IN_MANAGER_LIST.xml</FILENAME>
    </ITEMS_ROW>
    <ITEMS_ROW>
      <NAME>CHECK_PERIOD_ALLOCATION</NAME>
      <TYPE>CUSTOM_EVENT</TYPE>
      <DESCRIPTION>C580 - Checking period Allocation</DESCRIPTION>
      <FILENAME>CustomEvent-PeriodAllocation-CHECK_PERIOD_ALLOCATION.xml</FILENAME>
    </ITEMS_ROW>
    <ITEMS_ROW>
      <NAME>Site</NAME>
      <TYPE>CF_PERSISTENT</TYPE>
      <DESCRIPTION>C0397 - Finance. Field for CO Pre-posting.</DESCRIPTION>
      <FILENAME>CustomFieldPersistent-CustOrderType-SITE.xml</FILENAME>
    </ITEMS_ROW>
    <ITEMS_ROW>
      <NAME>Sales Contract</NAME>
      <TYPE>CUSTOM_MENU</TYPE>
      <DESCRIPTION>EA-0528</DESCRIPTION>
      <FILENAME>CustomMenu-frmTabProjAcc-849.xml</FILENAME>
    </ITEMS_ROW>
    <ITEMS_ROW>
      <NAME>Query Reason</NAME>
      <TYPE>CUSTOM_TAB</TYPE>
      <DESCRIPTION>Prageeth Gangabada - C0392</DESCRIPTION>
      <FILENAME>CustomTab-frmGeneralCreditCollection.picTab-cpgQueryReason.xml</FILENAME>
    </ITEMS_ROW>
    <ITEMS_ROW>
      <NAME>Mandatory Pre Posting</NAME>
      <TYPE>CF_PERSISTENT</TYPE>
      <DESCRIPTION>C0397 - Finance. Label for Mandatory Pre-posting</DESCRIPTION>
      <FILENAME>CustomFieldPersistent-CustOrderType-MANDATORY_PRE_POSTING.xml</FILENAME>
    </ITEMS_ROW>
    <ITEMS_ROW>
      <NAME>Clear Bulk Update</NAME>
      <TYPE>CUSTOM_MENU</TYPE>
      <DESCRIPTION>C0343 - Prageeth Gangabada</DESCRIPTION>
      <FILENAME>CustomMenu-frmInvHeaderNotes-543951.xml</FILENAME>
    </ITEMS_ROW>
    <ITEMS_ROW>
      <NAME>Allow Manual Follow Up Date</NAME>
      <TYPE>CF_PERSISTENT</TYPE>
      <DESCRIPTION>C0343 - Prageeth Gangabada</DESCRIPTION>
      <FILENAME>CustomFieldPersistent-CreditNoteStatus-ALLOW_MANUAL_FOLLOW_UP.xml</FILENAME>
    </ITEMS_ROW>
    <ITEMS_ROW>
      <NAME>Override Default Invoice/State</NAME>
      <TYPE>CF_PERSISTENT</TYPE>
      <DESCRIPTION>EA CRIM 0562</DESCRIPTION>
      <FILENAME>CustomFieldPersistent-IdentityPayInfo-OVERRIDE_INVOICE.xml</FILENAME>
    </ITEMS_ROW>
    <ITEMS_ROW>
      <NAME>Quick Report</NAME>
      <TYPE>CF_READ_ONLY</TYPE>
      <DESCRIPTION>C0333 - Isuru Gunatileka</DESCRIPTION>
      <FILENAME>CustomFieldReadOnly-LedgerItem-QUICK_REPORT.xml</FILENAME>
    </ITEMS_ROW>
    <ITEMS_ROW>
      <NAME>Remaining Quantity to Invoice</NAME>
      <TYPE>CF_READ_ONLY</TYPE>
      <DESCRIPTION>EA - C0437</DESCRIPTION>
      <FILENAME>CustomFieldReadOnly-ReceiptInfo-REMAINING_QTY_INVOICED.xml</FILENAME>
    </ITEMS_ROW>
    <ITEMS_ROW>
      <NAME>Region</NAME>
      <TYPE>CF_READ_ONLY</TYPE>
      <DESCRIPTION>CRIM 0512 - EA</DESCRIPTION>
      <FILENAME>CustomFieldReadOnly-RevenueRecognitionProj-REGION.xml</FILENAME>
    </ITEMS_ROW>
    <ITEMS_ROW>
      <NAME>0^COMPANY_IDENTITY^CompanyDefInvoiceType</NAME>
      <TYPE>CUSTOM_EVENT_ACTION</TYPE>
      <DESCRIPTION>EA - CRIM 562</DESCRIPTION>
      <FILENAME>CustomEventAction-CompanyDefInvoiceType-COMPANY_IDENTITY-0-EXECUTEONLINESQL.xml</FILENAME>
    </ITEMS_ROW>
    <ITEMS_ROW>
      <NAME>Query Reason</NAME>
      <TYPE>CUSTOM_PAGE</TYPE>
      <DESCRIPTION>C0392 - Prageeth Gangabada</DESCRIPTION>
      <FILENAME>CustomPage-cpgQueryReason.xml</FILENAME>
    </ITEMS_ROW>
    <ITEMS_ROW>
      <NAME>Project Navigator</NAME>
      <TYPE>CUSTOM_MENU</TYPE>
      <DESCRIPTION>RMB to navigate to Project Navigator</DESCRIPTION>
      <FILENAME>CustomMenu-frmRevenueRecognitionProject.tblRevRecogProject-242225.xml</FILENAME>
    </ITEMS_ROW>
    <ITEMS_ROW>
      <NAME>Project</NAME>
      <TYPE>CF_PERSISTENT</TYPE>
      <DESCRIPTION>C0397 - Finance. Field for CO Pre-posting.</DESCRIPTION>
      <FILENAME>CustomFieldPersistent-CustOrderType-PROJECT.xml</FILENAME>
    </ITEMS_ROW>
    <ITEMS_ROW>
      <NAME>Category 1</NAME>
      <TYPE>CF_READ_ONLY</TYPE>
      <DESCRIPTION>CRIM 0512 - EA</DESCRIPTION>
      <FILENAME>CustomFieldReadOnly-RevenueRecognitionProj-CATEGORY_1.xml</FILENAME>
    </ITEMS_ROW>
    <ITEMS_ROW>
      <NAME>0^CIS_REMINDER^ManSuppInvoice</NAME>
      <TYPE>CUSTOM_EVENT_ACTION</TYPE>
      <DESCRIPTION>Checking for CIS verification.
C0606.</DESCRIPTION>
      <FILENAME>CustomEventAction-ManSuppInvoice-CIS_REMINDER-0-EXECUTEONLINESQL.xml</FILENAME>
    </ITEMS_ROW>
    <ITEMS_ROW>
      <NAME>Add Credit Note to Invoice...</NAME>
      <TYPE>CUSTOM_MENU</TYPE>
      <DESCRIPTION>C0343 - Prageeth Gangabada</DESCRIPTION>
      <FILENAME>CustomMenu-frmCustomerAnalysis.tblCustomerDetails-671248.xml</FILENAME>
    </ITEMS_ROW>
    <ITEMS_ROW>
      <NAME>0^INVOICE_HEADER_NOTE_DATE2^InvoiceHeaderNotes</NAME>
      <TYPE>CUSTOM_EVENT_ACTION</TYPE>
      <DESCRIPTION>This event action updates the &quot;Follow Up Date&quot; of invoice header notes depending on the selected &quot;Query Note&quot;</DESCRIPTION>
      <FILENAME>CustomEventAction-InvoiceHeaderNotes-INVOICE_HEADER_NOTE_DATE2-0-EXECUTEONLINESQL.xml</FILENAME>
    </ITEMS_ROW>
    <ITEMS_ROW>
      <NAME>Bulk Update User</NAME>
      <TYPE>CF_READ_ONLY</TYPE>
      <DESCRIPTION>C0343 - Prageeth Gangabada</DESCRIPTION>
      <FILENAME>CustomFieldReadOnly-LedgerItem-BULK_UPDATE_USER.xml</FILENAME>
    </ITEMS_ROW>
    <ITEMS_ROW>
      <NAME>CHECK_PREPOSTING_CO</NAME>
      <TYPE>CUSTOM_EVENT</TYPE>
      <DESCRIPTION>EA - C0397. To check for pre-posting information in Customer Order Header and Lines</DESCRIPTION>
      <FILENAME>CustomEvent-CustomerOrder-CHECK_PREPOSTING_CO.xml</FILENAME>
    </ITEMS_ROW>
    <ITEMS_ROW>
      <NAME>Actual Finish Date</NAME>
      <TYPE>CF_READ_ONLY</TYPE>
      <DESCRIPTION>CRIM 0512 - EA</DESCRIPTION>
      <FILENAME>CustomFieldReadOnly-RevenueRecognitionProj-ACTUAL_FINISH.xml</FILENAME>
    </ITEMS_ROW>
    <ITEMS_ROW>
      <NAME>0^CHECK_PERIOD_ALLOCATION^PeriodAllocation</NAME>
      <TYPE>CUSTOM_EVENT_ACTION</TYPE>
      <DESCRIPTION>CRIM 580 </DESCRIPTION>
      <FILENAME>CustomEventAction-PeriodAllocation-CHECK_PERIOD_ALLOCATION-0-EXECUTEONLINESQL.xml</FILENAME>
    </ITEMS_ROW>
    <ITEMS_ROW>
      <NAME>EAPeriodAllocation</NAME>
      <TYPE>CUSTOM_LU</TYPE>
      <DESCRIPTION>PeriodAllocation - C580</DESCRIPTION>
      <FILENAME>CustomLogicalUnit-EAPeriodAllocation.xml</FILENAME>
    </ITEMS_ROW>
    <ITEMS_ROW>
      <NAME>Bulk Update Notes</NAME>
      <TYPE>CUSTOM_MENU</TYPE>
      <DESCRIPTION>C0343 - Prageeth Gangabada</DESCRIPTION>
      <FILENAME>CustomMenu-frmCustomerAnalysis.tblCustomerDetails-689654.xml</FILENAME>
    </ITEMS_ROW>
    <ITEMS_ROW>
      <NAME>Period Allocation</NAME>
      <TYPE>CF_READ_ONLY</TYPE>
      <DESCRIPTION>EA - CRIM 0580</DESCRIPTION>
      <FILENAME>CustomFieldReadOnly-VoucherRow-PERIOD_ALLOCATION.xml</FILENAME>
    </ITEMS_ROW>
    <ITEMS_ROW>
      <NAME>Project//Financial Project...</NAME>
      <TYPE>CUSTOM_MENU</TYPE>
      <DESCRIPTION>EA - C0528</DESCRIPTION>
      <FILENAME>CustomMenu-frmSalesContract_Ext-197278.xml</FILENAME>
    </ITEMS_ROW>
    <ITEMS_ROW>
      <NAME>COMPANY_IDENTITY</NAME>
      <TYPE>CUSTOM_EVENT</TYPE>
      <DESCRIPTION>EA - CRIM 562</DESCRIPTION>
      <FILENAME>CustomEvent-CompanyDefInvoiceType-COMPANY_IDENTITY.xml</FILENAME>
    </ITEMS_ROW>
    <ITEMS_ROW>
      <NAME>1^INVOICE_HEADER_NOTE_DATE^InvoiceHeaderNotes</NAME>
      <TYPE>CUSTOM_EVENT_ACTION</TYPE>
      <DESCRIPTION>Updates the &quot;Follow Up Date&quot; based on the selected Note Status. This action posts a background job to update the record.</DESCRIPTION>
      <FILENAME>CustomEventAction-InvoiceHeaderNotes-INVOICE_HEADER_NOTE_DATE-1-EXECUTEONLINESQL.xml</FILENAME>
    </ITEMS_ROW>
    <ITEMS_ROW>
      <NAME>CUST_ORD_MANDATORY_PO_NO</NAME>
      <TYPE>CUSTOM_EVENT</TYPE>
      <DESCRIPTION>Event to warn the user when Customer Orders created from a Sales Quotation or a Business Opportunity being released without the Customer Po. No.
C0413</DESCRIPTION>
      <FILENAME>CustomEvent-CustomerOrder-CUST_ORD_MANDATORY_PO_NO.xml</FILENAME>
    </ITEMS_ROW>
    <ITEMS_ROW>
      <NAME>0^INVOICE_HEADER_NOTES_EXT^InvoiceHeaderNotes</NAME>
      <TYPE>CUSTOM_EVENT_ACTION</TYPE>
      <DESCRIPTION>This action creates a record in invoice_header_notes_ext_clt during bulk update operation of invoice header notes</DESCRIPTION>
      <FILENAME>CustomEventAction-InvoiceHeaderNotes-INVOICE_HEADER_NOTES_EXT-0-EXECUTEONLINESQL.xml</FILENAME>
    </ITEMS_ROW>
    <ITEMS_ROW>
      <NAME>INVOICE_HEADER_NOTES_EXT</NAME>
      <TYPE>CUSTOM_EVENT</TYPE>
      <DESCRIPTION>EA- C0343

This event creates a record in invoice_header_notes_ext_clt table to store whether the record is part of a bulk update operation and the user carrying out the bulk update</DESCRIPTION>
      <FILENAME>CustomEvent-InvoiceHeaderNotes-INVOICE_HEADER_NOTES_EXT.xml</FILENAME>
    </ITEMS_ROW>
    <ITEMS_ROW>
      <NAME>Query ID</NAME>
      <TYPE>CF_PERSISTENT</TYPE>
      <DESCRIPTION>C0392 - Prageeth Gangabada</DESCRIPTION>
      <FILENAME>CustomFieldPersistent-InvoiceHeaderNotes-QUERY_ID.xml</FILENAME>
    </ITEMS_ROW>
    <ITEMS_ROW>
      <NAME>Query Reason</NAME>
      <TYPE>CF_READ_ONLY</TYPE>
      <DESCRIPTION>C0392 - Prageeth Gangabada</DESCRIPTION>
      <FILENAME>CustomFieldReadOnly-InvoiceHeaderNotes-QUERY_REASON.xml</FILENAME>
    </ITEMS_ROW>
    <ITEMS_ROW>
      <NAME>Quick Report User</NAME>
      <TYPE>CF_READ_ONLY</TYPE>
      <DESCRIPTION>C0333 - Isuru Gunatileka</DESCRIPTION>
      <FILENAME>CustomFieldReadOnly-LedgerItem-QUICK_REPORT_USER.xml</FILENAME>
    </ITEMS_ROW>
    <ITEMS_ROW>
      <NAME>Customer Name</NAME>
      <TYPE>CF_READ_ONLY</TYPE>
      <DESCRIPTION>CRIM 0512 - EA</DESCRIPTION>
      <FILENAME>CustomFieldReadOnly-RevenueRecognitionProj-CUSTOMER_NAME.xml</FILENAME>
    </ITEMS_ROW>
    <ITEMS_ROW>
      <NAME>Mandatory</NAME>
      <TYPE>COND_FIELD_ACTION</TYPE>
      <DESCRIPTION>Property - Mandatory</DESCRIPTION>
      <FILENAME>ConditionalField-Mandatory-080ce3f113244ff7af8fc69dfdf20a0e.xml</FILENAME>
    </ITEMS_ROW>
    <ITEMS_ROW>
      <NAME>Period Fully Invoiced</NAME>
      <TYPE>CF_READ_ONLY</TYPE>
      <DESCRIPTION>C550 - Isuru Gunatileka: This field checks if all Invoice Plan Detail Lines have an Invoice No. populated in the Invoice No. field.</DESCRIPTION>
      <FILENAME>CustomFieldReadOnly-ScSrvContractInvpln-PERIOD_FULLY_INVOICED.xml</FILENAME>
    </ITEMS_ROW>
    <ITEMS_ROW>
      <NAME>Select for Quick Report</NAME>
      <TYPE>CUSTOM_MENU</TYPE>
      <DESCRIPTION/>
      <FILENAME>CustomMenu-frmCustomerAnalysis.tblCustomerDetails-134650.xml</FILENAME>
    </ITEMS_ROW>
    <ITEMS_ROW>
      <NAME>Partial Statement of Account Quick Report</NAME>
      <TYPE>QUICK_REPORT</TYPE>
      <DESCRIPTION>Quick report for partial statement of account.</DESCRIPTION>
      <FILENAME>QuickReport-641456.xml</FILENAME>
    </ITEMS_ROW>
    <ITEMS_ROW>
      <NAME>Invoice Id</NAME>
      <TYPE>CF_READ_ONLY</TYPE>
      <DESCRIPTION>C550 - Isuru Gunatileka: This fiels shows a concatenation of the fields Series ID and Invoice No.</DESCRIPTION>
      <FILENAME>CustomFieldReadOnly-ScSrvContractInvpln-INVOICE_ID.xml</FILENAME>
    </ITEMS_ROW>
    <ITEMS_ROW>
      <NAME>CIS_REMINDER</NAME>
      <TYPE>CUSTOM_EVENT</TYPE>
      <DESCRIPTION>C0606.</DESCRIPTION>
      <FILENAME>CustomEvent-ManSuppInvoice-CIS_REMINDER.xml</FILENAME>
    </ITEMS_ROW>
    <ITEMS_ROW>
      <NAME>Select for Bulk Update</NAME>
      <TYPE>CUSTOM_MENU</TYPE>
      <DESCRIPTION>C0343 - Prageeth Gangabada</DESCRIPTION>
      <FILENAME>CustomMenu-frmCustomerAnalysis.tblCustomerDetails-805751.xml</FILENAME>
    </ITEMS_ROW>
    <ITEMS_ROW>
      <NAME>CIS Supplier</NAME>
      <TYPE>CF_PERSISTENT</TYPE>
      <DESCRIPTION>Check box to identify if a supplier is CIS rated.
C0606</DESCRIPTION>
      <FILENAME>CustomFieldPersistent-IdentityInvoiceInfo-CIS_SUPPLIER.xml</FILENAME>
    </ITEMS_ROW>
    <ITEMS_ROW>
      <NAME>Bulk Update User</NAME>
      <TYPE>CF_READ_ONLY</TYPE>
      <DESCRIPTION>C0343- Prageeth Gangabada</DESCRIPTION>
      <FILENAME>CustomFieldReadOnly-InvoiceHeaderNotes-BULK_UPDATE_USER.xml</FILENAME>
    </ITEMS_ROW>
    <ITEMS_ROW>
      <NAME>Customer ID</NAME>
      <TYPE>CF_READ_ONLY</TYPE>
      <DESCRIPTION>CRIM 0512 - EA</DESCRIPTION>
      <FILENAME>CustomFieldReadOnly-RevenueRecognitionProj-CUSTOMER_ID.xml</FILENAME>
    </ITEMS_ROW>
    <ITEMS_ROW>
      <NAME>Bulk Update</NAME>
      <TYPE>CF_READ_ONLY</TYPE>
      <DESCRIPTION>C0343 - Prageeth Gangabada</DESCRIPTION>
      <FILENAME>CustomFieldReadOnly-LedgerItem-BULK_UPDATE.xml</FILENAME>
    </ITEMS_ROW>
    <ITEMS_ROW>
      <NAME>Partial Statement of Account QR...</NAME>
      <TYPE>CUSTOM_MENU</TYPE>
      <DESCRIPTION/>
      <FILENAME>CustomMenu-frmCustomerAnalysis.tblCustomerDetails-886903.xml</FILENAME>
    </ITEMS_ROW>
    <ITEMS_ROW>
      <NAME>Order Quantity</NAME>
      <TYPE>CF_READ_ONLY</TYPE>
      <DESCRIPTION>EA - C0437</DESCRIPTION>
      <FILENAME>CustomFieldReadOnly-ReceiptInfo-ORDER_QUANTITY.xml</FILENAME>
    </ITEMS_ROW>
    <ITEMS_ROW>
      <NAME>Invoice Header Notes Extension</NAME>
      <TYPE>CUSTOM_LU</TYPE>
      <DESCRIPTION>C0343 - Prageeth Gangabada</DESCRIPTION>
      <FILENAME>CustomLogicalUnit-InvoiceHeaderNotesExt.xml</FILENAME>
    </ITEMS_ROW>
    <ITEMS_ROW>
      <NAME>0^CUST_ORD_MANDATORY_PO_NO^CustomerOrder</NAME>
      <TYPE>CUSTOM_EVENT_ACTION</TYPE>
      <DESCRIPTION>Event Action warns the user when Customer Orders created from a Sales Quotation or a Business Opportunity being released without the Customer Po. No.

C0413</DESCRIPTION>
      <FILENAME>CustomEventAction-CustomerOrder-CUST_ORD_MANDATORY_PO_NO-0-EXECUTEONLINESQL.xml</FILENAME>
    </ITEMS_ROW>
    <ITEMS_ROW>
      <NAME>EAYorN</NAME>
      <TYPE>CUSTOM_ENUMERATION</TYPE>
      <DESCRIPTION>EA</DESCRIPTION>
      <FILENAME>CustomEnumeration-EAYorN.xml</FILENAME>
    </ITEMS_ROW>
    <ITEMS_ROW>
      <NAME>Bulk Update</NAME>
      <TYPE>CF_READ_ONLY</TYPE>
      <DESCRIPTION>C0343- Prageeth Gangabada</DESCRIPTION>
      <FILENAME>CustomFieldReadOnly-InvoiceHeaderNotes-BULK_UPDATE.xml</FILENAME>
    </ITEMS_ROW>
    <ITEMS_ROW>
      <NAME>0^CHECK_PREPOSTING_CO^CustomerOrder</NAME>
      <TYPE>CUSTOM_EVENT_ACTION</TYPE>
      <DESCRIPTION>EA - C0397. To check for pre-posting information in Customer Order Header and Lines</DESCRIPTION>
      <FILENAME>CustomEventAction-CustomerOrder-CHECK_PREPOSTING_CO-0-EXECUTEONLINESQL.xml</FILENAME>
    </ITEMS_ROW>
    <ITEMS_ROW>
      <NAME>INVOICE_HEADER_NOTE_DATE</NAME>
      <TYPE>CUSTOM_EVENT</TYPE>
      <DESCRIPTION>EA - C0392
This event updates the &quot;Follow Up Date&quot; of invoice header notes depending on the selected &quot;Note Status&quot;</DESCRIPTION>
      <FILENAME>CustomEvent-InvoiceHeaderNotes-INVOICE_HEADER_NOTE_DATE.xml</FILENAME>
    </ITEMS_ROW>
    <ITEMS_ROW>
      <NAME>Code G</NAME>
      <TYPE>CF_PERSISTENT</TYPE>
      <DESCRIPTION>C0397 - Finance. Field for CO Pre-posting.</DESCRIPTION>
      <FILENAME>CustomFieldPersistent-CustOrderType-CODE_G.xml</FILENAME>
    </ITEMS_ROW>
    <ITEMS_ROW>
      <NAME>Ledger Item Extension</NAME>
      <TYPE>CUSTOM_LU</TYPE>
      <DESCRIPTION/>
      <FILENAME>CustomLogicalUnit-LedgerItemExt.xml</FILENAME>
    </ITEMS_ROW>
    <ITEMS_ROW>
      <NAME>Ledger Item Quick Report</NAME>
      <TYPE>CUSTOM_LU</TYPE>
      <DESCRIPTION>C0333 - Isuru Gunatileka</DESCRIPTION>
      <FILENAME>CustomLogicalUnit-LedgerItemQr.xml</FILENAME>
    </ITEMS_ROW>
    <ITEMS_ROW>
      <NAME>0^CUSTOMER_IDENTITY^IdentityPayInfo</NAME>
      <TYPE>CUSTOM_EVENT_ACTION</TYPE>
      <DESCRIPTION>EA CRIM 562</DESCRIPTION>
      <FILENAME>CustomEventAction-IdentityPayInfo-CUSTOMER_IDENTITY-0-EXECUTEONLINESQL.xml</FILENAME>
    </ITEMS_ROW>
    <ITEMS_ROW>
      <NAME>Actual Start Date</NAME>
      <TYPE>CF_READ_ONLY</TYPE>
      <DESCRIPTION>CRIM 0512 - EA</DESCRIPTION>
      <FILENAME>CustomFieldReadOnly-RevenueRecognitionProj-ACTUAL_START_DATE.xml</FILENAME>
    </ITEMS_ROW>
    <ITEMS_ROW>
      <NAME>Project</NAME>
      <TYPE>CUSTOM_MENU</TYPE>
      <DESCRIPTION>Project RMB Option</DESCRIPTION>
      <FILENAME>CustomMenu-frmRevenueRecognitionProject.tblRevRecogProject-971973.xml</FILENAME>
    </ITEMS_ROW>
    <ITEMS_ROW>
      <NAME>Part Number</NAME>
      <TYPE>CF_READ_ONLY</TYPE>
      <DESCRIPTION>EA - C0437</DESCRIPTION>
      <FILENAME>CustomFieldReadOnly-ReceiptInfo-PART_NO.xml</FILENAME>
    </ITEMS_ROW>
    <ITEMS_ROW>
      <NAME>Inter-Co</NAME>
      <TYPE>CF_PERSISTENT</TYPE>
      <DESCRIPTION>Finance - CRIM 0397 - Intercompany Pre-posting checkbox</DESCRIPTION>
      <FILENAME>CustomFieldPersistent-CustOrderType-INTER_CO.xml</FILENAME>
    </ITEMS_ROW>
    <ITEMS_ROW>
      <NAME>ClientMetadata.client:ManualSupplierInvoiceAssistant</NAME>
      <TYPE>AURENA_PAGE_GROUP</TYPE>
      <DESCRIPTION>List of values fragment defining view subval_invoice_lov</DESCRIPTION>
      <FILENAME>AurenaPageGroup-ClientMetadata.client.ManualSupplierInvoiceAssistant.xml</FILENAME>
    </ITEMS_ROW>
    <ITEMS_ROW>
      <NAME>ClientMetadata.client:Supplier</NAME>
      <TYPE>AURENA_PAGE_GROUP</TYPE>
      <DESCRIPTION>SRM Info tab</DESCRIPTION>
      <FILENAME>AurenaPageGroup-ClientMetadata.client.Supplier.xml</FILENAME>
    </ITEMS_ROW>
    <ITEMS_ROW>
      <NAME>ClientMetadata.client:Suppliers</NAME>
      <TYPE>AURENA_PAGE_GROUP</TYPE>
      <DESCRIPTION>Change Supplier Category Dialog</DESCRIPTION>
      <FILENAME>AurenaPageGroup-ClientMetadata.client.Suppliers.xml</FILENAME>
    </ITEMS_ROW>
    <ITEMS_ROW>
      <NAME>CUSTOMER_IDENTITY</NAME>
      <TYPE>CUSTOM_EVENT</TYPE>
      <DESCRIPTION>EA CRIM 562</DESCRIPTION>
      <FILENAME>CustomEvent-IdentityPayInfo-CUSTOMER_IDENTITY.xml</FILENAME>
    </ITEMS_ROW>
    <ITEMS_ROW>
      <NAME>Finance Project </NAME>
      <TYPE>CUSTOM_MENU</TYPE>
      <DESCRIPTION>Finance Project RMB</DESCRIPTION>
      <FILENAME>CustomMenu-frmRevenueRecognitionProject.tblRevRecogProject-498483.xml</FILENAME>
    </ITEMS_ROW>
    <ITEMS_ROW>
      <NAME>Planned Start Date</NAME>
      <TYPE>CF_READ_ONLY</TYPE>
      <DESCRIPTION>CRIM 0512 - EA</DESCRIPTION>
      <FILENAME>CustomFieldReadOnly-RevenueRecognitionProj-PLAN_START.xml</FILENAME>
    </ITEMS_ROW>
    <ITEMS_ROW>
      <NAME>Financial Project</NAME>
      <TYPE>CUSTOM_MENU</TYPE>
      <DESCRIPTION>EA - C0527</DESCRIPTION>
      <FILENAME>CustomMenu-frmProjectDetailInfo-34940.xml</FILENAME>
    </ITEMS_ROW>
    <ITEMS_ROW>
      <NAME>Invoiced Quantity</NAME>
      <TYPE>CF_READ_ONLY</TYPE>
      <DESCRIPTION>EA - C0437</DESCRIPTION>
      <FILENAME>CustomFieldReadOnly-ReceiptInfo-INVOICED_QTY.xml</FILENAME>
    </ITEMS_ROW>
    <ITEMS_ROW>
      <NAME>Manager</NAME>
      <TYPE>CF_READ_ONLY</TYPE>
      <DESCRIPTION>CRIM 0512 - EA</DESCRIPTION>
      <FILENAME>CustomFieldReadOnly-RevenueRecognitionProj-MANAGER.xml</FILENAME>
    </ITEMS_ROW>
    <ITEMS_ROW>
      <NAME>Follow Up Time (Working Days)</NAME>
      <TYPE>CF_PERSISTENT</TYPE>
      <DESCRIPTION>C0343 - Prageeth Gangabada</DESCRIPTION>
      <FILENAME>CustomFieldPersistent-CreditNoteStatus-FOLLOW_UP_TIME.xml</FILENAME>
    </ITEMS_ROW>
    <ITEMS_ROW>
      <NAME>Project Status</NAME>
      <TYPE>CF_READ_ONLY</TYPE>
      <DESCRIPTION>CRIM 0512 - EA</DESCRIPTION>
      <FILENAME>CustomFieldReadOnly-RevenueRecognitionProj-PROJECT_STATUS.xml</FILENAME>
    </ITEMS_ROW>
    <ITEMS_ROW>
      <NAME>Planned Finish Date</NAME>
      <TYPE>CF_READ_ONLY</TYPE>
      <DESCRIPTION>CRIM 0512 - EA </DESCRIPTION>
      <FILENAME>CustomFieldReadOnly-RevenueRecognitionProj-PLAN_FINISH.xml</FILENAME>
    </ITEMS_ROW>
    <ITEMS_ROW>
      <NAME>INVOICE_HEADER_NOTE_DATE2</NAME>
      <TYPE>CUSTOM_EVENT</TYPE>
      <DESCRIPTION>EA - C0392
This event updates the &quot;Follow Up Date&quot; of invoice header notes depending on the selected &quot;Query Note&quot;</DESCRIPTION>
      <FILENAME>CustomEvent-InvoiceHeaderNotes-INVOICE_HEADER_NOTE_DATE2.xml</FILENAME>
    </ITEMS_ROW>
    <ITEMS_ROW>
      <NAME/>
      <TYPE>CUSTOM_MENU</TYPE>
      <DESCRIPTION/>
      <FILENAME>CustomMenu-frmCustomerAnalysis.tblCustomerDetails-867389.xml</FILENAME>
    </ITEMS_ROW>
    <ITEMS_ROW>
      <NAME>Read Only</NAME>
      <TYPE>COND_FIELD_ACTION</TYPE>
      <DESCRIPTION>Property - Read Only</DESCRIPTION>
      <FILENAME>ConditionalField-Read Only-aa04279e30e1423f95c17fe6b5b9977f.xml</FILENAME>
    </ITEMS_ROW>
    <ITEMS_ROW>
      <NAME>Query Reason</NAME>
      <TYPE>CUSTOM_LU</TYPE>
      <DESCRIPTION>C0392 - Prageeth Gangabada</DESCRIPTION>
      <FILENAME>CustomLogicalUnit-QueryReason.xml</FILENAME>
    </ITEMS_ROW>
    <ITEMS_ROW>
      <NAME>Program ID</NAME>
      <TYPE>CF_READ_ONLY</TYPE>
      <DESCRIPTION>CRIM 0512 - EA</DESCRIPTION>
      <FILENAME>CustomFieldReadOnly-RevenueRecognitionProj-PROGRAM_ID.xml</FILENAME>
    </ITEMS_ROW>
    <ITEMS_ROW>
      <NAME>Sales Contract</NAME>
      <TYPE>CF_READ_ONLY</TYPE>
      <DESCRIPTION>CRIM 0512 - EA</DESCRIPTION>
      <FILENAME>CustomFieldReadOnly-RevenueRecognitionProj-SALES_CONTRACT.xml</FILENAME>
    </ITEMS_ROW>
    <ITEMS_ROW>
      <NAME>Bulk Update Notes</NAME>
      <TYPE>CUSTOM_MENU</TYPE>
      <DESCRIPTION>C0343 - Prageeth Gangabada</DESCRIPTION>
      <FILENAME>CustomMenu-frmInvHeaderNotes-831000.xml</FILENAME>
    </ITEMS_ROW>
    <ITEMS_ROW>
      <NAME>Contract</NAME>
      <TYPE>CF_PERSISTENT</TYPE>
      <DESCRIPTION>C0397 - Finance. Field for CO Pre-posting.</DESCRIPTION>
      <FILENAME>CustomFieldPersistent-CustOrderType-CONTRACT.xml</FILENAME>
    </ITEMS_ROW>
    <ITEMS_ROW>
      <NAME>Period Allocation</NAME>
      <TYPE>CF_READ_ONLY</TYPE>
      <DESCRIPTION>EA - CRIM 580</DESCRIPTION>
      <FILENAME>CustomFieldReadOnly-GenLedVoucherRow-PERIOD_ALLOCATION.xml</FILENAME>
    </ITEMS_ROW>
    <ITEMS_ROW>
      <NAME>Cis Supplier</NAME>
      <TYPE>CF_READ_ONLY</TYPE>
      <DESCRIPTION>EA - C0606</DESCRIPTION>
      <FILENAME>CustomFieldReadOnly-SupplierInfoGeneral-CIS_SUPPLIER.xml</FILENAME>
    </ITEMS_ROW>
    <ITEMS_ROW>
      <NAME>Cost Cent</NAME>
      <TYPE>CF_PERSISTENT</TYPE>
      <DESCRIPTION>C0397 - Finance. Field for CO Pre-posting.</DESCRIPTION>
      <FILENAME>CustomFieldPersistent-CustOrderType-COST_CENT.xml</FILENAME>
    </ITEMS_ROW>
    <ITEMS_ROW>
      <NAME>Part Description</NAME>
      <TYPE>CF_READ_ONLY</TYPE>
      <DESCRIPTION>EA - C0437</DESCRIPTION>
      <FILENAME>CustomFieldReadOnly-ReceiptInfo-PART_DESCRIPTION.xml</FILENAME>
    </ITEMS_ROW>
    <ITEMS_ROW>
      <NAME>Main Representative</NAME>
      <TYPE>CF_READ_ONLY</TYPE>
      <DESCRIPTION>CRIM 0512 - EA</DESCRIPTION>
      <FILENAME>CustomFieldReadOnly-RevenueRecognitionProj-MAIN_REPRESENTATIVE.xml</FILENAME>
    </ITEMS_ROW>
    <ITEMS_ROW>
      <NAME>Default Invoice/Statement Bank</NAME>
      <TYPE>CF_PERSISTENT</TYPE>
      <DESCRIPTION>EA -  CRIM 0562</DESCRIPTION>
      <FILENAME>CustomFieldPersistent-CompanyDefInvoiceType-DEFAULT_INVOICE.xml</FILENAME>
    </ITEMS_ROW>
  </ITEMS>
  <ADDITIONAL_ITEMS>
    <ADDITIONAL_ITEM>
      <NAME>Views-CompanyDefInvoiceType</NAME>
      <TYPE>CF_VIEWS</TYPE>
      <DESCRIPTION>Views Files for CompanyDefInvoiceType</DESCRIPTION>
      <FILENAME>CustomFieldViews-CompanyDefInvoiceType.xml</FILENAME>
    </ADDITIONAL_ITEM>
    <ADDITIONAL_ITEM>
      <NAME>Views-CreditNoteStatus</NAME>
      <TYPE>CF_VIEWS</TYPE>
      <DESCRIPTION>Views Files for CreditNoteStatus</DESCRIPTION>
      <FILENAME>CustomFieldViews-CreditNoteStatus.xml</FILENAME>
    </ADDITIONAL_ITEM>
    <ADDITIONAL_ITEM>
      <NAME>Views-CustOrderType</NAME>
      <TYPE>CF_VIEWS</TYPE>
      <DESCRIPTION>Views Files for CustOrderType</DESCRIPTION>
      <FILENAME>CustomFieldViews-CustOrderType.xml</FILENAME>
    </ADDITIONAL_ITEM>
    <ADDITIONAL_ITEM>
      <NAME>Views-GenLedVoucherRow</NAME>
      <TYPE>CF_VIEWS</TYPE>
      <DESCRIPTION>Views Files for GenLedVoucherRow</DESCRIPTION>
      <FILENAME>CustomFieldViews-GenLedVoucherRow.xml</FILENAME>
    </ADDITIONAL_ITEM>
    <ADDITIONAL_ITEM>
      <NAME>Views-IdentityInvoiceInfo</NAME>
      <TYPE>CF_VIEWS</TYPE>
      <DESCRIPTION>Views Files for IdentityInvoiceInfo</DESCRIPTION>
      <FILENAME>CustomFieldViews-IdentityInvoiceInfo.xml</FILENAME>
    </ADDITIONAL_ITEM>
    <ADDITIONAL_ITEM>
      <NAME>Views-IdentityPayInfo</NAME>
      <TYPE>CF_VIEWS</TYPE>
      <DESCRIPTION>Views Files for IdentityPayInfo</DESCRIPTION>
      <FILENAME>CustomFieldViews-IdentityPayInfo.xml</FILENAME>
    </ADDITIONAL_ITEM>
    <ADDITIONAL_ITEM>
      <NAME>Views-InvoiceHeaderNotes</NAME>
      <TYPE>CF_VIEWS</TYPE>
      <DESCRIPTION>Views Files for InvoiceHeaderNotes</DESCRIPTION>
      <FILENAME>CustomFieldViews-InvoiceHeaderNotes.xml</FILENAME>
    </ADDITIONAL_ITEM>
    <ADDITIONAL_ITEM>
      <NAME>Views-LedgerItem</NAME>
      <TYPE>CF_VIEWS</TYPE>
      <DESCRIPTION>Views Files for LedgerItem</DESCRIPTION>
      <FILENAME>CustomFieldViews-LedgerItem.xml</FILENAME>
    </ADDITIONAL_ITEM>
    <ADDITIONAL_ITEM>
      <NAME>Views-ReceiptInfo</NAME>
      <TYPE>CF_VIEWS</TYPE>
      <DESCRIPTION>Views Files for ReceiptInfo</DESCRIPTION>
      <FILENAME>CustomFieldViews-ReceiptInfo.xml</FILENAME>
    </ADDITIONAL_ITEM>
    <ADDITIONAL_ITEM>
      <NAME>Views-RevenueRecognitionProj</NAME>
      <TYPE>CF_VIEWS</TYPE>
      <DESCRIPTION>Views Files for RevenueRecognitionProj</DESCRIPTION>
      <FILENAME>CustomFieldViews-RevenueRecognitionProj.xml</FILENAME>
    </ADDITIONAL_ITEM>
    <ADDITIONAL_ITEM>
      <NAME>Views-ScSrvContractInvpln</NAME>
      <TYPE>CF_VIEWS</TYPE>
      <DESCRIPTION>Views Files for ScSrvContractInvpln</DESCRIPTION>
      <FILENAME>CustomFieldViews-ScSrvContractInvpln.xml</FILENAME>
    </ADDITIONAL_ITEM>
    <ADDITIONAL_ITEM>
      <NAME>Views-SupplierInfoGeneral</NAME>
      <TYPE>CF_VIEWS</TYPE>
      <DESCRIPTION>Views Files for SupplierInfoGeneral</DESCRIPTION>
      <FILENAME>CustomFieldViews-SupplierInfoGeneral.xml</FILENAME>
    </ADDITIONAL_ITEM>
    <ADDITIONAL_ITEM>
      <NAME>Views-VoucherRow</NAME>
      <TYPE>CF_VIEWS</TYPE>
      <DESCRIPTION>Views Files for VoucherRow</DESCRIPTION>
      <FILENAME>CustomFieldViews-VoucherRow.xml</FILENAME>
    </ADDITIONAL_ITEM>
  </ADDITIONAL_ITEMS>
</APPLICATION_CONFIGURATION>
