<?xml version="1.0"?>
<APPLICATION_CONFIGURATION>
  <EXPORT_DEF_VERSION>1</EXPORT_DEF_VERSION>
  <PACKAGE_ID>82B75AC20BB74FFA92E01A057E21C332</PACKAGE_ID>
  <NAME>EA_FINANCE</NAME>
  <DESCRIPTION>This ACP includes custom objects belongs to following CRIMs;
 C0343, C0392, C0397, C0512,  C0527,  C0528, C0562, C0606, C580, C0333, C0550, C0437, C0692</DESCRIPTION>
  <AUTHOR>Prageeth Gangabada</AUTHOR>
  <VERSION/>
  <VERSION_TIME_STAMP>2021-08-13-12.55.05</VERSION_TIME_STAMP>
  <ORIGIN>TUGRPPR-307544-MC-TUGRPPR-APPS10</ORIGIN>
  <LAST_MODIFIED_DATE>2021-08-13-12.17.05</LAST_MODIFIED_DATE>
  <ITEMS>
    <ITEMS_ROW>
      <NAME>Clear Quick Report Selection</NAME>
      <TYPE>CUSTOM_MENU</TYPE>
      <DESCRIPTION/>
      <FILENAME>CustomMenu-frmCustomerAnalysis.tblCustomerDetails-759081.xml</FILENAME>
    </ITEMS_ROW>
    <ITEMS_ROW>
      <NAME>E - Cost Center</NAME>
      <TYPE>CF_PERSISTENT</TYPE>
      <DESCRIPTION>EA  - C0689</DESCRIPTION>
      <FILENAME>CustomFieldPersistent-PurchasePartGroup-ECOSTCENTER.xml</FILENAME>
    </ITEMS_ROW>
    <ITEMS_ROW>
      <NAME>0^SUPPLIER_PAYMENT_ADVICE^AcknowledgePayment</NAME>
      <TYPE>CUSTOM_EVENT_ACTION</TYPE>
      <DESCRIPTION>C0556</DESCRIPTION>
      <FILENAME>CustomEventAction-AcknowledgePayment-SUPPLIER_PAYMENT_ADVICE-0-EXECUTEONLINESQL.xml</FILENAME>
    </ITEMS_ROW>
    <ITEMS_ROW>
      <NAME>PRE_POSTING_ORDER_TYPE</NAME>
      <TYPE>CUSTOM_EVENT</TYPE>
      <DESCRIPTION>C0397- Finance. Enabling pre-posting info based on order types</DESCRIPTION>
      <FILENAME>CustomEvent-CustOrderType-PRE_POSTING_ORDER_TYPE.xml</FILENAME>
    </ITEMS_ROW>
    <ITEMS_ROW>
      <NAME>1^PRE_POSTING_ORDER_TYPE^CustOrderType</NAME>
      <TYPE>CUSTOM_EVENT_ACTION</TYPE>
      <DESCRIPTION>C0397 - Finance. To enable pre-postoing code parts based on order types.</DESCRIPTION>
      <FILENAME>CustomEventAction-CustOrderType-PRE_POSTING_ORDER_TYPE-1-EXECUTEONLINESQL.xml</FILENAME>
    </ITEMS_ROW>
    <ITEMS_ROW>
      <NAME>Category 2</NAME>
      <TYPE>CF_READ_ONLY</TYPE>
      <DESCRIPTION>CRIM 0512 - EA</DESCRIPTION>
      <FILENAME>CustomFieldReadOnly-RevenueRecognitionProj-CATEGORY_2.xml</FILENAME>
    </ITEMS_ROW>
    <ITEMS_ROW>
      <NAME>Arrived Quantity</NAME>
      <TYPE>CF_READ_ONLY</TYPE>
      <DESCRIPTION>EA - C0437</DESCRIPTION>
      <FILENAME>CustomFieldReadOnly-ReceiptInfo-ARRIVED_QTY.xml</FILENAME>
    </ITEMS_ROW>
    <ITEMS_ROW>
      <NAME>Prop</NAME>
      <TYPE>CF_PERSISTENT</TYPE>
      <DESCRIPTION>C0397 - Finance. Field for CO Pre-posting.</DESCRIPTION>
      <FILENAME>CustomFieldPersistent-CustOrderType-PROP.xml</FILENAME>
    </ITEMS_ROW>
    <ITEMS_ROW>
      <NAME>CHECK_PERIOD_ALLOCATION</NAME>
      <TYPE>CUSTOM_EVENT</TYPE>
      <DESCRIPTION>C580 - Checking period Allocation</DESCRIPTION>
      <FILENAME>CustomEvent-PeriodAllocation-CHECK_PERIOD_ALLOCATION.xml</FILENAME>
    </ITEMS_ROW>
    <ITEMS_ROW>
      <NAME>0^C_C0689_CHECK_PREPOST_PO^PurchaseOrder</NAME>
      <TYPE>CUSTOM_EVENT_ACTION</TYPE>
      <DESCRIPTION>EA  - C0689 - Check PO lines for preposting</DESCRIPTION>
      <FILENAME>CustomEventAction-PurchaseOrder-C_C0689_CHECK_PREPOST_PO-0-EXECUTEONLINESQL.xml</FILENAME>
    </ITEMS_ROW>
    <ITEMS_ROW>
      <NAME>Site</NAME>
      <TYPE>CF_PERSISTENT</TYPE>
      <DESCRIPTION>C0397 - Finance. Field for CO Pre-posting.</DESCRIPTION>
      <FILENAME>CustomFieldPersistent-CustOrderType-SITE.xml</FILENAME>
    </ITEMS_ROW>
    <ITEMS_ROW>
      <NAME>Sales Contract</NAME>
      <TYPE>CUSTOM_MENU</TYPE>
      <DESCRIPTION>EA-0528</DESCRIPTION>
      <FILENAME>CustomMenu-frmTabProjAcc-849.xml</FILENAME>
    </ITEMS_ROW>
    <ITEMS_ROW>
      <NAME>Mandatory Pre Posting</NAME>
      <TYPE>CF_PERSISTENT</TYPE>
      <DESCRIPTION>C0397 - Finance. Label for Mandatory Pre-posting</DESCRIPTION>
      <FILENAME>CustomFieldPersistent-CustOrderType-MANDATORY_PRE_POSTING.xml</FILENAME>
    </ITEMS_ROW>
    <ITEMS_ROW>
      <NAME>MANDATORY PRE-POSTINGS FOR PR</NAME>
      <TYPE>CF_PERSISTENT</TYPE>
      <DESCRIPTION>EA  - C0689</DESCRIPTION>
      <FILENAME>CustomFieldPersistent-PurchasePartGroup-MANDPREPOSTPR.xml</FILENAME>
    </ITEMS_ROW>
    <ITEMS_ROW>
      <NAME>F - Contract</NAME>
      <TYPE>CF_PERSISTENT</TYPE>
      <DESCRIPTION>EA  - C0689</DESCRIPTION>
      <FILENAME>CustomFieldPersistent-PurchasePartGroup-FCONTRACT.xml</FILENAME>
    </ITEMS_ROW>
    <ITEMS_ROW>
      <NAME>Override Default Invoice/State</NAME>
      <TYPE>CF_PERSISTENT</TYPE>
      <DESCRIPTION>EA CRIM 0562</DESCRIPTION>
      <FILENAME>CustomFieldPersistent-IdentityPayInfo-OVERRIDE_INVOICE.xml</FILENAME>
    </ITEMS_ROW>
    <ITEMS_ROW>
      <NAME>Quick Report</NAME>
      <TYPE>CF_READ_ONLY</TYPE>
      <DESCRIPTION>C0333 - Isuru Gunatileka</DESCRIPTION>
      <FILENAME>CustomFieldReadOnly-LedgerItem-QUICK_REPORT.xml</FILENAME>
    </ITEMS_ROW>
    <ITEMS_ROW>
      <NAME>MANDATORY PRE-POSTINGS FOR PO</NAME>
      <TYPE>CF_PERSISTENT</TYPE>
      <DESCRIPTION>EA  - C0689</DESCRIPTION>
      <FILENAME>CustomFieldPersistent-PurchasePartGroup-MANDPREPOSTPO.xml</FILENAME>
    </ITEMS_ROW>
    <ITEMS_ROW>
      <NAME>Remaining Quantity to Invoice</NAME>
      <TYPE>CF_READ_ONLY</TYPE>
      <DESCRIPTION>EA - C0437</DESCRIPTION>
      <FILENAME>CustomFieldReadOnly-ReceiptInfo-REMAINING_QTY_INVOICED.xml</FILENAME>
    </ITEMS_ROW>
    <ITEMS_ROW>
      <NAME>Region</NAME>
      <TYPE>CF_READ_ONLY</TYPE>
      <DESCRIPTION>CRIM 0512 - EA</DESCRIPTION>
      <FILENAME>CustomFieldReadOnly-RevenueRecognitionProj-REGION.xml</FILENAME>
    </ITEMS_ROW>
    <ITEMS_ROW>
      <NAME>0^COMPANY_IDENTITY^CompanyDefInvoiceType</NAME>
      <TYPE>CUSTOM_EVENT_ACTION</TYPE>
      <DESCRIPTION>EA - CRIM 562</DESCRIPTION>
      <FILENAME>CustomEventAction-CompanyDefInvoiceType-COMPANY_IDENTITY-0-EXECUTEONLINESQL.xml</FILENAME>
    </ITEMS_ROW>
    <ITEMS_ROW>
      <NAME>Project Navigator</NAME>
      <TYPE>CUSTOM_MENU</TYPE>
      <DESCRIPTION>RMB to navigate to Project Navigator</DESCRIPTION>
      <FILENAME>CustomMenu-frmRevenueRecognitionProject.tblRevRecogProject-242225.xml</FILENAME>
    </ITEMS_ROW>
    <ITEMS_ROW>
      <NAME>Project</NAME>
      <TYPE>CF_PERSISTENT</TYPE>
      <DESCRIPTION>C0397 - Finance. Field for CO Pre-posting.</DESCRIPTION>
      <FILENAME>CustomFieldPersistent-CustOrderType-PROJECT.xml</FILENAME>
    </ITEMS_ROW>
    <ITEMS_ROW>
      <NAME>Hold For Credit</NAME>
      <TYPE>CF_READ_ONLY</TYPE>
      <DESCRIPTION>EA - C692</DESCRIPTION>
      <FILENAME>CustomFieldReadOnly-PostingProposalHead-HOLD_FOR_CREDIT.xml</FILENAME>
    </ITEMS_ROW>
    <ITEMS_ROW>
      <NAME>CHECK_CREDIT_NOTE</NAME>
      <TYPE>CUSTOM_EVENT</TYPE>
      <DESCRIPTION>EA - 692. This event is to check whether the &quot; Hold for credit&quot; checkbox is marked TRUE and the Instant Authorisation is set to “Authorised” </DESCRIPTION>
      <FILENAME>CustomEvent-PostingProposalAuth-CHECK_CREDIT_NOTE.xml</FILENAME>
    </ITEMS_ROW>
    <ITEMS_ROW>
      <NAME>C - Project</NAME>
      <TYPE>CF_PERSISTENT</TYPE>
      <DESCRIPTION>EA  - C0689</DESCRIPTION>
      <FILENAME>CustomFieldPersistent-PurchasePartGroup-CPROJECT.xml</FILENAME>
    </ITEMS_ROW>
    <ITEMS_ROW>
      <NAME>11^PDF_REPORT_CREATED^PrintJob</NAME>
      <TYPE>CUSTOM_EVENT_ACTION</TYPE>
      <DESCRIPTION>C0556-ENTJASMIP</DESCRIPTION>
      <FILENAME>CustomEventAction-PrintJob-PDF_REPORT_CREATED-11-MAIL.xml</FILENAME>
    </ITEMS_ROW>
    <ITEMS_ROW>
      <NAME>Category 1</NAME>
      <TYPE>CF_READ_ONLY</TYPE>
      <DESCRIPTION>CRIM 0512 - EA</DESCRIPTION>
      <FILENAME>CustomFieldReadOnly-RevenueRecognitionProj-CATEGORY_1.xml</FILENAME>
    </ITEMS_ROW>
    <ITEMS_ROW>
      <NAME>0^CIS_REMINDER^ManSuppInvoice</NAME>
      <TYPE>CUSTOM_EVENT_ACTION</TYPE>
      <DESCRIPTION>Checking for CIS verification.
C0606.</DESCRIPTION>
      <FILENAME>CustomEventAction-ManSuppInvoice-CIS_REMINDER-0-EXECUTEONLINESQL.xml</FILENAME>
    </ITEMS_ROW>
    <ITEMS_ROW>
      <NAME>B - Proposition</NAME>
      <TYPE>CF_PERSISTENT</TYPE>
      <DESCRIPTION>EA  - C0689</DESCRIPTION>
      <FILENAME>CustomFieldPersistent-PurchasePartGroup-BPROPOSITION.xml</FILENAME>
    </ITEMS_ROW>
    <ITEMS_ROW>
      <NAME>C_C0689_CHECK_PREPOST_PO</NAME>
      <TYPE>CUSTOM_EVENT</TYPE>
      <DESCRIPTION>EA  - C0689 - Check Preposting on Purchase order Lines when release.</DESCRIPTION>
      <FILENAME>CustomEvent-PurchaseOrder-C_C0689_CHECK_PREPOST_PO.xml</FILENAME>
    </ITEMS_ROW>
    <ITEMS_ROW>
      <NAME>CHECK_PREPOSTING_CO</NAME>
      <TYPE>CUSTOM_EVENT</TYPE>
      <DESCRIPTION>EA - C0397. To check for pre-posting information in Customer Order Header and Lines</DESCRIPTION>
      <FILENAME>CustomEvent-CustomerOrder-CHECK_PREPOSTING_CO.xml</FILENAME>
    </ITEMS_ROW>
    <ITEMS_ROW>
      <NAME>Actual Finish Date</NAME>
      <TYPE>CF_READ_ONLY</TYPE>
      <DESCRIPTION>CRIM 0512 - EA</DESCRIPTION>
      <FILENAME>CustomFieldReadOnly-RevenueRecognitionProj-ACTUAL_FINISH.xml</FILENAME>
    </ITEMS_ROW>
    <ITEMS_ROW>
      <NAME>0^CHECK_PERIOD_ALLOCATION^PeriodAllocation</NAME>
      <TYPE>CUSTOM_EVENT_ACTION</TYPE>
      <DESCRIPTION>CRIM 580 </DESCRIPTION>
      <FILENAME>CustomEventAction-PeriodAllocation-CHECK_PERIOD_ALLOCATION-0-EXECUTEONLINESQL.xml</FILENAME>
    </ITEMS_ROW>
    <ITEMS_ROW>
      <NAME>EAPeriodAllocation</NAME>
      <TYPE>CUSTOM_LU</TYPE>
      <DESCRIPTION>PeriodAllocation - C580</DESCRIPTION>
      <FILENAME>CustomLogicalUnit-EAPeriodAllocation.xml</FILENAME>
    </ITEMS_ROW>
    <ITEMS_ROW>
      <NAME>Period Allocation</NAME>
      <TYPE>CF_READ_ONLY</TYPE>
      <DESCRIPTION>EA - CRIM 0580</DESCRIPTION>
      <FILENAME>CustomFieldReadOnly-VoucherRow-PERIOD_ALLOCATION.xml</FILENAME>
    </ITEMS_ROW>
    <ITEMS_ROW>
      <NAME>Project//Financial Project...</NAME>
      <TYPE>CUSTOM_MENU</TYPE>
      <DESCRIPTION>EA - C0528</DESCRIPTION>
      <FILENAME>CustomMenu-frmSalesContract_Ext-197278.xml</FILENAME>
    </ITEMS_ROW>
    <ITEMS_ROW>
      <NAME>COMPANY_IDENTITY</NAME>
      <TYPE>CUSTOM_EVENT</TYPE>
      <DESCRIPTION>EA - CRIM 562</DESCRIPTION>
      <FILENAME>CustomEvent-CompanyDefInvoiceType-COMPANY_IDENTITY.xml</FILENAME>
    </ITEMS_ROW>
    <ITEMS_ROW>
      <NAME>CUST_ORD_MANDATORY_PO_NO</NAME>
      <TYPE>CUSTOM_EVENT</TYPE>
      <DESCRIPTION>Event to warn the user when Customer Orders created from a Sales Quotation or a Business Opportunity being released without the Customer Po. No.
C0413</DESCRIPTION>
      <FILENAME>CustomEvent-CustomerOrder-CUST_ORD_MANDATORY_PO_NO.xml</FILENAME>
    </ITEMS_ROW>
    <ITEMS_ROW>
      <NAME>J - Currency</NAME>
      <TYPE>CF_PERSISTENT</TYPE>
      <DESCRIPTION>EA  - C0689</DESCRIPTION>
      <FILENAME>CustomFieldPersistent-PurchasePartGroup-JCURRENCY.xml</FILENAME>
    </ITEMS_ROW>
    <ITEMS_ROW>
      <NAME>Quick Report User</NAME>
      <TYPE>CF_READ_ONLY</TYPE>
      <DESCRIPTION>C0333 - Isuru Gunatileka</DESCRIPTION>
      <FILENAME>CustomFieldReadOnly-LedgerItem-QUICK_REPORT_USER.xml</FILENAME>
    </ITEMS_ROW>
    <ITEMS_ROW>
      <NAME>Customer Name</NAME>
      <TYPE>CF_READ_ONLY</TYPE>
      <DESCRIPTION>CRIM 0512 - EA</DESCRIPTION>
      <FILENAME>CustomFieldReadOnly-RevenueRecognitionProj-CUSTOMER_NAME.xml</FILENAME>
    </ITEMS_ROW>
    <ITEMS_ROW>
      <NAME>SUPPLIER_PAYMENT_ADVICE</NAME>
      <TYPE>CUSTOM_EVENT</TYPE>
      <DESCRIPTION>C0556-ENTJASMIP</DESCRIPTION>
      <FILENAME>CustomEvent-AcknowledgePayment-SUPPLIER_PAYMENT_ADVICE.xml</FILENAME>
    </ITEMS_ROW>
    <ITEMS_ROW>
      <NAME>Period Fully Invoiced</NAME>
      <TYPE>CF_READ_ONLY</TYPE>
      <DESCRIPTION>C550 - Isuru Gunatileka: This field checks if all Invoice Plan Detail Lines have an Invoice No. populated in the Invoice No. field.</DESCRIPTION>
      <FILENAME>CustomFieldReadOnly-ScSrvContractInvpln-PERIOD_FULLY_INVOICED.xml</FILENAME>
    </ITEMS_ROW>
    <ITEMS_ROW>
      <NAME>Select for Quick Report</NAME>
      <TYPE>CUSTOM_MENU</TYPE>
      <DESCRIPTION/>
      <FILENAME>CustomMenu-frmCustomerAnalysis.tblCustomerDetails-134650.xml</FILENAME>
    </ITEMS_ROW>
    <ITEMS_ROW>
      <NAME>Partial Statement of Account Quick Report</NAME>
      <TYPE>QUICK_REPORT</TYPE>
      <DESCRIPTION>Quick report for partial statement of account.</DESCRIPTION>
      <FILENAME>QuickReport-641456.xml</FILENAME>
    </ITEMS_ROW>
    <ITEMS_ROW>
      <NAME>Invoice Id</NAME>
      <TYPE>CF_READ_ONLY</TYPE>
      <DESCRIPTION>C550 - Isuru Gunatileka: This fiels shows a concatenation of the fields Series ID and Invoice No.</DESCRIPTION>
      <FILENAME>CustomFieldReadOnly-ScSrvContractInvpln-INVOICE_ID.xml</FILENAME>
    </ITEMS_ROW>
    <ITEMS_ROW>
      <NAME>CIS_REMINDER</NAME>
      <TYPE>CUSTOM_EVENT</TYPE>
      <DESCRIPTION>C0606.</DESCRIPTION>
      <FILENAME>CustomEvent-ManSuppInvoice-CIS_REMINDER.xml</FILENAME>
    </ITEMS_ROW>
    <ITEMS_ROW>
      <NAME>CIS Supplier</NAME>
      <TYPE>CF_PERSISTENT</TYPE>
      <DESCRIPTION>Check box to identify if a supplier is CIS rated.
C0606</DESCRIPTION>
      <FILENAME>CustomFieldPersistent-IdentityInvoiceInfo-CIS_SUPPLIER.xml</FILENAME>
    </ITEMS_ROW>
    <ITEMS_ROW>
      <NAME>Customer ID</NAME>
      <TYPE>CF_READ_ONLY</TYPE>
      <DESCRIPTION>CRIM 0512 - EA</DESCRIPTION>
      <FILENAME>CustomFieldReadOnly-RevenueRecognitionProj-CUSTOMER_ID.xml</FILENAME>
    </ITEMS_ROW>
    <ITEMS_ROW>
      <NAME>Partial Statement of Account QR...</NAME>
      <TYPE>CUSTOM_MENU</TYPE>
      <DESCRIPTION/>
      <FILENAME>CustomMenu-frmCustomerAnalysis.tblCustomerDetails-886903.xml</FILENAME>
    </ITEMS_ROW>
    <ITEMS_ROW>
      <NAME>0^C_C0689_CHECK_PREPOST_PR^PurchaseRequisition</NAME>
      <TYPE>CUSTOM_EVENT_ACTION</TYPE>
      <DESCRIPTION>EA  - C0689 - Check PR lines for preposting</DESCRIPTION>
      <FILENAME>CustomEventAction-PurchaseRequisition-C_C0689_CHECK_PREPOST_PR-0-EXECUTEONLINESQL.xml</FILENAME>
    </ITEMS_ROW>
    <ITEMS_ROW>
      <NAME>Order Quantity</NAME>
      <TYPE>CF_READ_ONLY</TYPE>
      <DESCRIPTION>EA - C0437</DESCRIPTION>
      <FILENAME>CustomFieldReadOnly-ReceiptInfo-ORDER_QUANTITY.xml</FILENAME>
    </ITEMS_ROW>
    <ITEMS_ROW>
      <NAME>0^CUST_ORD_MANDATORY_PO_NO^CustomerOrder</NAME>
      <TYPE>CUSTOM_EVENT_ACTION</TYPE>
      <DESCRIPTION>Event Action warns the user when Customer Orders created from a Sales Quotation or a Business Opportunity being released without the Customer Po. No.

C0413</DESCRIPTION>
      <FILENAME>CustomEventAction-CustomerOrder-CUST_ORD_MANDATORY_PO_NO-0-EXECUTEONLINESQL.xml</FILENAME>
    </ITEMS_ROW>
    <ITEMS_ROW>
      <NAME>EAYorN</NAME>
      <TYPE>CUSTOM_ENUMERATION</TYPE>
      <DESCRIPTION>EA</DESCRIPTION>
      <FILENAME>CustomEnumeration-EAYorN.xml</FILENAME>
    </ITEMS_ROW>
    <ITEMS_ROW>
      <NAME>Hold For Credit Note</NAME>
      <TYPE>CF_PERSISTENT</TYPE>
      <DESCRIPTION>EA - C0692</DESCRIPTION>
      <FILENAME>CustomFieldPersistent-ManSuppInvoice-HOLD_FOR_CREDT_NOTE.xml</FILENAME>
    </ITEMS_ROW>
    <ITEMS_ROW>
      <NAME>0^CHECK_PREPOSTING_CO^CustomerOrder</NAME>
      <TYPE>CUSTOM_EVENT_ACTION</TYPE>
      <DESCRIPTION>EA - C0397. To check for pre-posting information in Customer Order Header and Lines</DESCRIPTION>
      <FILENAME>CustomEventAction-CustomerOrder-CHECK_PREPOSTING_CO-0-EXECUTEONLINESQL.xml</FILENAME>
    </ITEMS_ROW>
    <ITEMS_ROW>
      <NAME>Code G</NAME>
      <TYPE>CF_PERSISTENT</TYPE>
      <DESCRIPTION>C0397 - Finance. Field for CO Pre-posting.</DESCRIPTION>
      <FILENAME>CustomFieldPersistent-CustOrderType-CODE_G.xml</FILENAME>
    </ITEMS_ROW>
    <ITEMS_ROW>
      <NAME>Ledger Item Quick Report</NAME>
      <TYPE>CUSTOM_LU</TYPE>
      <DESCRIPTION>C0333 - Isuru Gunatileka</DESCRIPTION>
      <FILENAME>CustomLogicalUnit-LedgerItemQr.xml</FILENAME>
    </ITEMS_ROW>
    <ITEMS_ROW>
      <NAME>0^CUSTOMER_IDENTITY^IdentityPayInfo</NAME>
      <TYPE>CUSTOM_EVENT_ACTION</TYPE>
      <DESCRIPTION>EA CRIM 562</DESCRIPTION>
      <FILENAME>CustomEventAction-IdentityPayInfo-CUSTOMER_IDENTITY-0-EXECUTEONLINESQL.xml</FILENAME>
    </ITEMS_ROW>
    <ITEMS_ROW>
      <NAME>Actual Start Date</NAME>
      <TYPE>CF_READ_ONLY</TYPE>
      <DESCRIPTION>CRIM 0512 - EA</DESCRIPTION>
      <FILENAME>CustomFieldReadOnly-RevenueRecognitionProj-ACTUAL_START_DATE.xml</FILENAME>
    </ITEMS_ROW>
    <ITEMS_ROW>
      <NAME>Project</NAME>
      <TYPE>CUSTOM_MENU</TYPE>
      <DESCRIPTION>Project RMB Option</DESCRIPTION>
      <FILENAME>CustomMenu-frmRevenueRecognitionProject.tblRevRecogProject-971973.xml</FILENAME>
    </ITEMS_ROW>
    <ITEMS_ROW>
      <NAME>H - Inter Co</NAME>
      <TYPE>CF_PERSISTENT</TYPE>
      <DESCRIPTION>EA  - C0689</DESCRIPTION>
      <FILENAME>CustomFieldPersistent-PurchasePartGroup-HINTERCO.xml</FILENAME>
    </ITEMS_ROW>
    <ITEMS_ROW>
      <NAME>Part Number</NAME>
      <TYPE>CF_READ_ONLY</TYPE>
      <DESCRIPTION>EA - C0437</DESCRIPTION>
      <FILENAME>CustomFieldReadOnly-ReceiptInfo-PART_NO.xml</FILENAME>
    </ITEMS_ROW>
    <ITEMS_ROW>
      <NAME>Inter-Co</NAME>
      <TYPE>CF_PERSISTENT</TYPE>
      <DESCRIPTION>Finance - CRIM 0397 - Intercompany Pre-posting checkbox</DESCRIPTION>
      <FILENAME>CustomFieldPersistent-CustOrderType-INTER_CO.xml</FILENAME>
    </ITEMS_ROW>
    <ITEMS_ROW>
      <NAME>ClientMetadata.client:ManualSupplierInvoiceAssistant</NAME>
      <TYPE>AURENA_PAGE_GROUP</TYPE>
      <DESCRIPTION>List of values fragment defining view subval_invoice_lov</DESCRIPTION>
      <FILENAME>AurenaPageGroup-ClientMetadata.client.ManualSupplierInvoiceAssistant.xml</FILENAME>
    </ITEMS_ROW>
    <ITEMS_ROW>
      <NAME>ClientMetadata.client:Supplier</NAME>
      <TYPE>AURENA_PAGE_GROUP</TYPE>
      <DESCRIPTION>SRM Info tab</DESCRIPTION>
      <FILENAME>AurenaPageGroup-ClientMetadata.client.Supplier.xml</FILENAME>
    </ITEMS_ROW>
    <ITEMS_ROW>
      <NAME>ClientMetadata.client:Suppliers</NAME>
      <TYPE>AURENA_PAGE_GROUP</TYPE>
      <DESCRIPTION>Change Supplier Category Dialog</DESCRIPTION>
      <FILENAME>AurenaPageGroup-ClientMetadata.client.Suppliers.xml</FILENAME>
    </ITEMS_ROW>
    <ITEMS_ROW>
      <NAME>CUSTOMER_IDENTITY</NAME>
      <TYPE>CUSTOM_EVENT</TYPE>
      <DESCRIPTION>EA CRIM 562</DESCRIPTION>
      <FILENAME>CustomEvent-IdentityPayInfo-CUSTOMER_IDENTITY.xml</FILENAME>
    </ITEMS_ROW>
    <ITEMS_ROW>
      <NAME>Finance Project </NAME>
      <TYPE>CUSTOM_MENU</TYPE>
      <DESCRIPTION>Finance Project RMB</DESCRIPTION>
      <FILENAME>CustomMenu-frmRevenueRecognitionProject.tblRevRecogProject-498483.xml</FILENAME>
    </ITEMS_ROW>
    <ITEMS_ROW>
      <NAME>Planned Start Date</NAME>
      <TYPE>CF_READ_ONLY</TYPE>
      <DESCRIPTION>CRIM 0512 - EA</DESCRIPTION>
      <FILENAME>CustomFieldReadOnly-RevenueRecognitionProj-PLAN_START.xml</FILENAME>
    </ITEMS_ROW>
    <ITEMS_ROW>
      <NAME>Financial Project</NAME>
      <TYPE>CUSTOM_MENU</TYPE>
      <DESCRIPTION>EA - C0527</DESCRIPTION>
      <FILENAME>CustomMenu-frmProjectDetailInfo-34940.xml</FILENAME>
    </ITEMS_ROW>
    <ITEMS_ROW>
      <NAME>Invoiced Quantity</NAME>
      <TYPE>CF_READ_ONLY</TYPE>
      <DESCRIPTION>EA - C0437</DESCRIPTION>
      <FILENAME>CustomFieldReadOnly-ReceiptInfo-INVOICED_QTY.xml</FILENAME>
    </ITEMS_ROW>
    <ITEMS_ROW>
      <NAME>Manager</NAME>
      <TYPE>CF_READ_ONLY</TYPE>
      <DESCRIPTION>CRIM 0512 - EA</DESCRIPTION>
      <FILENAME>CustomFieldReadOnly-RevenueRecognitionProj-MANAGER.xml</FILENAME>
    </ITEMS_ROW>
    <ITEMS_ROW>
      <NAME>Project Status</NAME>
      <TYPE>CF_READ_ONLY</TYPE>
      <DESCRIPTION>CRIM 0512 - EA</DESCRIPTION>
      <FILENAME>CustomFieldReadOnly-RevenueRecognitionProj-PROJECT_STATUS.xml</FILENAME>
    </ITEMS_ROW>
    <ITEMS_ROW>
      <NAME>I - Asset</NAME>
      <TYPE>CF_PERSISTENT</TYPE>
      <DESCRIPTION>EA  - C0689</DESCRIPTION>
      <FILENAME>CustomFieldPersistent-PurchasePartGroup-IASSET.xml</FILENAME>
    </ITEMS_ROW>
    <ITEMS_ROW>
      <NAME>Planned Finish Date</NAME>
      <TYPE>CF_READ_ONLY</TYPE>
      <DESCRIPTION>CRIM 0512 - EA </DESCRIPTION>
      <FILENAME>CustomFieldReadOnly-RevenueRecognitionProj-PLAN_FINISH.xml</FILENAME>
    </ITEMS_ROW>
    <ITEMS_ROW>
      <NAME/>
      <TYPE>CUSTOM_MENU</TYPE>
      <DESCRIPTION/>
      <FILENAME>CustomMenu-frmCustomerAnalysis.tblCustomerDetails-867389.xml</FILENAME>
    </ITEMS_ROW>
    <ITEMS_ROW>
      <NAME>0^CHECK_CREDIT_NOTE^PostingProposalAuth</NAME>
      <TYPE>CUSTOM_EVENT_ACTION</TYPE>
      <DESCRIPTION>This event is to check whether the &quot; Hold for credit&quot; checkbox is marked TRUE and the Instant Authorisation is set to “Authorised” </DESCRIPTION>
      <FILENAME>CustomEventAction-PostingProposalAuth-CHECK_CREDIT_NOTE-0-EXECUTEONLINESQL.xml</FILENAME>
    </ITEMS_ROW>
    <ITEMS_ROW>
      <NAME>Program ID</NAME>
      <TYPE>CF_READ_ONLY</TYPE>
      <DESCRIPTION>CRIM 0512 - EA</DESCRIPTION>
      <FILENAME>CustomFieldReadOnly-RevenueRecognitionProj-PROGRAM_ID.xml</FILENAME>
    </ITEMS_ROW>
    <ITEMS_ROW>
      <NAME>Sales Contract</NAME>
      <TYPE>CF_READ_ONLY</TYPE>
      <DESCRIPTION>CRIM 0512 - EA</DESCRIPTION>
      <FILENAME>CustomFieldReadOnly-RevenueRecognitionProj-SALES_CONTRACT.xml</FILENAME>
    </ITEMS_ROW>
    <ITEMS_ROW>
      <NAME>D - Site</NAME>
      <TYPE>CF_PERSISTENT</TYPE>
      <DESCRIPTION>EA  - C0689</DESCRIPTION>
      <FILENAME>CustomFieldPersistent-PurchasePartGroup-DSITE.xml</FILENAME>
    </ITEMS_ROW>
    <ITEMS_ROW>
      <NAME>Contract</NAME>
      <TYPE>CF_PERSISTENT</TYPE>
      <DESCRIPTION>C0397 - Finance. Field for CO Pre-posting.</DESCRIPTION>
      <FILENAME>CustomFieldPersistent-CustOrderType-CONTRACT.xml</FILENAME>
    </ITEMS_ROW>
    <ITEMS_ROW>
      <NAME>Period Allocation</NAME>
      <TYPE>CF_READ_ONLY</TYPE>
      <DESCRIPTION>EA - CRIM 580</DESCRIPTION>
      <FILENAME>CustomFieldReadOnly-GenLedVoucherRow-PERIOD_ALLOCATION.xml</FILENAME>
    </ITEMS_ROW>
    <ITEMS_ROW>
      <NAME>Cis Supplier</NAME>
      <TYPE>CF_READ_ONLY</TYPE>
      <DESCRIPTION>EA - C0606</DESCRIPTION>
      <FILENAME>CustomFieldReadOnly-SupplierInfoGeneral-CIS_SUPPLIER.xml</FILENAME>
    </ITEMS_ROW>
    <ITEMS_ROW>
      <NAME>Cost Cent</NAME>
      <TYPE>CF_PERSISTENT</TYPE>
      <DESCRIPTION>C0397 - Finance. Field for CO Pre-posting.</DESCRIPTION>
      <FILENAME>CustomFieldPersistent-CustOrderType-COST_CENT.xml</FILENAME>
    </ITEMS_ROW>
    <ITEMS_ROW>
      <NAME>Part Description</NAME>
      <TYPE>CF_READ_ONLY</TYPE>
      <DESCRIPTION>EA - C0437</DESCRIPTION>
      <FILENAME>CustomFieldReadOnly-ReceiptInfo-PART_DESCRIPTION.xml</FILENAME>
    </ITEMS_ROW>
    <ITEMS_ROW>
      <NAME>G - Code G</NAME>
      <TYPE>CF_PERSISTENT</TYPE>
      <DESCRIPTION>EA  - C0689</DESCRIPTION>
      <FILENAME>CustomFieldPersistent-PurchasePartGroup-GCODEG.xml</FILENAME>
    </ITEMS_ROW>
    <ITEMS_ROW>
      <NAME>Main Representative</NAME>
      <TYPE>CF_READ_ONLY</TYPE>
      <DESCRIPTION>CRIM 0512 - EA</DESCRIPTION>
      <FILENAME>CustomFieldReadOnly-RevenueRecognitionProj-MAIN_REPRESENTATIVE.xml</FILENAME>
    </ITEMS_ROW>
    <ITEMS_ROW>
      <NAME>C_C0689_CHECK_PREPOST_PR</NAME>
      <TYPE>CUSTOM_EVENT</TYPE>
      <DESCRIPTION>EA  - C0689 - Check Preposting on Purchase Requisition Lines when release.</DESCRIPTION>
      <FILENAME>CustomEvent-PurchaseRequisition-C_C0689_CHECK_PREPOST_PR.xml</FILENAME>
    </ITEMS_ROW>
    <ITEMS_ROW>
      <NAME>Default Invoice/Statement Bank</NAME>
      <TYPE>CF_PERSISTENT</TYPE>
      <DESCRIPTION>EA -  CRIM 0562</DESCRIPTION>
      <FILENAME>CustomFieldPersistent-CompanyDefInvoiceType-DEFAULT_INVOICE.xml</FILENAME>
    </ITEMS_ROW>
  </ITEMS>
  <ADDITIONAL_ITEMS>
    <ADDITIONAL_ITEM>
      <NAME>Views-CompanyDefInvoiceType</NAME>
      <TYPE>CF_VIEWS</TYPE>
      <DESCRIPTION>Views Files for CompanyDefInvoiceType</DESCRIPTION>
      <FILENAME>CustomFieldViews-CompanyDefInvoiceType.xml</FILENAME>
    </ADDITIONAL_ITEM>
    <ADDITIONAL_ITEM>
      <NAME>Views-CustOrderType</NAME>
      <TYPE>CF_VIEWS</TYPE>
      <DESCRIPTION>Views Files for CustOrderType</DESCRIPTION>
      <FILENAME>CustomFieldViews-CustOrderType.xml</FILENAME>
    </ADDITIONAL_ITEM>
    <ADDITIONAL_ITEM>
      <NAME>Views-GenLedVoucherRow</NAME>
      <TYPE>CF_VIEWS</TYPE>
      <DESCRIPTION>Views Files for GenLedVoucherRow</DESCRIPTION>
      <FILENAME>CustomFieldViews-GenLedVoucherRow.xml</FILENAME>
    </ADDITIONAL_ITEM>
    <ADDITIONAL_ITEM>
      <NAME>Views-IdentityInvoiceInfo</NAME>
      <TYPE>CF_VIEWS</TYPE>
      <DESCRIPTION>Views Files for IdentityInvoiceInfo</DESCRIPTION>
      <FILENAME>CustomFieldViews-IdentityInvoiceInfo.xml</FILENAME>
    </ADDITIONAL_ITEM>
    <ADDITIONAL_ITEM>
      <NAME>Views-IdentityPayInfo</NAME>
      <TYPE>CF_VIEWS</TYPE>
      <DESCRIPTION>Views Files for IdentityPayInfo</DESCRIPTION>
      <FILENAME>CustomFieldViews-IdentityPayInfo.xml</FILENAME>
    </ADDITIONAL_ITEM>
    <ADDITIONAL_ITEM>
      <NAME>Views-LedgerItem</NAME>
      <TYPE>CF_VIEWS</TYPE>
      <DESCRIPTION>Views Files for LedgerItem</DESCRIPTION>
      <FILENAME>CustomFieldViews-LedgerItem.xml</FILENAME>
    </ADDITIONAL_ITEM>
    <ADDITIONAL_ITEM>
      <NAME>Views-ManSuppInvoice</NAME>
      <TYPE>CF_VIEWS</TYPE>
      <DESCRIPTION>Views Files for ManSuppInvoice</DESCRIPTION>
      <FILENAME>CustomFieldViews-ManSuppInvoice.xml</FILENAME>
    </ADDITIONAL_ITEM>
    <ADDITIONAL_ITEM>
      <NAME>Views-PostingProposalHead</NAME>
      <TYPE>CF_VIEWS</TYPE>
      <DESCRIPTION>Views Files for PostingProposalHead</DESCRIPTION>
      <FILENAME>CustomFieldViews-PostingProposalHead.xml</FILENAME>
    </ADDITIONAL_ITEM>
    <ADDITIONAL_ITEM>
      <NAME>Views-PurchasePartGroup</NAME>
      <TYPE>CF_VIEWS</TYPE>
      <DESCRIPTION>Views Files for PurchasePartGroup</DESCRIPTION>
      <FILENAME>CustomFieldViews-PurchasePartGroup.xml</FILENAME>
    </ADDITIONAL_ITEM>
    <ADDITIONAL_ITEM>
      <NAME>Views-ReceiptInfo</NAME>
      <TYPE>CF_VIEWS</TYPE>
      <DESCRIPTION>Views Files for ReceiptInfo</DESCRIPTION>
      <FILENAME>CustomFieldViews-ReceiptInfo.xml</FILENAME>
    </ADDITIONAL_ITEM>
    <ADDITIONAL_ITEM>
      <NAME>Views-RevenueRecognitionProj</NAME>
      <TYPE>CF_VIEWS</TYPE>
      <DESCRIPTION>Views Files for RevenueRecognitionProj</DESCRIPTION>
      <FILENAME>CustomFieldViews-RevenueRecognitionProj.xml</FILENAME>
    </ADDITIONAL_ITEM>
    <ADDITIONAL_ITEM>
      <NAME>Views-ScSrvContractInvpln</NAME>
      <TYPE>CF_VIEWS</TYPE>
      <DESCRIPTION>Views Files for ScSrvContractInvpln</DESCRIPTION>
      <FILENAME>CustomFieldViews-ScSrvContractInvpln.xml</FILENAME>
    </ADDITIONAL_ITEM>
    <ADDITIONAL_ITEM>
      <NAME>Views-SupplierInfoGeneral</NAME>
      <TYPE>CF_VIEWS</TYPE>
      <DESCRIPTION>Views Files for SupplierInfoGeneral</DESCRIPTION>
      <FILENAME>CustomFieldViews-SupplierInfoGeneral.xml</FILENAME>
    </ADDITIONAL_ITEM>
    <ADDITIONAL_ITEM>
      <NAME>Views-VoucherRow</NAME>
      <TYPE>CF_VIEWS</TYPE>
      <DESCRIPTION>Views Files for VoucherRow</DESCRIPTION>
      <FILENAME>CustomFieldViews-VoucherRow.xml</FILENAME>
    </ADDITIONAL_ITEM>
  </ADDITIONAL_ITEMS>
</APPLICATION_CONFIGURATION>
