<?xml version="1.0"?>
<CUSTOM_OBJECT>
  <NAME>Views -Gen Led Voucher Row</NAME>
  <TYPE>CF_VIEWS</TYPE>
  <DESCRIPTION>Custom Field Views of Logical Unit Gen Led Voucher Row</DESCRIPTION>
  <CUSTOM_FIELD_VIEWS EXPORT_DEF_VERSION="1">
    <LU>GenLedVoucherRow</LU>
    <TABLE_NAME>GEN_LED_VOUCHER_ROW_CFT</TABLE_NAME>
    <VIEW_NAME>GEN_LED_VOUCHER_ROW_CFV</VIEW_NAME>
    <PACKAGE_NAME>GEN_LED_VOUCHER_ROW_CFP</PACKAGE_NAME>
    <DEFINITION_MODIFIED_DATE>2021-04-19-13.14.10</DEFINITION_MODIFIED_DATE>
    <EXPORT_DATE>2021-05-27-05.27.51</EXPORT_DATE>
    <USED_DB>TRUE</USED_DB>
    <ROWKEY>298F3BB57FC04E5F9DAF27EC412D9532</ROWKEY>
    <CUSTOM_FIELD_VIEW>
      <CUSTOM_FIELD_VIEW_ROW>
        <VIEW_NAME>ACCOUNT_MATCHING_QUERY</VIEW_NAME>
        <CF_VIEW_NAME>ACCOUNT_MATCHING_QUERY_CFV</CF_VIEW_NAME>
        <USED_DB>FALSE</USED_DB>
        <ROWKEY>1B3CB7E5DFD149328C2D8EE480E14EA8</ROWKEY>
      </CUSTOM_FIELD_VIEW_ROW>
      <CUSTOM_FIELD_VIEW_ROW>
        <VIEW_NAME>GEN_LED_AVGTRANS_NAVG_REP</VIEW_NAME>
        <CF_VIEW_NAME>GEN_LED_AVGTRANS_NAVG_REP_CFV</CF_VIEW_NAME>
        <USED_DB>FALSE</USED_DB>
        <ROWKEY>AC646B70F1AE4F91B79BBD0AC90C3C78</ROWKEY>
      </CUSTOM_FIELD_VIEW_ROW>
      <CUSTOM_FIELD_VIEW_ROW>
        <VIEW_NAME>GEN_LED_VOUCHER_ROW2</VIEW_NAME>
        <CF_VIEW_NAME>GEN_LED_VOUCHER_ROW2_CFV</CF_VIEW_NAME>
        <USED_DB>FALSE</USED_DB>
        <ROWKEY>9A3D63E6A1BC431885915BEA3F1DE1C6</ROWKEY>
      </CUSTOM_FIELD_VIEW_ROW>
      <CUSTOM_FIELD_VIEW_ROW>
        <VIEW_NAME>GEN_LED_VOUCHER_ROW_ACC_MATCH</VIEW_NAME>
        <CF_VIEW_NAME>GEN_LED_VOUCHER_2499394839_CFV</CF_VIEW_NAME>
        <USED_DB>FALSE</USED_DB>
        <ROWKEY>A947DB50168243B1A11E48861F94CAB1</ROWKEY>
      </CUSTOM_FIELD_VIEW_ROW>
      <CUSTOM_FIELD_VIEW_ROW>
        <VIEW_NAME>GEN_LED_VOUCHER_ROW_AV</VIEW_NAME>
        <CF_VIEW_NAME>GEN_LED_VOUCHER_ROW_AV_CFV</CF_VIEW_NAME>
        <USED_DB>FALSE</USED_DB>
        <ROWKEY>D74D7CF5AB934A14AE196BFAB4B17639</ROWKEY>
      </CUSTOM_FIELD_VIEW_ROW>
      <CUSTOM_FIELD_VIEW_ROW>
        <VIEW_NAME>GEN_LED_VOUCHER_ROW_FINREP</VIEW_NAME>
        <CF_VIEW_NAME>GEN_LED_VOUCHER_ROW_FINREP_CFV</CF_VIEW_NAME>
        <USED_DB>FALSE</USED_DB>
        <ROWKEY>131359DDF91B4031936B00A1466C12C2</ROWKEY>
      </CUSTOM_FIELD_VIEW_ROW>
      <CUSTOM_FIELD_VIEW_ROW>
        <VIEW_NAME>GEN_LED_VOUCHER_ROW_MC_QRY</VIEW_NAME>
        <CF_VIEW_NAME>GEN_LED_VOUCHER_ROW_MC_QRY_CFV</CF_VIEW_NAME>
        <USED_DB>FALSE</USED_DB>
        <ROWKEY>2A5BDC4A901C42E5893A08931B90834B</ROWKEY>
      </CUSTOM_FIELD_VIEW_ROW>
      <CUSTOM_FIELD_VIEW_ROW>
        <VIEW_NAME>GEN_LED_VOUCHER_ROW_MC_QUERY</VIEW_NAME>
        <CF_VIEW_NAME>GEN_LED_VOUCHER_4196946375_CFV</CF_VIEW_NAME>
        <USED_DB>FALSE</USED_DB>
        <ROWKEY>B9A586EDD3EE4381A1B026FD38780BB9</ROWKEY>
      </CUSTOM_FIELD_VIEW_ROW>
      <CUSTOM_FIELD_VIEW_ROW>
        <VIEW_NAME>GEN_LED_VOUCHER_ROW_PID_FINREP</VIEW_NAME>
        <CF_VIEW_NAME>GEN_LED_VOUCHER_1036235679_CFV</CF_VIEW_NAME>
        <USED_DB>FALSE</USED_DB>
        <ROWKEY>B7D8A053BEED4218BBAFEA7A1AA75CC7</ROWKEY>
      </CUSTOM_FIELD_VIEW_ROW>
      <CUSTOM_FIELD_VIEW_ROW>
        <VIEW_NAME>GEN_LED_VOUCHER_ROW_UNION_QRY</VIEW_NAME>
        <CF_VIEW_NAME>GEN_LED_VOUCHER_4204506834_CFV</CF_VIEW_NAME>
        <USED_DB>TRUE</USED_DB>
        <ROWKEY>A45D0DAA2CDE4C3E9E9430C181D05257</ROWKEY>
      </CUSTOM_FIELD_VIEW_ROW>
      <CUSTOM_FIELD_VIEW_ROW>
        <VIEW_NAME>GL_AND_HOLD_VOU_ROW</VIEW_NAME>
        <CF_VIEW_NAME>GL_AND_HOLD_VOU_ROW_CFV</CF_VIEW_NAME>
        <USED_DB>FALSE</USED_DB>
        <ROWKEY>621754597F59453A8C97C8C87D2F413E</ROWKEY>
      </CUSTOM_FIELD_VIEW_ROW>
      <CUSTOM_FIELD_VIEW_ROW>
        <VIEW_NAME>GL_AND_HOLD_VOU_ROW_FINREP</VIEW_NAME>
        <CF_VIEW_NAME>GL_AND_HOLD_VOU_ROW_FINREP_CFV</CF_VIEW_NAME>
        <USED_DB>FALSE</USED_DB>
        <ROWKEY>5CC9560C1F744DC88E91F6A78180280F</ROWKEY>
      </CUSTOM_FIELD_VIEW_ROW>
      <CUSTOM_FIELD_VIEW_ROW>
        <VIEW_NAME>GL_AND_HOLD_VOU_ROW_PID_FINREP</VIEW_NAME>
        <CF_VIEW_NAME>GL_AND_HOLD_VOU_1982017521_CFV</CF_VIEW_NAME>
        <USED_DB>FALSE</USED_DB>
        <ROWKEY>6728BAABF9874E658BCAF5641CA1464D</ROWKEY>
      </CUSTOM_FIELD_VIEW_ROW>
      <CUSTOM_FIELD_VIEW_ROW>
        <VIEW_NAME>GL_AND_HOLD_VOU_ROW_QRY</VIEW_NAME>
        <CF_VIEW_NAME>GL_AND_HOLD_VOU_ROW_QRY_CFV</CF_VIEW_NAME>
        <USED_DB>FALSE</USED_DB>
        <ROWKEY>97F53A6671D842418D4C29FA8A9EFD2A</ROWKEY>
      </CUSTOM_FIELD_VIEW_ROW>
      <CUSTOM_FIELD_VIEW_ROW>
        <VIEW_NAME>GL_TAX_RECON_ACC_REP</VIEW_NAME>
        <CF_VIEW_NAME>GL_TAX_RECON_ACC_REP_CFV</CF_VIEW_NAME>
        <USED_DB>FALSE</USED_DB>
        <ROWKEY>AFF0F9C348B942D9AAC6B82F2FD1AA31</ROWKEY>
      </CUSTOM_FIELD_VIEW_ROW>
      <CUSTOM_FIELD_VIEW_ROW>
        <VIEW_NAME>UNMATCHED_TRANS_REP</VIEW_NAME>
        <CF_VIEW_NAME>UNMATCHED_TRANS_REP_CFV</CF_VIEW_NAME>
        <USED_DB>FALSE</USED_DB>
        <ROWKEY>E9B220E2A0B14781B14DB8C0EA9D90F2</ROWKEY>
      </CUSTOM_FIELD_VIEW_ROW>
    </CUSTOM_FIELD_VIEW>
  </CUSTOM_FIELD_VIEWS>
</CUSTOM_OBJECT>
