<?xml version="1.0"?>
<CUSTOM_OBJECT>
  <NAME>Clear Bulk Update</NAME>
  <TYPE>CUSTOM_MENU</TYPE>
  <DESCRIPTION>C0343 - Prageeth Gangabada</DESCRIPTION>
  <CUSTOM_MENU EXPORT_DEF_VERSION="1">
    <MENU_ID>543951</MENU_ID>
    <DESCRIPTION>C0343 - Prageeth Gangabada</DESCRIPTION>
    <WINDOW>frmInvHeaderNotes</WINDOW>
    <PROCESS>NONE</PROCESS>
    <ORDERING>2</ORDERING>
    <PARAMETER>DECLARE
   info_ VARCHAR2(2000);
   user_ VARCHAR2(100) := Fnd_Session_API.Get_Fnd_User;
BEGIN
   FOR rec_ IN ( SELECT objkey, objversion FROM invoice_header_notes_ext_clv WHERE cf$_bulk_update_user = user_) LOOP
      Invoice_Header_Notes_Ext_CLP.Remove__(info_,rec_.objkey,rec_.objversion,&apos;DO&apos;); 
   END LOOP;
END;</PARAMETER>
    <CUSTOM_MENU_TYPE_DB>12</CUSTOM_MENU_TYPE_DB>
    <BUNDLE_EXECUTION_DB>FALSE</BUNDLE_EXECUTION_DB>
    <PO_ID>frmInvHeaderNotes</PO_ID>
    <ENABLED_WHEN/>
    <REFRESH_UI>TRUE</REFRESH_UI>
    <EXPORT_DATE>2021-07-12-06.53.51</EXPORT_DATE>
    <DEFINITION_MODIFIED_DATE>2021-02-17-12.08.35</DEFINITION_MODIFIED_DATE>
    <OBJVERSION>20210331125603</OBJVERSION>
    <OBJKEY>31AD9F26CEFC470E89BCEF7E153FD7EE</OBJKEY>
    <TEXTS>
      <TEXTS_ROW>
        <LANGUAGE_CODE>en</LANGUAGE_CODE>
        <TITLE>Clear Bulk Update</TITLE>
        <OBJKEY>2FB9388DA98342AFACAFAFC3A7C6CE9F</OBJKEY>
      </TEXTS_ROW>
    </TEXTS>
    <KEY_TRANSLATIONS>
  </KEY_TRANSLATIONS>
    <EXPANDABLE_PARAMETERS>
  </EXPANDABLE_PARAMETERS>
  </CUSTOM_MENU>
</CUSTOM_OBJECT>
