<?xml version="1.0"?>
<CUSTOM_OBJECT>
  <NAME>Views -Sc Srv Contract Invpln</NAME>
  <TYPE>CF_VIEWS</TYPE>
  <DESCRIPTION>Custom Field Views of Logical Unit Sc Srv Contract Invpln</DESCRIPTION>
  <CUSTOM_FIELD_VIEWS EXPORT_DEF_VERSION="1">
    <LU>ScSrvContractInvpln</LU>
    <TABLE_NAME>SC_SRV_CONTRACT_INVPLN_CFT</TABLE_NAME>
    <VIEW_NAME>SC_SRV_CONTRACT_INVPLN_CFV</VIEW_NAME>
    <PACKAGE_NAME>SC_SRV_CONTRACT_INVPLN_CFP</PACKAGE_NAME>
    <DEFINITION_MODIFIED_DATE>2020-12-11-16.41.32</DEFINITION_MODIFIED_DATE>
    <EXPORT_DATE>2021-08-19-10.08.27</EXPORT_DATE>
    <USED_DB>TRUE</USED_DB>
    <ROWKEY>60A8F96EF3634CAD8ADB2AFFA0A7596A</ROWKEY>
    <CUSTOM_FIELD_VIEW>
  </CUSTOM_FIELD_VIEW>
  </CUSTOM_FIELD_VIEWS>
</CUSTOM_OBJECT>
