<?xml version="1.0"?>
<CUSTOM_OBJECT>
  <NAME>Project</NAME>
  <TYPE>CUSTOM_MENU</TYPE>
  <DESCRIPTION>Project RMB Option</DESCRIPTION>
  <CUSTOM_MENU EXPORT_DEF_VERSION="1">
    <MENU_ID>971973</MENU_ID>
    <DESCRIPTION>Project RMB Option</DESCRIPTION>
    <WINDOW>frmRevenueRecognitionProject.tblRevRecogProject</WINDOW>
    <PROCESS>NONE</PROCESS>
    <ORDERING>2</ORDERING>
    <PARAMETER>frmProjectDetailInfo</PARAMETER>
    <CUSTOM_MENU_TYPE_DB>2</CUSTOM_MENU_TYPE_DB>
    <BUNDLE_EXECUTION_DB>FALSE</BUNDLE_EXECUTION_DB>
    <PO_ID>frmProjectDetailInfo</PO_ID>
    <ENABLED_WHEN/>
    <REFRESH_UI>FALSE</REFRESH_UI>
    <EXPORT_DATE>2021-05-24-09.41.07</EXPORT_DATE>
    <DEFINITION_MODIFIED_DATE>2021-03-09-06.12.01</DEFINITION_MODIFIED_DATE>
    <OBJVERSION>20210510091032</OBJVERSION>
    <OBJKEY>BED3B0056034472DA3170B448B64B59C</OBJKEY>
    <TEXTS>
      <TEXTS_ROW>
        <LANGUAGE_CODE>en</LANGUAGE_CODE>
        <TITLE>Project</TITLE>
        <OBJKEY>75D70C451FEB4C2EAF02571D2D00613F</OBJKEY>
      </TEXTS_ROW>
    </TEXTS>
    <KEY_TRANSLATIONS>
      <KEY_TRANSLATIONS_ROW>
        <ID>1</ID>
        <SOURCE_KEY_NAME>PROJECT_ID</SOURCE_KEY_NAME>
        <DEST_KEY_NAME>PROJECT_ID</DEST_KEY_NAME>
        <OBJKEY>AAACBE847CD5455EBDC08A503426E12C</OBJKEY>
      </KEY_TRANSLATIONS_ROW>
      <KEY_TRANSLATIONS_ROW>
        <ID>2</ID>
        <SOURCE_KEY_NAME>COMPANY</SOURCE_KEY_NAME>
        <DEST_KEY_NAME>COMPANY</DEST_KEY_NAME>
        <OBJKEY>17D6A2A9391947A4BE6938ABFD2ABFA2</OBJKEY>
      </KEY_TRANSLATIONS_ROW>
    </KEY_TRANSLATIONS>
    <EXPANDABLE_PARAMETERS>
  </EXPANDABLE_PARAMETERS>
  </CUSTOM_MENU>
</CUSTOM_OBJECT>
