<?xml version="1.0"?>
<CUSTOM_OBJECT>
  <NAME>Query Reason</NAME>
  <TYPE>CUSTOM_TAB</TYPE>
  <DESCRIPTION>Prageeth Gangabada - C0392</DESCRIPTION>
  <CUSTOM_TAB EXPORT_DEF_VERSION="1">
    <TYPE>CUSTOM_TAB</TYPE>
    <CONTAINER_NAME>frmGeneralCreditCollection.picTab</CONTAINER_NAME>
    <VERSION>*</VERSION>
    <ATTACHED_PAGE>cpgQueryReason</ATTACHED_PAGE>
    <TITLE>Query Reason</TITLE>
    <NOTE>Prageeth Gangabada - C0392</NOTE>
    <ORDINAL>0</ORDINAL>
    <DB_VIEW_PARENT/>
    <DB_VIEW_CHILD>QUERY_REASON_CLV</DB_VIEW_CHILD>
    <DEFINITION_MODIFIED_DATE>2021-02-09-02.29.08</DEFINITION_MODIFIED_DATE>
    <EXPORT_DATE>2021-07-30-05.20.25</EXPORT_DATE>
    <ROWKEY>26CEC20CAB8246239AA000864759A26C</ROWKEY>
    <PARENT_KEYS>
  </PARENT_KEYS>
    <TRANSLATIONS>
  </TRANSLATIONS>
  </CUSTOM_TAB>
</CUSTOM_OBJECT>
