<?xml version="1.0"?>
<CUSTOM_OBJECT>
  <NAME>C - Project</NAME>
  <TYPE>CF_PERSISTENT</TYPE>
  <DESCRIPTION>EA  - C0689</DESCRIPTION>
  <CUSTOM_FIELD EXPORT_DEF_VERSION="1">
    <LU>PurchasePartGroup</LU>
    <TABLE_NAME>PURCHASE_PART_GROUP_CFT</TABLE_NAME>
    <VIEW_NAME>PURCHASE_PART_GROUP_CFV</VIEW_NAME>
    <PACKAGE_NAME>PURCHASE_PART_GROUP_CFP</PACKAGE_NAME>
    <DEFINITION_MODIFIED_DATE>2021-07-05-05.08.06</DEFINITION_MODIFIED_DATE>
    <EXPORT_DATE>2021-08-13-12.55.01</EXPORT_DATE>
    <USED_DB>TRUE</USED_DB>
    <ROWKEY>99F0DFA10881428AA8AD9CACC2EE86FE</ROWKEY>
    <CUSTOM_FIELD_ATTRIBUTE>
      <CUSTOM_FIELD_ATTRIBUTE_ROW>
        <ATTRIBUTE_NAME>CPROJECT</ATTRIBUTE_NAME>
        <DATA_TYPE_DB>ENUMERATION</DATA_TYPE_DB>
        <FORMAT_DB>UNFORMATTED</FORMAT_DB>
        <DATA_LENGTH>50</DATA_LENGTH>
        <DEFAULT_VALUE_TYPE_DB>ENUMERATION_VALUE</DEFAULT_VALUE_TYPE_DB>
        <DEFAULT_VALUE>FALSE</DEFAULT_VALUE>
        <MANDATORY_DB>FALSE</MANDATORY_DB>
        <INSERTABLE_DB>TRUE</INSERTABLE_DB>
        <UPDATEABLE_DB>TRUE</UPDATEABLE_DB>
        <QUERYABLE_DB>TRUE</QUERYABLE_DB>
        <PRIVATE_DB>FALSE</PRIVATE_DB>
        <LOV_DB>FALSE</LOV_DB>
        <INDEXED_DB>FALSE</INDEXED_DB>
        <PROMPT>C - Project</PROMPT>
        <DEFINITION_MODIFIED_DATE>2021-07-29-13.21.15</DEFINITION_MODIFIED_DATE>
        <CUSTOM_FIELD_TYPE_DB>PERSISTENT_FIELD</CUSTOM_FIELD_TYPE_DB>
        <CUSTOM_FIELD_IMPL_TYPE_DB>NOT_APPLICABLE</CUSTOM_FIELD_IMPL_TYPE_DB>
        <EXPRESSION/>
        <METADATA/>
        <LU_REFERENCE>FndBoolean</LU_REFERENCE>
        <UI_OBJECT_DB>CHECKBOX_REVERSED</UI_OBJECT_DB>
        <USED_DB>TRUE</USED_DB>
        <READ_ONLY_EXPRESSION_DB>FALSE</READ_ONLY_EXPRESSION_DB>
        <NOTE>EA  - C0689</NOTE>
        <ENABLED_ON_REPORTS_DB>TRUE</ENABLED_ON_REPORTS_DB>
        <CONSTRAINT_TYPE_DB>RESTRICTED</CONSTRAINT_TYPE_DB>
        <LOV_VIEW/>
        <ALTERNATE_KEY_DB>FALSE</ALTERNATE_KEY_DB>
        <ROWKEY>46CB5B52AFD6469CB0D29D9BDE264E9B</ROWKEY>
      </CUSTOM_FIELD_ATTRIBUTE_ROW>
    </CUSTOM_FIELD_ATTRIBUTE>
    <TRANSLATIONS>
  </TRANSLATIONS>
    <CUSTOM_FIELD_VIEW>
  </CUSTOM_FIELD_VIEW>
  </CUSTOM_FIELD>
</CUSTOM_OBJECT>
