<?xml version="1.0"?>
<CUSTOM_OBJECT>
  <NAME>Views -Order Type</NAME>
  <TYPE>CF_VIEWS</TYPE>
  <DESCRIPTION>Custom Field Views of Logical Unit Order Type</DESCRIPTION>
  <CUSTOM_FIELD_VIEWS EXPORT_DEF_VERSION="1">
    <LU>CustOrderType</LU>
    <TABLE_NAME>CUST_ORDER_TYPE_CFT</TABLE_NAME>
    <VIEW_NAME>CUST_ORDER_TYPE_CFV</VIEW_NAME>
    <PACKAGE_NAME>CUST_ORDER_TYPE_CFP</PACKAGE_NAME>
    <DEFINITION_MODIFIED_DATE>2021-03-01-03.20.58</DEFINITION_MODIFIED_DATE>
    <EXPORT_DATE>2021-08-19-10.08.24</EXPORT_DATE>
    <USED_DB>TRUE</USED_DB>
    <ROWKEY>97F0397B360E43DCB10E045542488660</ROWKEY>
    <CUSTOM_FIELD_VIEW>
      <CUSTOM_FIELD_VIEW_ROW>
        <VIEW_NAME>CUST_ORDER_TYPE_LOV</VIEW_NAME>
        <CF_VIEW_NAME>CUST_ORDER_TYPE_LOV_CFV</CF_VIEW_NAME>
        <USED_DB>FALSE</USED_DB>
        <ROWKEY>25B90234140D435B8AF6AE9E8649BCB0</ROWKEY>
      </CUSTOM_FIELD_VIEW_ROW>
    </CUSTOM_FIELD_VIEW>
  </CUSTOM_FIELD_VIEWS>
</CUSTOM_OBJECT>
