<?xml version="1.0"?>
<CUSTOM_OBJECT>
  <NAME>0^CHECK_CREDIT_NOTE^PostingProposalAuth</NAME>
  <TYPE>CUSTOM_EVENT_ACTION</TYPE>
  <DESCRIPTION>This event is to check whether the &quot; Hold for credit&quot; checkbox is marked TRUE and the Instant Authorisation is set to “Authorised” </DESCRIPTION>
  <CUSTOM_EVENT_ACTION EXPORT_DEF_VERSION="2">
    <EVENT_LU_NAME>PostingProposalAuth</EVENT_LU_NAME>
    <EVENT_ID>CHECK_CREDIT_NOTE</EVENT_ID>
    <ACTION_NUMBER>0</ACTION_NUMBER>
    <ACTION_ENABLE>TRUE</ACTION_ENABLE>
    <ACTION_PARAMETERS>!FNDSER.EVENT_ACTION_PARAM
$SQL=DECLARE
-
-note_ VARCHAR2(50);
-
-CURSOR check_note_exist IS 
-   SELECT a.cf$_hold_for_credt_note 
-     FROM man_supp_invoice_cft a, man_supp_invoice b
-   WHERE b.invoice_id = &apos;&amp;NEW:INVOICE_ID&apos;
-        AND b.company = &apos;&amp;NEW:COMPANY&apos;
-        AND a.rowkey = b.OBJKEY;
-
-BEGIN
-
-OPEN check_note_exist;
-FETCH check_note_exist INTO note_;
-CLOSE check_note_exist;
-
-IF (note_ = &apos;TRUE&apos;) THEN
-       ERROR_SYS.RECORD_GENERAL(&apos;PostingProposalAuth&apos;, &apos;CHECKNOTE:  Hold for credit note box is checked so cannot proceed with authorisation&apos;) ;
-END IF;
-END; 
$ATTACH=!ATTACHMENTS
</ACTION_PARAMETERS>
    <FND_EVENT_ACTION_TYPE_DB>EXECUTEONLINESQL</FND_EVENT_ACTION_TYPE_DB>
    <CONDITION_TYPE>!EVENT_ACTION_COND_TYPE
$NEW:APPROVAL_RULE_SOURCE==
$NEW:COMPANY=
$NEW:INVOICE_ID=
$NEW:ROWKEY=
$NEW:ROWSTATE==
</CONDITION_TYPE>
    <CONDITION_VALUE>!EVENT_ACTION_COND_VALUE
$NEW:APPROVAL_RULE_SOURCE=FINANCIALS
$NEW:COMPANY=
$NEW:INVOICE_ID=
$NEW:ROWKEY=
$NEW:ROWSTATE=Authorized
</CONDITION_VALUE>
    <DESCRIPTION>This event is to check whether the &quot; Hold for credit&quot; checkbox is marked TRUE and the Instant Authorisation is set to “Authorised” </DESCRIPTION>
    <SUBSCRIBABLE>FALSE</SUBSCRIBABLE>
    <SYSTEM_DEFINED>FALSE</SYSTEM_DEFINED>
    <ROLE/>
    <DEFINITION_MODIFIED_DATE>2021-08-13-10.10.24</DEFINITION_MODIFIED_DATE>
    <OBJKEY>E4639D4E50DB43729610D36F7EF756C0</OBJKEY>
  </CUSTOM_EVENT_ACTION>
</CUSTOM_OBJECT>
