<?xml version="1.0"?>
<CUSTOM_OBJECT>
  <NAME>Query Reason</NAME>
  <TYPE>CUSTOM_LU</TYPE>
  <DESCRIPTION>C0392 - Prageeth Gangabada</DESCRIPTION>
  <CUSTOM_LU EXPORT_DEF_VERSION="1">
    <LU>QueryReason</LU>
    <TABLE_NAME>QUERY_REASON_CLT</TABLE_NAME>
    <VIEW_NAME>QUERY_REASON_CLV</VIEW_NAME>
    <PACKAGE_NAME>QUERY_REASON_CLP</PACKAGE_NAME>
    <MODULE>CONFIG</MODULE>
    <DEFINITION_MODIFIED_DATE>2021-02-09-02.49.31</DEFINITION_MODIFIED_DATE>
    <EXPORT_DATE>2021-07-30-05.20.26</EXPORT_DATE>
    <USED_DB>TRUE</USED_DB>
    <NOTE>C0392 - Prageeth Gangabada</NOTE>
    <PROMPT>Query Reason</PROMPT>
    <CREATE_PROJECTION_DB>FALSE</CREATE_PROJECTION_DB>
    <ROWKEY>E1837F22FE7D4A689A97D9EE9CD31ADC</ROWKEY>
    <CUSTOM_FIELD_ATTRIBUTE>
      <CUSTOM_FIELD_ATTRIBUTE_ROW>
        <ATTRIBUTE_NAME>FOLLOW_UP_DAYS</ATTRIBUTE_NAME>
        <DATA_TYPE_DB>STRING</DATA_TYPE_DB>
        <FORMAT_DB>UNFORMATTED</FORMAT_DB>
        <DATA_LENGTH>100</DATA_LENGTH>
        <DEFAULT_VALUE_TYPE_DB>NO_DEFAULT_VALUE</DEFAULT_VALUE_TYPE_DB>
        <DEFAULT_VALUE/>
        <MANDATORY_DB>FALSE</MANDATORY_DB>
        <INSERTABLE_DB>TRUE</INSERTABLE_DB>
        <UPDATEABLE_DB>TRUE</UPDATEABLE_DB>
        <QUERYABLE_DB>TRUE</QUERYABLE_DB>
        <PRIVATE_DB>TRUE</PRIVATE_DB>
        <LOV_DB>TRUE</LOV_DB>
        <INDEXED_DB>FALSE</INDEXED_DB>
        <PROMPT>Follow Up Days (Working Days)</PROMPT>
        <DEFINITION_MODIFIED_DATE>2021-02-09-02.38.44</DEFINITION_MODIFIED_DATE>
        <CUSTOM_FIELD_TYPE_DB>PERSISTENT_FIELD</CUSTOM_FIELD_TYPE_DB>
        <CUSTOM_FIELD_IMPL_TYPE_DB>NOT_APPLICABLE</CUSTOM_FIELD_IMPL_TYPE_DB>
        <EXPRESSION/>
        <METADATA/>
        <LU_REFERENCE/>
        <UI_OBJECT_DB>DEFAULT</UI_OBJECT_DB>
        <USED_DB>TRUE</USED_DB>
        <READ_ONLY_EXPRESSION_DB>FALSE</READ_ONLY_EXPRESSION_DB>
        <NOTE>C0392 - Prageeth Gangabada</NOTE>
        <ENABLED_ON_REPORTS_DB>TRUE</ENABLED_ON_REPORTS_DB>
        <CONSTRAINT_TYPE_DB>RESTRICTED</CONSTRAINT_TYPE_DB>
        <LOV_VIEW/>
        <ALTERNATE_KEY_DB>FALSE</ALTERNATE_KEY_DB>
        <ROWKEY>72DCD9D19F6249EEA146B662CB4E1BE1</ROWKEY>
      </CUSTOM_FIELD_ATTRIBUTE_ROW>
      <CUSTOM_FIELD_ATTRIBUTE_ROW>
        <ATTRIBUTE_NAME>QUERY_ID</ATTRIBUTE_NAME>
        <DATA_TYPE_DB>NUMBER</DATA_TYPE_DB>
        <FORMAT_DB>UNFORMATTED</FORMAT_DB>
        <DATA_LENGTH/>
        <DEFAULT_VALUE_TYPE_DB>NO_DEFAULT_VALUE</DEFAULT_VALUE_TYPE_DB>
        <DEFAULT_VALUE/>
        <MANDATORY_DB>FALSE</MANDATORY_DB>
        <INSERTABLE_DB>TRUE</INSERTABLE_DB>
        <UPDATEABLE_DB>TRUE</UPDATEABLE_DB>
        <QUERYABLE_DB>TRUE</QUERYABLE_DB>
        <PRIVATE_DB>TRUE</PRIVATE_DB>
        <LOV_DB>TRUE</LOV_DB>
        <INDEXED_DB>TRUE</INDEXED_DB>
        <PROMPT>Query ID</PROMPT>
        <DEFINITION_MODIFIED_DATE>2021-02-09-02.49.31</DEFINITION_MODIFIED_DATE>
        <CUSTOM_FIELD_TYPE_DB>PERSISTENT_FIELD</CUSTOM_FIELD_TYPE_DB>
        <CUSTOM_FIELD_IMPL_TYPE_DB>NOT_APPLICABLE</CUSTOM_FIELD_IMPL_TYPE_DB>
        <EXPRESSION/>
        <METADATA/>
        <LU_REFERENCE/>
        <UI_OBJECT_DB>DEFAULT</UI_OBJECT_DB>
        <USED_DB>TRUE</USED_DB>
        <READ_ONLY_EXPRESSION_DB>FALSE</READ_ONLY_EXPRESSION_DB>
        <NOTE>C0392 - Prageeth Gangabada</NOTE>
        <ENABLED_ON_REPORTS_DB>TRUE</ENABLED_ON_REPORTS_DB>
        <CONSTRAINT_TYPE_DB>RESTRICTED</CONSTRAINT_TYPE_DB>
        <LOV_VIEW/>
        <ALTERNATE_KEY_DB>FALSE</ALTERNATE_KEY_DB>
        <ROWKEY>E33CEC0FDB9A4243813FB6561690B139</ROWKEY>
      </CUSTOM_FIELD_ATTRIBUTE_ROW>
      <CUSTOM_FIELD_ATTRIBUTE_ROW>
        <ATTRIBUTE_NAME>QUERY_REASON</ATTRIBUTE_NAME>
        <DATA_TYPE_DB>STRING</DATA_TYPE_DB>
        <FORMAT_DB>UNFORMATTED</FORMAT_DB>
        <DATA_LENGTH>200</DATA_LENGTH>
        <DEFAULT_VALUE_TYPE_DB>NO_DEFAULT_VALUE</DEFAULT_VALUE_TYPE_DB>
        <DEFAULT_VALUE/>
        <MANDATORY_DB>FALSE</MANDATORY_DB>
        <INSERTABLE_DB>TRUE</INSERTABLE_DB>
        <UPDATEABLE_DB>TRUE</UPDATEABLE_DB>
        <QUERYABLE_DB>TRUE</QUERYABLE_DB>
        <PRIVATE_DB>TRUE</PRIVATE_DB>
        <LOV_DB>TRUE</LOV_DB>
        <INDEXED_DB>FALSE</INDEXED_DB>
        <PROMPT>Query Reason</PROMPT>
        <DEFINITION_MODIFIED_DATE>2021-02-09-02.38.45</DEFINITION_MODIFIED_DATE>
        <CUSTOM_FIELD_TYPE_DB>PERSISTENT_FIELD</CUSTOM_FIELD_TYPE_DB>
        <CUSTOM_FIELD_IMPL_TYPE_DB>NOT_APPLICABLE</CUSTOM_FIELD_IMPL_TYPE_DB>
        <EXPRESSION/>
        <METADATA/>
        <LU_REFERENCE/>
        <UI_OBJECT_DB>DEFAULT</UI_OBJECT_DB>
        <USED_DB>TRUE</USED_DB>
        <READ_ONLY_EXPRESSION_DB>FALSE</READ_ONLY_EXPRESSION_DB>
        <NOTE>C0392 - Prageeth Gangabada</NOTE>
        <ENABLED_ON_REPORTS_DB>TRUE</ENABLED_ON_REPORTS_DB>
        <CONSTRAINT_TYPE_DB>RESTRICTED</CONSTRAINT_TYPE_DB>
        <LOV_VIEW/>
        <ALTERNATE_KEY_DB>FALSE</ALTERNATE_KEY_DB>
        <ROWKEY>17BB0BA37CAE4CD48940FA64A03B3B6B</ROWKEY>
      </CUSTOM_FIELD_ATTRIBUTE_ROW>
    </CUSTOM_FIELD_ATTRIBUTE>
    <TRANSLATIONS>
  </TRANSLATIONS>
  </CUSTOM_LU>
</CUSTOM_OBJECT>
