<?xml version="1.0"?>
<CUSTOM_OBJECT>
  <NAME>0^SUPPLIER_PAYMENT_ADVICE^AcknowledgePayment</NAME>
  <TYPE>CUSTOM_EVENT_ACTION</TYPE>
  <DESCRIPTION>C0556</DESCRIPTION>
  <CUSTOM_EVENT_ACTION EXPORT_DEF_VERSION="2">
    <EVENT_LU_NAME>AcknowledgePayment</EVENT_LU_NAME>
    <EVENT_ID>SUPPLIER_PAYMENT_ADVICE</EVENT_ID>
    <ACTION_NUMBER>0</ACTION_NUMBER>
    <ACTION_ENABLE>TRUE</ACTION_ENABLE>
    <ACTION_PARAMETERS>!FNDSER.EVENT_ACTION_PARAM
$SQL=DECLARE
-
-print_err_                   VARCHAR2(2000);
-payee_identity_         VARCHAR2(2000);
-output_media_           VARCHAR2(2000);
-advice_address_id_    VARCHAR2(2000);
-old_result_key_          VARCHAR2(2000) := NULL;
-
-CURSOR order_item_per_identity IS
-         SELECT DISTINCT o.payee_identity, o.advice_address_id, i.output_media
-         FROM order_ledger_item_tab o,
-              identity_pay_info_tab i
-         WHERE o.company               = &apos;&amp;NEW:COMPANY&apos; 
-         AND o.automatic_payment_type  = &apos;&amp;NEW:AUTOMATIC_PAYMENT_TYPE&apos; 
-         AND o.order_id  = &apos;&amp;NEW:ORDER_ID&apos;
-         AND o.rowstate               != &apos;Cancelled&apos;
-         AND i.company                 = o.company
-         AND i.identity                = o.payee_identity
-         AND i.party_type              = o.party_type
-         ORDER BY i.output_media;   
-
-BEGIN
-
-FOR rec_ IN order_item_per_identity LOOP 
-
-        Payment_Format_API.Print_Payment_Advice( 
-                                                       print_err_ ,
-                                                       &apos;&amp;NEW:COMPANY&apos; ,
-                                                       &apos;&amp;NEW:AUTOMATIC_PAYMENT_TYPE&apos;,
-                                                       &apos;&amp;NEW:ORDER_ID&apos;,
-                                                       rec_.payee_identity, 
-                                                       &apos;UNIFORM_PAYMENT_ADVICE_REP&apos;,
-                                                       rec_.output_media, 
-                                                       &apos;en&apos;,
-                                                       old_result_key_,
-                                                       rec_.advice_address_id);
-
-END LOOP;
-
-END;
$ATTACH=!ATTACHMENTS
</ACTION_PARAMETERS>
    <FND_EVENT_ACTION_TYPE_DB>EXECUTEONLINESQL</FND_EVENT_ACTION_TYPE_DB>
    <CONDITION_TYPE>!EVENT_ACTION_COND_TYPE
$NEW:AUTOMATIC_PAYMENT_TYPE=
$NEW:COMPANY=
$NEW:ORDER_ID=
</CONDITION_TYPE>
    <CONDITION_VALUE>!EVENT_ACTION_COND_VALUE
$NEW:AUTOMATIC_PAYMENT_TYPE=
$NEW:COMPANY=
$NEW:ORDER_ID=
</CONDITION_VALUE>
    <DESCRIPTION>C0556</DESCRIPTION>
    <SUBSCRIBABLE>FALSE</SUBSCRIBABLE>
    <SYSTEM_DEFINED>FALSE</SYSTEM_DEFINED>
    <ROLE/>
    <DEFINITION_MODIFIED_DATE>2021-07-22-11.25.24</DEFINITION_MODIFIED_DATE>
    <OBJKEY>06312137A65047669C1312EAD39D79A3</OBJKEY>
  </CUSTOM_EVENT_ACTION>
</CUSTOM_OBJECT>
