<?xml version="1.0"?>
<CUSTOM_OBJECT>
  <NAME>Views -Voucher Row</NAME>
  <TYPE>CF_VIEWS</TYPE>
  <DESCRIPTION>Custom Field Views of Logical Unit Voucher Row</DESCRIPTION>
  <CUSTOM_FIELD_VIEWS EXPORT_DEF_VERSION="1">
    <LU>VoucherRow</LU>
    <TABLE_NAME>VOUCHER_ROW_CFT</TABLE_NAME>
    <VIEW_NAME>VOUCHER_ROW_CFV</VIEW_NAME>
    <PACKAGE_NAME>VOUCHER_ROW_CFP</PACKAGE_NAME>
    <DEFINITION_MODIFIED_DATE>2021-04-16-06.39.07</DEFINITION_MODIFIED_DATE>
    <EXPORT_DATE>2021-07-23-04.36.01</EXPORT_DATE>
    <USED_DB>TRUE</USED_DB>
    <ROWKEY>366A0B1319234B848204E0A25D6292BA</ROWKEY>
    <CUSTOM_FIELD_VIEW>
      <CUSTOM_FIELD_VIEW_ROW>
        <VIEW_NAME>ACCRUL_VOUCHER_ROW_QRY</VIEW_NAME>
        <CF_VIEW_NAME>ACCRUL_VOUCHER_ROW_QRY_CFV</CF_VIEW_NAME>
        <USED_DB>FALSE</USED_DB>
        <ROWKEY>420DFE375A744BBFBCC56208E6129921</ROWKEY>
      </CUSTOM_FIELD_VIEW_ROW>
      <CUSTOM_FIELD_VIEW_ROW>
        <VIEW_NAME>MULTI_COMPANY_VOUCHER_ROW1</VIEW_NAME>
        <CF_VIEW_NAME>MULTI_COMPANY_VOUCHER_ROW1_CFV</CF_VIEW_NAME>
        <USED_DB>FALSE</USED_DB>
        <ROWKEY>31043FCBB7E7445291B26D7E1547ECB8</ROWKEY>
      </CUSTOM_FIELD_VIEW_ROW>
      <CUSTOM_FIELD_VIEW_ROW>
        <VIEW_NAME>VOUCHERS_INVOICE_LOV</VIEW_NAME>
        <CF_VIEW_NAME>VOUCHERS_INVOICE_LOV_CFV</CF_VIEW_NAME>
        <USED_DB>FALSE</USED_DB>
        <ROWKEY>91EDC601790E47CAAE9F8BB0A3F64F42</ROWKEY>
      </CUSTOM_FIELD_VIEW_ROW>
      <CUSTOM_FIELD_VIEW_ROW>
        <VIEW_NAME>VOUCHER_ROW_QRY</VIEW_NAME>
        <CF_VIEW_NAME>VOUCHER_ROW_QRY_CFV</CF_VIEW_NAME>
        <USED_DB>TRUE</USED_DB>
        <ROWKEY>EDAA081C5DB74FFDA400479F7E1C10BA</ROWKEY>
      </CUSTOM_FIELD_VIEW_ROW>
      <CUSTOM_FIELD_VIEW_ROW>
        <VIEW_NAME>VOUCHER_ROW_QRY_FINREP</VIEW_NAME>
        <CF_VIEW_NAME>VOUCHER_ROW_QRY_FINREP_CFV</CF_VIEW_NAME>
        <USED_DB>FALSE</USED_DB>
        <ROWKEY>3F21659263E64CC2B2F8A1E77B6BFCED</ROWKEY>
      </CUSTOM_FIELD_VIEW_ROW>
      <CUSTOM_FIELD_VIEW_ROW>
        <VIEW_NAME>VOUCHER_ROW_QRY_PID_FINREP</VIEW_NAME>
        <CF_VIEW_NAME>VOUCHER_ROW_QRY_PID_FINREP_CFV</CF_VIEW_NAME>
        <USED_DB>FALSE</USED_DB>
        <ROWKEY>F77D899EF64742839540D19EA23C33E2</ROWKEY>
      </CUSTOM_FIELD_VIEW_ROW>
    </CUSTOM_FIELD_VIEW>
  </CUSTOM_FIELD_VIEWS>
</CUSTOM_OBJECT>
