<?xml version="1.0"?>
<CUSTOM_OBJECT>
  <NAME>Hold For Credit</NAME>
  <TYPE>CF_READ_ONLY</TYPE>
  <DESCRIPTION>EA - C692</DESCRIPTION>
  <CUSTOM_FIELD EXPORT_DEF_VERSION="1">
    <LU>PostingProposalHead</LU>
    <TABLE_NAME>POSTING_PROPOSAL_HEAD_CFT</TABLE_NAME>
    <VIEW_NAME>POSTING_PROPOSAL_HEAD_CFV</VIEW_NAME>
    <PACKAGE_NAME>POSTING_PROPOSAL_HEAD_CFP</PACKAGE_NAME>
    <DEFINITION_MODIFIED_DATE>2021-08-12-08.06.12</DEFINITION_MODIFIED_DATE>
    <EXPORT_DATE>2021-08-19-10.08.25</EXPORT_DATE>
    <USED_DB>TRUE</USED_DB>
    <ROWKEY>FE797B815CCF49A199D5075C1FB1DA49</ROWKEY>
    <CUSTOM_FIELD_ATTRIBUTE>
      <CUSTOM_FIELD_ATTRIBUTE_ROW>
        <ATTRIBUTE_NAME>HOLD_FOR_CREDIT</ATTRIBUTE_NAME>
        <DATA_TYPE_DB>ENUMERATION</DATA_TYPE_DB>
        <FORMAT_DB>UNFORMATTED</FORMAT_DB>
        <DATA_LENGTH>50</DATA_LENGTH>
        <DEFAULT_VALUE_TYPE_DB>ENUMERATION_VALUE</DEFAULT_VALUE_TYPE_DB>
        <DEFAULT_VALUE>FALSE</DEFAULT_VALUE>
        <MANDATORY_DB>FALSE</MANDATORY_DB>
        <INSERTABLE_DB>FALSE</INSERTABLE_DB>
        <UPDATEABLE_DB>FALSE</UPDATEABLE_DB>
        <QUERYABLE_DB>TRUE</QUERYABLE_DB>
        <PRIVATE_DB>FALSE</PRIVATE_DB>
        <LOV_DB>FALSE</LOV_DB>
        <INDEXED_DB>FALSE</INDEXED_DB>
        <PROMPT>Hold For Credit</PROMPT>
        <DEFINITION_MODIFIED_DATE>2021-08-12-08.06.22</DEFINITION_MODIFIED_DATE>
        <CUSTOM_FIELD_TYPE_DB>READ_ONLY_FIELD</CUSTOM_FIELD_TYPE_DB>
        <CUSTOM_FIELD_IMPL_TYPE_DB>SELECT_STATEMENT</CUSTOM_FIELD_IMPL_TYPE_DB>
        <EXPRESSION>Posting_Proposal_Head_Cfp.Get_Cf$_Hold_For_Credit(v.company, v.invoice_id)</EXPRESSION>
        <METADATA>SELECT a.cf$_hold_for_credt_note 
FROM man_supp_invoice_cft a, man_supp_invoice b
WHERE b.invoice_id = :invoice_id
AND b.company = :company
AND a.rowkey = b.OBJKEY</METADATA>
        <LU_REFERENCE>FndBoolean</LU_REFERENCE>
        <UI_OBJECT_DB>CHECKBOX_REVERSED</UI_OBJECT_DB>
        <USED_DB>TRUE</USED_DB>
        <READ_ONLY_EXPRESSION_DB>FALSE</READ_ONLY_EXPRESSION_DB>
        <NOTE>EA - C692</NOTE>
        <ENABLED_ON_REPORTS_DB>TRUE</ENABLED_ON_REPORTS_DB>
        <CONSTRAINT_TYPE_DB>RESTRICTED</CONSTRAINT_TYPE_DB>
        <LOV_VIEW/>
        <ALTERNATE_KEY_DB>FALSE</ALTERNATE_KEY_DB>
        <ROWKEY>430E24972DBE42859EEC46E37308639C</ROWKEY>
      </CUSTOM_FIELD_ATTRIBUTE_ROW>
    </CUSTOM_FIELD_ATTRIBUTE>
    <TRANSLATIONS>
  </TRANSLATIONS>
    <CUSTOM_FIELD_VIEW>
      <CUSTOM_FIELD_VIEW_ROW>
        <VIEW_NAME>POSTING_PROPOSAL_INVOICE_FINAL</VIEW_NAME>
        <CF_VIEW_NAME>POSTING_PROPOSAL3790569436_CFV</CF_VIEW_NAME>
        <USED_DB>FALSE</USED_DB>
        <ROWKEY>ACC60704850247EAAA2602E7197EC70F</ROWKEY>
      </CUSTOM_FIELD_VIEW_ROW>
      <CUSTOM_FIELD_VIEW_ROW>
        <VIEW_NAME>POSTING_PROPOSAL_INVOICE_LOBBY</VIEW_NAME>
        <CF_VIEW_NAME>POSTING_PROPOSAL_627022287_CFV</CF_VIEW_NAME>
        <USED_DB>FALSE</USED_DB>
        <ROWKEY>F502C54D2D244E04BA0BBFF4DCE97194</ROWKEY>
      </CUSTOM_FIELD_VIEW_ROW>
      <CUSTOM_FIELD_VIEW_ROW>
        <VIEW_NAME>POSTING_PROPOSAL_INV_OVERVIEW</VIEW_NAME>
        <CF_VIEW_NAME>POSTING_PROPOSAL3937330607_CFV</CF_VIEW_NAME>
        <USED_DB>TRUE</USED_DB>
        <ROWKEY>62C04052436045669B7C0D9D9CC4A5F5</ROWKEY>
      </CUSTOM_FIELD_VIEW_ROW>
      <CUSTOM_FIELD_VIEW_ROW>
        <VIEW_NAME>POSTING_PROPOSAL_VOU_COMP_LOV</VIEW_NAME>
        <CF_VIEW_NAME>POSTING_PROPOSAL1398616025_CFV</CF_VIEW_NAME>
        <USED_DB>FALSE</USED_DB>
        <ROWKEY>4BE1D9F68F3D497FAEDA316FFF422454</ROWKEY>
      </CUSTOM_FIELD_VIEW_ROW>
      <CUSTOM_FIELD_VIEW_ROW>
        <VIEW_NAME>POSTING_PROP_HEAD_USER_ALLOWED</VIEW_NAME>
        <CF_VIEW_NAME>POSTING_PROP_HEA3015984455_CFV</CF_VIEW_NAME>
        <USED_DB>FALSE</USED_DB>
        <ROWKEY>DA7452F05E7D41AFBBD27C322D2C7744</ROWKEY>
      </CUSTOM_FIELD_VIEW_ROW>
    </CUSTOM_FIELD_VIEW>
  </CUSTOM_FIELD>
</CUSTOM_OBJECT>
