<?xml version="1.0"?>
<CUSTOM_OBJECT>
  <NAME>Sales Contract</NAME>
  <TYPE>CUSTOM_MENU</TYPE>
  <DESCRIPTION>EA-0528</DESCRIPTION>
  <CUSTOM_MENU EXPORT_DEF_VERSION="1">
    <MENU_ID>849</MENU_ID>
    <DESCRIPTION>EA-0528</DESCRIPTION>
    <WINDOW>frmTabProjAcc</WINDOW>
    <PROCESS>NONE</PROCESS>
    <ORDERING>1</ORDERING>
    <PARAMETER>frmSalesContract_Ext</PARAMETER>
    <CUSTOM_MENU_TYPE_DB>2</CUSTOM_MENU_TYPE_DB>
    <BUNDLE_EXECUTION_DB>FALSE</BUNDLE_EXECUTION_DB>
    <PO_ID>frmSalesContract_Ext</PO_ID>
    <ENABLED_WHEN/>
    <REFRESH_UI>FALSE</REFRESH_UI>
    <EXPORT_DATE>2021-07-30-05.20.25</EXPORT_DATE>
    <DEFINITION_MODIFIED_DATE>2021-04-01-07.01.45</DEFINITION_MODIFIED_DATE>
    <OBJVERSION>20210413021719</OBJVERSION>
    <OBJKEY>261A7C585C324515924AC805889F2B5C</OBJKEY>
    <TEXTS>
      <TEXTS_ROW>
        <LANGUAGE_CODE>en</LANGUAGE_CODE>
        <TITLE>Sales Contract</TITLE>
        <OBJKEY>6F5641EE7CB743159BA2BC7FC92F339B</OBJKEY>
      </TEXTS_ROW>
      <TEXTS_ROW>
        <LANGUAGE_CODE>gb</LANGUAGE_CODE>
        <TITLE>Sales Contract</TITLE>
        <OBJKEY>C93E5E6944A246CBBC9835954CAD1019</OBJKEY>
      </TEXTS_ROW>
    </TEXTS>
    <KEY_TRANSLATIONS>
      <KEY_TRANSLATIONS_ROW>
        <ID>1</ID>
        <SOURCE_KEY_NAME>COMPANY</SOURCE_KEY_NAME>
        <DEST_KEY_NAME>COMPANY</DEST_KEY_NAME>
        <OBJKEY>F054284C7C7C4296AA14B03840B4ECF5</OBJKEY>
      </KEY_TRANSLATIONS_ROW>
      <KEY_TRANSLATIONS_ROW>
        <ID>2</ID>
        <SOURCE_KEY_NAME>PROJECT_ID</SOURCE_KEY_NAME>
        <DEST_KEY_NAME>CONTRACT_NO</DEST_KEY_NAME>
        <OBJKEY>F8779C769C584889B2CF2BD451F7C642</OBJKEY>
      </KEY_TRANSLATIONS_ROW>
    </KEY_TRANSLATIONS>
    <EXPANDABLE_PARAMETERS>
  </EXPANDABLE_PARAMETERS>
  </CUSTOM_MENU>
</CUSTOM_OBJECT>
