<?xml version="1.0"?>
<CUSTOM_OBJECT>
  <NAME>Project Status</NAME>
  <TYPE>CF_READ_ONLY</TYPE>
  <DESCRIPTION>CRIM 0512 - EA</DESCRIPTION>
  <CUSTOM_FIELD EXPORT_DEF_VERSION="1">
    <LU>RevenueRecognitionProj</LU>
    <TABLE_NAME>REVENUE_RECOGNITION_PROJ_CFT</TABLE_NAME>
    <VIEW_NAME>REVENUE_RECOGNITION_PROJ_CFV</VIEW_NAME>
    <PACKAGE_NAME>REVENUE_RECOGNITION_PROJ_CFP</PACKAGE_NAME>
    <DEFINITION_MODIFIED_DATE>2021-03-09-04.56.10</DEFINITION_MODIFIED_DATE>
    <EXPORT_DATE>2021-08-13-12.55.03</EXPORT_DATE>
    <USED_DB>TRUE</USED_DB>
    <ROWKEY>1C90405F6AAD425EB0A396A607FCAC75</ROWKEY>
    <CUSTOM_FIELD_ATTRIBUTE>
      <CUSTOM_FIELD_ATTRIBUTE_ROW>
        <ATTRIBUTE_NAME>PROJECT_STATUS</ATTRIBUTE_NAME>
        <DATA_TYPE_DB>STRING</DATA_TYPE_DB>
        <FORMAT_DB>UNFORMATTED</FORMAT_DB>
        <DATA_LENGTH>4000</DATA_LENGTH>
        <DEFAULT_VALUE_TYPE_DB>NO_DEFAULT_VALUE</DEFAULT_VALUE_TYPE_DB>
        <DEFAULT_VALUE/>
        <MANDATORY_DB>FALSE</MANDATORY_DB>
        <INSERTABLE_DB>FALSE</INSERTABLE_DB>
        <UPDATEABLE_DB>FALSE</UPDATEABLE_DB>
        <QUERYABLE_DB>TRUE</QUERYABLE_DB>
        <PRIVATE_DB>FALSE</PRIVATE_DB>
        <LOV_DB>FALSE</LOV_DB>
        <INDEXED_DB>FALSE</INDEXED_DB>
        <PROMPT>Project Status</PROMPT>
        <DEFINITION_MODIFIED_DATE>2021-05-10-09.16.24</DEFINITION_MODIFIED_DATE>
        <CUSTOM_FIELD_TYPE_DB>READ_ONLY_FIELD</CUSTOM_FIELD_TYPE_DB>
        <CUSTOM_FIELD_IMPL_TYPE_DB>SELECT_STATEMENT</CUSTOM_FIELD_IMPL_TYPE_DB>
        <EXPRESSION>Revenue_Recognition_Proj_Cfp.Get_Cf$_Project_Status(v.project_id)</EXPRESSION>
        <METADATA>select PROJECT_STATUS from ACCOUNTING_PROJECT where project_id = :project_id</METADATA>
        <LU_REFERENCE/>
        <UI_OBJECT_DB>DEFAULT</UI_OBJECT_DB>
        <USED_DB>TRUE</USED_DB>
        <READ_ONLY_EXPRESSION_DB>FALSE</READ_ONLY_EXPRESSION_DB>
        <NOTE>CRIM 0512 - EA</NOTE>
        <ENABLED_ON_REPORTS_DB>TRUE</ENABLED_ON_REPORTS_DB>
        <CONSTRAINT_TYPE_DB>RESTRICTED</CONSTRAINT_TYPE_DB>
        <LOV_VIEW/>
        <ALTERNATE_KEY_DB>FALSE</ALTERNATE_KEY_DB>
        <ROWKEY>DBF6534AB559454687CC3BAB40065BD5</ROWKEY>
      </CUSTOM_FIELD_ATTRIBUTE_ROW>
    </CUSTOM_FIELD_ATTRIBUTE>
    <TRANSLATIONS>
  </TRANSLATIONS>
    <CUSTOM_FIELD_VIEW>
      <CUSTOM_FIELD_VIEW_ROW>
        <VIEW_NAME>REVENUE_RECOGNITION_PROJ1</VIEW_NAME>
        <CF_VIEW_NAME>REVENUE_RECOGNITION_PROJ1_CFV</CF_VIEW_NAME>
        <USED_DB>FALSE</USED_DB>
        <ROWKEY>D0280CC0B13A4BB6AF97DE5C848A0F00</ROWKEY>
      </CUSTOM_FIELD_VIEW_ROW>
      <CUSTOM_FIELD_VIEW_ROW>
        <VIEW_NAME>REVENUE_RECOG_PROJECT_LOG</VIEW_NAME>
        <CF_VIEW_NAME>REVENUE_RECOG_PROJECT_LOG_CFV</CF_VIEW_NAME>
        <USED_DB>FALSE</USED_DB>
        <ROWKEY>02046C74D33F41ED96AEDDA113BAC438</ROWKEY>
      </CUSTOM_FIELD_VIEW_ROW>
    </CUSTOM_FIELD_VIEW>
  </CUSTOM_FIELD>
</CUSTOM_OBJECT>
