<?xml version="1.0"?>
<CUSTOM_OBJECT>
  <NAME>INVOICE_HEADER_NOTES_EXT</NAME>
  <TYPE>CUSTOM_EVENT</TYPE>
  <DESCRIPTION>EA- C0343

This event creates a record in invoice_header_notes_ext_clt table to store whether the record is part of a bulk update operation and the user carrying out the bulk update</DESCRIPTION>
  <CUSTOM_EVENT EXPORT_DEF_VERSION="1">
    <EVENT_LU_NAME>InvoiceHeaderNotes</EVENT_LU_NAME>
    <EVENT_ID>INVOICE_HEADER_NOTES_EXT</EVENT_ID>
    <EVENT_DESCRIPTION>EA- C0343

This event creates a record in invoice_header_notes_ext_clt table to store whether the record is part of a bulk update operation and the user carrying out the bulk update</EVENT_DESCRIPTION>
    <EVENT_ENABLE>TRUE</EVENT_ENABLE>
    <EVENT_TABLE_NAME>INVOICE_HEADER_NOTES_TAB</EVENT_TABLE_NAME>
    <MODIFIED_ATTRIBUTES/>
    <EVENT_TYPE_DB>CUSTOM</EVENT_TYPE_DB>
    <NEW_ROW_DB>TRUE</NEW_ROW_DB>
    <MODIFY_ROW_DB>FALSE</MODIFY_ROW_DB>
    <REMOVE_ROW_DB>FALSE</REMOVE_ROW_DB>
    <EVENT_TRIGGER_TYPE_DB>AFTER</EVENT_TRIGGER_TYPE_DB>
    <DEFINITION_MODIFIED_DATE>2021-02-25-09.51.46</DEFINITION_MODIFIED_DATE>
    <OBJKEY>6F0BCFB3CC0C491CAE730B78D7358C82</OBJKEY>
    <EVENT_PARAMETERS>
      <EVENT_PARAMETERS_ROW>
        <ID>COMPANY</ID>
        <ID_TYPE>STRING</ID_TYPE>
        <PLSQL_METHOD/>
        <CURRENT_VALUE_DB>FALSE</CURRENT_VALUE_DB>
        <NEW_VALUE_DB>TRUE</NEW_VALUE_DB>
      </EVENT_PARAMETERS_ROW>
      <EVENT_PARAMETERS_ROW>
        <ID>IDENTITY</ID>
        <ID_TYPE>STRING</ID_TYPE>
        <PLSQL_METHOD/>
        <CURRENT_VALUE_DB>FALSE</CURRENT_VALUE_DB>
        <NEW_VALUE_DB>TRUE</NEW_VALUE_DB>
      </EVENT_PARAMETERS_ROW>
      <EVENT_PARAMETERS_ROW>
        <ID>INVOICE_ID</ID>
        <ID_TYPE>NUMBER</ID_TYPE>
        <PLSQL_METHOD/>
        <CURRENT_VALUE_DB>FALSE</CURRENT_VALUE_DB>
        <NEW_VALUE_DB>TRUE</NEW_VALUE_DB>
      </EVENT_PARAMETERS_ROW>
      <EVENT_PARAMETERS_ROW>
        <ID>ROWKEY</ID>
        <ID_TYPE>STRING</ID_TYPE>
        <PLSQL_METHOD/>
        <CURRENT_VALUE_DB>FALSE</CURRENT_VALUE_DB>
        <NEW_VALUE_DB>TRUE</NEW_VALUE_DB>
      </EVENT_PARAMETERS_ROW>
    </EVENT_PARAMETERS>
  </CUSTOM_EVENT>
</CUSTOM_OBJECT>
