<?xml version="1.0"?>
<CUSTOM_OBJECT>
  <NAME>Hold For Credit Note</NAME>
  <TYPE>CF_PERSISTENT</TYPE>
  <DESCRIPTION>EA - C0692</DESCRIPTION>
  <CUSTOM_FIELD EXPORT_DEF_VERSION="1">
    <LU>ManSuppInvoice</LU>
    <TABLE_NAME>MAN_SUPP_INVOICE_CFT</TABLE_NAME>
    <VIEW_NAME>MAN_SUPP_INVOICE_CFV</VIEW_NAME>
    <PACKAGE_NAME>MAN_SUPP_INVOICE_CFP</PACKAGE_NAME>
    <DEFINITION_MODIFIED_DATE>2021-07-02-13.56.49</DEFINITION_MODIFIED_DATE>
    <EXPORT_DATE>2021-08-13-12.55.00</EXPORT_DATE>
    <USED_DB>TRUE</USED_DB>
    <ROWKEY>F2410C56A6B84313AAB2281FA82CD588</ROWKEY>
    <CUSTOM_FIELD_ATTRIBUTE>
      <CUSTOM_FIELD_ATTRIBUTE_ROW>
        <ATTRIBUTE_NAME>HOLD_FOR_CREDT_NOTE</ATTRIBUTE_NAME>
        <DATA_TYPE_DB>ENUMERATION</DATA_TYPE_DB>
        <FORMAT_DB>UNFORMATTED</FORMAT_DB>
        <DATA_LENGTH>50</DATA_LENGTH>
        <DEFAULT_VALUE_TYPE_DB>ENUMERATION_VALUE</DEFAULT_VALUE_TYPE_DB>
        <DEFAULT_VALUE>FALSE</DEFAULT_VALUE>
        <MANDATORY_DB>FALSE</MANDATORY_DB>
        <INSERTABLE_DB>TRUE</INSERTABLE_DB>
        <UPDATEABLE_DB>TRUE</UPDATEABLE_DB>
        <QUERYABLE_DB>TRUE</QUERYABLE_DB>
        <PRIVATE_DB>FALSE</PRIVATE_DB>
        <LOV_DB>FALSE</LOV_DB>
        <INDEXED_DB>FALSE</INDEXED_DB>
        <PROMPT>Hold For Credit Note</PROMPT>
        <DEFINITION_MODIFIED_DATE>2021-08-13-04.20.48</DEFINITION_MODIFIED_DATE>
        <CUSTOM_FIELD_TYPE_DB>PERSISTENT_FIELD</CUSTOM_FIELD_TYPE_DB>
        <CUSTOM_FIELD_IMPL_TYPE_DB>NOT_APPLICABLE</CUSTOM_FIELD_IMPL_TYPE_DB>
        <EXPRESSION/>
        <METADATA/>
        <LU_REFERENCE>FndBoolean</LU_REFERENCE>
        <UI_OBJECT_DB>CHECKBOX_REVERSED</UI_OBJECT_DB>
        <USED_DB>TRUE</USED_DB>
        <READ_ONLY_EXPRESSION_DB>FALSE</READ_ONLY_EXPRESSION_DB>
        <NOTE>EA - C0692</NOTE>
        <ENABLED_ON_REPORTS_DB>TRUE</ENABLED_ON_REPORTS_DB>
        <CONSTRAINT_TYPE_DB>RESTRICTED</CONSTRAINT_TYPE_DB>
        <LOV_VIEW/>
        <ALTERNATE_KEY_DB>FALSE</ALTERNATE_KEY_DB>
        <ROWKEY>AE4CADCC1114453581C9AB4557D95108</ROWKEY>
      </CUSTOM_FIELD_ATTRIBUTE_ROW>
    </CUSTOM_FIELD_ATTRIBUTE>
    <TRANSLATIONS>
  </TRANSLATIONS>
    <CUSTOM_FIELD_VIEW>
      <CUSTOM_FIELD_VIEW_ROW>
        <VIEW_NAME>ALLOWED_TO_VIEW_MAN_SUPP_INV</VIEW_NAME>
        <CF_VIEW_NAME>ALLOWED_TO_VIEW_1798607133_CFV</CF_VIEW_NAME>
        <USED_DB>TRUE</USED_DB>
        <ROWKEY>EF220A7AF8E042168B7BF3C161A511D0</ROWKEY>
      </CUSTOM_FIELD_VIEW_ROW>
      <CUSTOM_FIELD_VIEW_ROW>
        <VIEW_NAME>MANAGE_SUPPLIER_INVOICE</VIEW_NAME>
        <CF_VIEW_NAME>MANAGE_SUPPLIER_INVOICE_CFV</CF_VIEW_NAME>
        <USED_DB>TRUE</USED_DB>
        <ROWKEY>366EF51BD9B9449E9DCB3A201285F7CA</ROWKEY>
      </CUSTOM_FIELD_VIEW_ROW>
      <CUSTOM_FIELD_VIEW_ROW>
        <VIEW_NAME>POSTING_PROPOSAL_INVOICE</VIEW_NAME>
        <CF_VIEW_NAME>POSTING_PROPOSAL_INVOICE_CFV</CF_VIEW_NAME>
        <USED_DB>TRUE</USED_DB>
        <ROWKEY>401904F43A504017A40E6219B4BDB302</ROWKEY>
      </CUSTOM_FIELD_VIEW_ROW>
      <CUSTOM_FIELD_VIEW_ROW>
        <VIEW_NAME>POSTING_PROPOSAL_INVOICE_QRY</VIEW_NAME>
        <CF_VIEW_NAME>POSTING_PROPOSAL4141051185_CFV</CF_VIEW_NAME>
        <USED_DB>TRUE</USED_DB>
        <ROWKEY>3DE438A328DA49448DF851593D20750E</ROWKEY>
      </CUSTOM_FIELD_VIEW_ROW>
      <CUSTOM_FIELD_VIEW_ROW>
        <VIEW_NAME>POSTING_PROPOSAL_PP_SUPER</VIEW_NAME>
        <CF_VIEW_NAME>POSTING_PROPOSAL_PP_SUPER_CFV</CF_VIEW_NAME>
        <USED_DB>TRUE</USED_DB>
        <ROWKEY>38F796722C774C6EBF2BF929C7D7D83D</ROWKEY>
      </CUSTOM_FIELD_VIEW_ROW>
    </CUSTOM_FIELD_VIEW>
  </CUSTOM_FIELD>
</CUSTOM_OBJECT>
