<?xml version="1.0"?>
<CUSTOM_OBJECT>
  <NAME>1^CHECK_PREPOSTING_CO^CustomerOrder</NAME>
  <TYPE>CUSTOM_EVENT_ACTION</TYPE>
  <DESCRIPTION>EA - C0397. To check for pre-posting information in Customer Order Header and Lines</DESCRIPTION>
  <CUSTOM_EVENT_ACTION EXPORT_DEF_VERSION="2">
    <EVENT_LU_NAME>CustomerOrder</EVENT_LU_NAME>
    <EVENT_ID>CHECK_PREPOSTING_CO</EVENT_ID>
    <ACTION_NUMBER>1</ACTION_NUMBER>
    <ACTION_ENABLE>TRUE</ACTION_ENABLE>
    <ACTION_PARAMETERS>!FNDSER.EVENT_ACTION_PARAM
$SQL=DECLARE
-  TYPE info_type IS ref CURSOR;
-  info_cursor_            info_type;
-  pre_accounting_no_      VARCHAR2(3200);
-  line_pre_accounting_no_ VARCHAR2(3200);
-  code_parts_             VARCHAR2(3200);
-  line_code_parts_        VARCHAR2(3200);
-  stmt                    VARCHAR2(3200);
-  first_char_             VARCHAR2(2);
-  B_                      VARCHAR2(5);
-  C_                      VARCHAR2(5);
-  D_                      VARCHAR2(5);
-  E_                      VARCHAR2(5);
-  F_                      VARCHAR2(5);
-  G_                      VARCHAR2(5);
-  inter_co_               VARCHAR2(5);
-  temps_                  NUMBER;
-  temp_                   NUMBER;
-  count_                  NUMBER;
-  flag_                   BOOLEAN := false;
-  no_data_co_lines_       BOOLEAN := false;
-  no_data_co_             BOOLEAN := false;
-  enabled_code_parts_     VARCHAR2(3200);
-  line_no_data_           BOOLEAN := false;
-
-  CURSOR get_enabled_code_parts IS
-    SELECT CF$_PROP_DB,
-           CF$_PROJECT_DB,
-           CF$_SITE_DB,
-           CF$_COST_CENT_DB,
-           CF$_CONTRACT_DB,
-           CF$_CODE_G_DB,
-           CF$_INTER_CO_DB
-      FROM cust_order_type_cfv a
-     where order_id = &apos;&amp;NEW:ORDER_ID&apos;
-       and CF$_MANDATORY_PRE_POSTING_DB = &apos;TRUE&apos;;
-
-  CURSOR get_header_info(id_ VARCHAR2) IS
-    select 1 from pre_accounting_tab where pre_accounting_id = id_;
-
-  CURSOR get_lines_nos IS
-    SELECT pre_accounting_id
-      FROM customer_order_line_tab
-     WHERE order_no = &apos;&amp;NEW:ORDER_NO&apos;;
-
-BEGIN
-
-  pre_accounting_no_ := &apos;&amp;NEW:PRE_ACCOUNTING_ID&apos;;
-
-  OPEN get_header_info(pre_accounting_no_);
-  FETCH get_header_info
-    INTO temps_;
-  IF (get_header_info%NOTFOUND) THEN
-    no_data_co_ := true;  
-  END IF;
-  CLOSE get_header_info;
-
-  OPEN get_enabled_code_parts;
-  FETCH get_enabled_code_parts
-    INTO B_, C_, D_, E_, F_, G_, inter_co_;
-  CLOSE get_enabled_code_parts;
-
-  IF (B_ = &apos;TRUE&apos;) THEN
-    enabled_code_parts_ := enabled_code_parts_ || &apos;Proposition&apos;;
-  END IF;
-  IF (C_ = &apos;TRUE&apos;) THEN
-    enabled_code_parts_ := enabled_code_parts_ || &apos;,Project&apos;;
-  END IF;
-  IF (D_ = &apos;TRUE&apos;) THEN
-    enabled_code_parts_ := enabled_code_parts_ || &apos;,Site&apos;;
-  END IF;
-  IF (E_ = &apos;TRUE&apos;) THEN
-    enabled_code_parts_ := enabled_code_parts_ || &apos;,Cost Centre&apos;;
-  END IF;
-  IF (F_ = &apos;TRUE&apos;) THEN
-    enabled_code_parts_ := enabled_code_parts_ || &apos;,Contract&apos;;
-  END IF;
-  IF (G_ = &apos;TRUE&apos;) THEN
-    enabled_code_parts_ := enabled_code_parts_ || &apos;,Code G&apos;;
-  END IF;
-  IF (inter_co_ = &apos;TRUE&apos;) THEN
-    enabled_code_parts_ := enabled_code_parts_ || &apos;,Inter Co&apos;;
-  END IF;
-
-  IF (NOT no_data_co_) THEN
-    IF (B_ = &apos;TRUE&apos;) THEN
-      stmt := &apos;SELECT 1 
-              FROM pre_accounting_tab where pre_accounting_id = :pre_accounting_no_head_ and  codeno_B is null &apos;;
-    
-      OPEN info_cursor_ FOR stmt
-        USING pre_accounting_no_;
-      FETCH info_cursor_
-        into temp_;
-      CLOSE info_cursor_;
-    
-      IF (temp_ = 1) THEN
-        temp_       := 0;
-        code_parts_ := code_parts_ || &apos;Proposition&apos;;
-      END IF;
-    END IF;
-  
-    IF (C_ = &apos;TRUE&apos;) THEN
-      stmt := &apos;SELECT 1 
-              FROM pre_accounting_tab where pre_accounting_id = :pre_accounting_no_head_ and  codeno_C is null &apos;;
-    
-      OPEN info_cursor_ FOR stmt
-        USING pre_accounting_no_;
-      FETCH info_cursor_
-        into temp_;
-      CLOSE info_cursor_;
-    
-      IF (temp_ = 1) THEN
-        temp_       := 0;
-        code_parts_ := code_parts_ || &apos;,Project&apos;;
-      END IF;
-    END IF;
-  
-    IF (D_ = &apos;TRUE&apos;) THEN
-      stmt := &apos;SELECT 1 
-              FROM pre_accounting_tab where pre_accounting_id = :pre_accounting_no_head_ and  codeno_D is null &apos;;
-    
-      OPEN info_cursor_ FOR stmt
-        USING pre_accounting_no_;
-      FETCH info_cursor_
-        into temp_;
-      CLOSE info_cursor_;
-    
-      IF (temp_ = 1) THEN
-        temp_       := 0;
-        code_parts_ := code_parts_ || &apos;,Site&apos;;
-      END IF;
-    END IF;
-  
-    IF (E_ = &apos;TRUE&apos;) THEN
-      stmt := &apos;SELECT 1 
-              FROM pre_accounting_tab where pre_accounting_id = :pre_accounting_no_head_ and  codeno_E is null &apos;;
-    
-      OPEN info_cursor_ FOR stmt
-        USING pre_accounting_no_;
-      FETCH info_cursor_
-        into temp_;
-      CLOSE info_cursor_;
-    
-      IF (temp_ = 1) THEN
-        temp_       := 0;
-        code_parts_ := code_parts_ || &apos;,Cost Centre&apos;;
-      END IF;
-    END IF;
-  
-    IF (F_ = &apos;TRUE&apos;) THEN
-      stmt := &apos;SELECT 1 
-              FROM pre_accounting_tab where pre_accounting_id = :pre_accounting_no_head_ and  codeno_F is null &apos;;
-    
-      OPEN info_cursor_ FOR stmt
-        USING pre_accounting_no_;
-      FETCH info_cursor_
-        into temp_;
-      CLOSE info_cursor_;
-    
-      IF (temp_ = 1) THEN
-        temp_       := 0;
-        code_parts_ := code_parts_ || &apos;,Contract&apos;;
-      END IF;
-    END IF;
-  
-    IF (G_ = &apos;TRUE&apos;) THEN
-      stmt := &apos;SELECT 1 
-              FROM pre_accounting_tab where pre_accounting_id = :pre_accounting_no_head_ and  codeno_G is null &apos;;
-    
-      OPEN info_cursor_ FOR stmt
-        USING pre_accounting_no_;
-      FETCH info_cursor_
-        into temp_;
-      CLOSE info_cursor_;
-    
-      IF (temp_ = 1) THEN
-        temp_       := 0;
-        code_parts_ := code_parts_ || &apos;,Code G&apos;;
-      END IF;
-    END IF;
-  
-    IF (inter_co_ = &apos;TRUE&apos;) THEN
-      stmt := &apos;SELECT 1 
-              FROM pre_accounting_tab where pre_accounting_id = :pre_accounting_no_head_ and  codeno_H is null &apos;;
-    
-      OPEN info_cursor_ FOR stmt
-        USING pre_accounting_no_;
-      FETCH info_cursor_
-        into temp_;
-      CLOSE info_cursor_;
-    
-      IF (temp_ = 1) THEN
-        temp_       := 0;
-        code_parts_ := code_parts_ || &apos;,Inter Co&apos;;
-      END IF;
-    END IF;
-  
-  END IF;
-
-  --CHECK LINES
-  IF (code_parts_ is not null or no_data_co_) THEN
-    flag_ := false;
-    line_no_data_           := true;
-    --CHECK LINE LOOP
-    FOR line_rec IN get_lines_nos LOOP
-      no_data_co_lines_       := true;
-      line_no_data_           := false;
-      line_pre_accounting_no_ := line_rec.pre_accounting_id;
-
-      OPEN get_header_info(line_rec.pre_accounting_id);
-      FETCH get_header_info
-        INTO temps_;
-      IF (get_header_info%NOTFOUND) THEN
-        line_no_data_ := true;
-      END IF;
-      CLOSE get_header_info;
-
-      IF (line_no_data_) THEN
-        EXIT;
-      END IF;
-    
-      IF (NOT line_no_data_) THEN
-
-         line_no_data_           := false;
-        IF (B_ = &apos;TRUE&apos;) THEN
-          stmt := &apos;SELECT 1 
-              FROM pre_accounting_tab where pre_accounting_id = :pre_accounting_no_head_ and  codeno_B is null &apos;;
-        
-          OPEN info_cursor_ FOR stmt
-            USING line_pre_accounting_no_;
-          FETCH info_cursor_
-            into temp_;
-          CLOSE info_cursor_;
-          IF (temp_ = 1) THEN
-            temp_            := 0;
-            flag_            := TRUE;
-            line_code_parts_ := line_code_parts_ || &apos;Proposition&apos;;
-          END IF;
-        END IF;
-      
-        IF (C_ = &apos;TRUE&apos;) THEN
-          stmt := &apos;SELECT 1 
-              FROM pre_accounting_tab where pre_accounting_id = :pre_accounting_no_head_ and  codeno_C is null &apos;;
-        
-          OPEN info_cursor_ FOR stmt
-            USING line_pre_accounting_no_;
-          FETCH info_cursor_
-            into temp_;
-          CLOSE info_cursor_;
-          IF (temp_ = 1) THEN
-            temp_            := 0;
-            flag_            := TRUE;
-            line_code_parts_ := line_code_parts_ || &apos;,Project&apos;;
-          END IF;
-        END IF;
-      
-        IF (D_ = &apos;TRUE&apos;) THEN
-          stmt := &apos;SELECT 1 
-              FROM pre_accounting_tab where pre_accounting_id = :pre_accounting_no_head_ and  codeno_D is null &apos;;
-        
-          OPEN info_cursor_ FOR stmt
-            USING line_pre_accounting_no_;
-          FETCH info_cursor_
-            into temp_;
-          CLOSE info_cursor_;
-          IF (temp_ = 1) THEN
-            temp_            := 0;
-            flag_            := TRUE;
-            line_code_parts_ := line_code_parts_ || &apos;,Site&apos;;
-          END IF;
-        END IF;
-      
-        IF (E_ = &apos;TRUE&apos;) THEN
-          stmt := &apos;SELECT 1 
-              FROM pre_accounting_tab where pre_accounting_id = :line_pre_accounting_no_ and  codeno_E is null &apos;;
-        
-          OPEN info_cursor_ FOR stmt
-            USING line_pre_accounting_no_;
-          FETCH info_cursor_
-            into temp_;
-          CLOSE info_cursor_;
-          IF (temp_ = 1) THEN
-            temp_            := 0;
-            flag_            := TRUE;
-            line_code_parts_ := line_code_parts_ || &apos;,Cost Centre&apos;;
-          END IF;
-        END IF;
-      
-        IF (F_ = &apos;TRUE&apos;) THEN
-          stmt := &apos;SELECT 1 
-              FROM pre_accounting_tab where pre_accounting_id = :line_pre_accounting_no_ and  codeno_F is null &apos;;
-        
-          OPEN info_cursor_ FOR stmt
-            USING line_pre_accounting_no_;
-          FETCH info_cursor_
-            into temp_;
-          CLOSE info_cursor_;
-          IF (temp_ = 1) THEN
-            flag_            := TRUE;
-            temp_            := 0;
-            line_code_parts_ := line_code_parts_ || &apos;,Contract&apos;;
-          END IF;
-        END IF;
-      
-        IF (G_ = &apos;TRUE&apos;) THEN
-          stmt := &apos;SELECT 1 
-              FROM pre_accounting_tab where pre_accounting_id = :line_pre_accounting_no_ and  codeno_G is null &apos;;
-        
-          OPEN info_cursor_ FOR stmt
-            USING line_pre_accounting_no_;
-          FETCH info_cursor_
-            into temp_;
-          CLOSE info_cursor_;
-          IF (temp_ = 1) THEN
-            flag_            := TRUE;
-            line_code_parts_ := line_code_parts_ || &apos;,Code G&apos;;
-            temp_            := 0;
-          END IF;
-        END IF;
-      
-        IF (inter_co_ = &apos;TRUE&apos;) THEN
-          stmt := &apos;SELECT 1 
-              FROM pre_accounting_tab where pre_accounting_id = :line_pre_accounting_no_ and  codeno_H is null &apos;;
-        
-          OPEN info_cursor_ FOR stmt
-            USING line_pre_accounting_no_;
-          FETCH info_cursor_
-            into temp_;
-          CLOSE info_cursor_;
-          IF (temp_ = 1) THEN
-            flag_            := TRUE;
-            line_code_parts_ := line_code_parts_ || &apos;,Inter Co&apos;;
-            temp_            := 0;
-          END IF;
-        END IF;
-      
-      END IF;
-
-    END LOOP;
-    --END CHECK LINE LOOP
-  END IF;
-  
-  --ERROR MSG
-
-  -- IF NO DATA IN HEADER AND LINE
-  IF (line_no_data_ and no_data_co_ and enabled_code_parts_ is not null) THEN
-
-    IF (enabled_code_parts_ is not null) THEN
-    
-      count_ := REGEXP_COUNT(enabled_code_parts_, &apos;,&apos;);
-    
-      first_char_ := SUBSTR(enabled_code_parts_, 1, 1);
-      IF (first_char_ = &apos;,&apos;) Then
-        enabled_code_parts_ := SUBSTR(enabled_code_parts_,
-                                      2,
-                                      LENGTH(enabled_code_parts_));
-        count_              := count_ - 1;
-      END IF;
-    
-      IF (count_ &gt; 0) THEN
-        enabled_code_parts_ := REGEXP_REPLACE(enabled_code_parts_,
-                                              &apos;,&apos;,
-                                              &apos; and &apos;,
-                                              INSTR(enabled_code_parts_,
-                                                    &apos;,&apos;,
-                                                    1,
-                                                    count_));
-      END IF;
-    END IF;
-    ERROR_SYS.RECORD_GENERAL(&apos;CUSTOMERORDER&apos;,
-                             &apos;PREPOSTING1: For Order Type :P1 please add pre-posting for :P2 to release the order.&apos;,
-                             &apos;&amp;NEW:ORDER_ID&apos;,
-                             enabled_code_parts_);
-  END IF;
-
-  --IF NO DATA IN HEADER AND LINE DATA DOESNT MATCH ORDER TYPE
-  IF (no_data_co_ and line_code_parts_ is not null ) THEN
-
-    IF (line_code_parts_ is not null) THEN
-    
-      count_ := REGEXP_COUNT(line_code_parts_, &apos;,&apos;);
-    
-      first_char_ := SUBSTR(line_code_parts_, 1, 1);
-      IF (first_char_ = &apos;,&apos;) Then
-        line_code_parts_ := SUBSTR(line_code_parts_,
-                                   2,
-                                   LENGTH(line_code_parts_));
-        count_           := count_ - 1;
-      END IF;
-    
-      IF (count_ &gt; 0) THEN
-        line_code_parts_ := REGEXP_REPLACE(line_code_parts_,
-                                           &apos;,&apos;,
-                                           &apos; and &apos;,
-                                           INSTR(line_code_parts_,
-                                                 &apos;,&apos;,
-                                                 1,
-                                                 count_));
-      END IF;
-    END IF;
-    ERROR_SYS.RECORD_GENERAL(&apos;CUSTOMERORDER&apos;,
-                             &apos;PREPOSTING2: For Order Type :P1 please add pre-posting for :P2 to release the order.&apos;,
-                             &apos;&amp;NEW:ORDER_ID&apos;,
-                             line_code_parts_);
-  END IF;
-
-  -- IF DATA IN HEADER AND DOESNT MATCH ORDER TYPE &amp; NO LINE DATA 
-  IF (code_parts_ is not null and line_code_parts_ is null and (line_no_data_ or flag_ = false)) THEN
-
-    IF (code_parts_ is not null) THEN
-    
-      count_ := REGEXP_COUNT(code_parts_, &apos;,&apos;);
-    
-      first_char_ := SUBSTR(code_parts_, 1, 1);
-      IF (first_char_ = &apos;,&apos;) Then
-        code_parts_ := SUBSTR(code_parts_, 2, LENGTH(code_parts_));
-        count_      := count_ - 1;
-      END IF;
-    
-      IF (count_ &gt; 0) THEN
-        code_parts_ := REGEXP_REPLACE(code_parts_,
-                                      &apos;,&apos;,
-                                      &apos; and &apos;,
-                                      INSTR(code_parts_, &apos;,&apos;, 1, count_));
-      END IF;
-    END IF;
-    ERROR_SYS.RECORD_GENERAL(&apos;CUSTOMERORDER&apos;,
-                             &apos;PREPOSTING3: For Order Type :P1 please add pre-posting for :P2 to release the order.&apos;,
-                             &apos;&amp;NEW:ORDER_ID&apos;,
-                             code_parts_);
-  END IF;
-
-END;
$ATTACH=!ATTACHMENTS
</ACTION_PARAMETERS>
    <FND_EVENT_ACTION_TYPE_DB>EXECUTEONLINESQL</FND_EVENT_ACTION_TYPE_DB>
    <CONDITION_TYPE>!EVENT_ACTION_COND_TYPE
$NEW:ORDER_ID=
$NEW:ORDER_NO=
$NEW:PRE_ACCOUNTING_ID=
$NEW:ROWSTATE=
</CONDITION_TYPE>
    <CONDITION_VALUE>!EVENT_ACTION_COND_VALUE
$NEW:ORDER_ID=
$NEW:ORDER_NO=
$NEW:PRE_ACCOUNTING_ID=
$NEW:ROWSTATE=
</CONDITION_VALUE>
    <DESCRIPTION>EA - C0397. To check for pre-posting information in Customer Order Header and Lines</DESCRIPTION>
    <SUBSCRIBABLE>FALSE</SUBSCRIBABLE>
    <SYSTEM_DEFINED>FALSE</SYSTEM_DEFINED>
    <ROLE/>
    <DEFINITION_MODIFIED_DATE>2021-05-10-10.46.35</DEFINITION_MODIFIED_DATE>
    <OBJKEY>B290D6F1BE4B4AE8BBB948322D0A28FC</OBJKEY>
  </CUSTOM_EVENT_ACTION>
</CUSTOM_OBJECT>
