<?xml version="1.0"?>
<CUSTOM_OBJECT>
  <NAME>Views -Revenue Recognition Proj</NAME>
  <TYPE>CF_VIEWS</TYPE>
  <DESCRIPTION>Custom Field Views of Logical Unit Revenue Recognition Proj</DESCRIPTION>
  <CUSTOM_FIELD_VIEWS EXPORT_DEF_VERSION="1">
    <LU>RevenueRecognitionProj</LU>
    <TABLE_NAME>REVENUE_RECOGNITION_PROJ_CFT</TABLE_NAME>
    <VIEW_NAME>REVENUE_RECOGNITION_PROJ_CFV</VIEW_NAME>
    <PACKAGE_NAME>REVENUE_RECOGNITION_PROJ_CFP</PACKAGE_NAME>
    <DEFINITION_MODIFIED_DATE>2021-03-09-04.56.10</DEFINITION_MODIFIED_DATE>
    <EXPORT_DATE>2021-08-13-04.16.38</EXPORT_DATE>
    <USED_DB>TRUE</USED_DB>
    <ROWKEY>1C90405F6AAD425EB0A396A607FCAC75</ROWKEY>
    <CUSTOM_FIELD_VIEW>
      <CUSTOM_FIELD_VIEW_ROW>
        <VIEW_NAME>REVENUE_RECOGNITION_PROJ1</VIEW_NAME>
        <CF_VIEW_NAME>REVENUE_RECOGNITION_PROJ1_CFV</CF_VIEW_NAME>
        <USED_DB>FALSE</USED_DB>
        <ROWKEY>D0280CC0B13A4BB6AF97DE5C848A0F00</ROWKEY>
      </CUSTOM_FIELD_VIEW_ROW>
      <CUSTOM_FIELD_VIEW_ROW>
        <VIEW_NAME>REVENUE_RECOG_PROJECT_LOG</VIEW_NAME>
        <CF_VIEW_NAME>REVENUE_RECOG_PROJECT_LOG_CFV</CF_VIEW_NAME>
        <USED_DB>FALSE</USED_DB>
        <ROWKEY>02046C74D33F41ED96AEDDA113BAC438</ROWKEY>
      </CUSTOM_FIELD_VIEW_ROW>
    </CUSTOM_FIELD_VIEW>
  </CUSTOM_FIELD_VIEWS>
</CUSTOM_OBJECT>
