<?xml version="1.0"?>
<CUSTOM_OBJECT>
  <NAME>Finance Project </NAME>
  <TYPE>CUSTOM_MENU</TYPE>
  <DESCRIPTION>Finance Project RMB</DESCRIPTION>
  <CUSTOM_MENU EXPORT_DEF_VERSION="1">
    <MENU_ID>498483</MENU_ID>
    <DESCRIPTION>Finance Project RMB</DESCRIPTION>
    <WINDOW>frmRevenueRecognitionProject.tblRevRecogProject</WINDOW>
    <PROCESS>NONE</PROCESS>
    <ORDERING>3</ORDERING>
    <PARAMETER>frmTabProjAcc</PARAMETER>
    <CUSTOM_MENU_TYPE_DB>2</CUSTOM_MENU_TYPE_DB>
    <BUNDLE_EXECUTION_DB>FALSE</BUNDLE_EXECUTION_DB>
    <PO_ID>frmTabProjAcc</PO_ID>
    <ENABLED_WHEN/>
    <REFRESH_UI>FALSE</REFRESH_UI>
    <EXPORT_DATE>2021-07-30-05.20.26</EXPORT_DATE>
    <DEFINITION_MODIFIED_DATE>2021-03-09-06.10.59</DEFINITION_MODIFIED_DATE>
    <OBJVERSION>20210510091032</OBJVERSION>
    <OBJKEY>D4433231D785434CB6E61FFD6B66CD41</OBJKEY>
    <TEXTS>
      <TEXTS_ROW>
        <LANGUAGE_CODE>en</LANGUAGE_CODE>
        <TITLE>Finance Project </TITLE>
        <OBJKEY>0377067AFC0142AA8CD9E5A8C36A4063</OBJKEY>
      </TEXTS_ROW>
    </TEXTS>
    <KEY_TRANSLATIONS>
      <KEY_TRANSLATIONS_ROW>
        <ID>1</ID>
        <SOURCE_KEY_NAME>COMPANY</SOURCE_KEY_NAME>
        <DEST_KEY_NAME>COMPANY</DEST_KEY_NAME>
        <OBJKEY>F4B2DF21D5ED4D699A22973F581D90B2</OBJKEY>
      </KEY_TRANSLATIONS_ROW>
      <KEY_TRANSLATIONS_ROW>
        <ID>2</ID>
        <SOURCE_KEY_NAME>PROJECT_ID</SOURCE_KEY_NAME>
        <DEST_KEY_NAME>PROJECT_ID</DEST_KEY_NAME>
        <OBJKEY>73CC9CB082D44A91AFECE082B22762FD</OBJKEY>
      </KEY_TRANSLATIONS_ROW>
    </KEY_TRANSLATIONS>
    <EXPANDABLE_PARAMETERS>
  </EXPANDABLE_PARAMETERS>
  </CUSTOM_MENU>
</CUSTOM_OBJECT>
