<?xml version="1.0"?>
<CUSTOM_OBJECT>
  <NAME>Views -Voucher Row</NAME>
  <TYPE>CF_VIEWS</TYPE>
  <DESCRIPTION>Custom Field Views of Logical Unit Voucher Row</DESCRIPTION>
  <CUSTOM_FIELD_VIEWS EXPORT_DEF_VERSION="1">
    <LU>VoucherRow</LU>
    <TABLE_NAME>VOUCHER_ROW_CFT</TABLE_NAME>
    <VIEW_NAME>VOUCHER_ROW_CFV</VIEW_NAME>
    <PACKAGE_NAME>VOUCHER_ROW_CFP</PACKAGE_NAME>
    <DEFINITION_MODIFIED_DATE>2021-04-16-06.39.07</DEFINITION_MODIFIED_DATE>
    <EXPORT_DATE>2021-05-27-05.27.53</EXPORT_DATE>
    <USED_DB>TRUE</USED_DB>
    <ROWKEY>AAB08ED5D7D24E4BB23E3AFD64B9450D</ROWKEY>
    <CUSTOM_FIELD_VIEW>
      <CUSTOM_FIELD_VIEW_ROW>
        <VIEW_NAME>ACCRUL_VOUCHER_ROW_QRY</VIEW_NAME>
        <CF_VIEW_NAME>ACCRUL_VOUCHER_ROW_QRY_CFV</CF_VIEW_NAME>
        <USED_DB>FALSE</USED_DB>
        <ROWKEY>1DD7C2F4531146289473F3A1A6AF5571</ROWKEY>
      </CUSTOM_FIELD_VIEW_ROW>
      <CUSTOM_FIELD_VIEW_ROW>
        <VIEW_NAME>MULTI_COMPANY_VOUCHER_ROW1</VIEW_NAME>
        <CF_VIEW_NAME>MULTI_COMPANY_VOUCHER_ROW1_CFV</CF_VIEW_NAME>
        <USED_DB>FALSE</USED_DB>
        <ROWKEY>7AA6E7879CDF419097056F86D01DBFE1</ROWKEY>
      </CUSTOM_FIELD_VIEW_ROW>
      <CUSTOM_FIELD_VIEW_ROW>
        <VIEW_NAME>VOUCHERS_INVOICE_LOV</VIEW_NAME>
        <CF_VIEW_NAME>VOUCHERS_INVOICE_LOV_CFV</CF_VIEW_NAME>
        <USED_DB>FALSE</USED_DB>
        <ROWKEY>7C870C6DBBC74D518D54AD6DB5ABB309</ROWKEY>
      </CUSTOM_FIELD_VIEW_ROW>
      <CUSTOM_FIELD_VIEW_ROW>
        <VIEW_NAME>VOUCHER_ROW_QRY</VIEW_NAME>
        <CF_VIEW_NAME>VOUCHER_ROW_QRY_CFV</CF_VIEW_NAME>
        <USED_DB>TRUE</USED_DB>
        <ROWKEY>D62101B77C134EB1915F1AFC47A01361</ROWKEY>
      </CUSTOM_FIELD_VIEW_ROW>
      <CUSTOM_FIELD_VIEW_ROW>
        <VIEW_NAME>VOUCHER_ROW_QRY_FINREP</VIEW_NAME>
        <CF_VIEW_NAME>VOUCHER_ROW_QRY_FINREP_CFV</CF_VIEW_NAME>
        <USED_DB>FALSE</USED_DB>
        <ROWKEY>1E2EC1350D524EC88C009F380659FAE9</ROWKEY>
      </CUSTOM_FIELD_VIEW_ROW>
      <CUSTOM_FIELD_VIEW_ROW>
        <VIEW_NAME>VOUCHER_ROW_QRY_PID_FINREP</VIEW_NAME>
        <CF_VIEW_NAME>VOUCHER_ROW_QRY_PID_FINREP_CFV</CF_VIEW_NAME>
        <USED_DB>FALSE</USED_DB>
        <ROWKEY>364820D9EE4246B4BE56D6125491047C</ROWKEY>
      </CUSTOM_FIELD_VIEW_ROW>
    </CUSTOM_FIELD_VIEW>
  </CUSTOM_FIELD_VIEWS>
</CUSTOM_OBJECT>
