<?xml version="1.0"?>
<CUSTOM_OBJECT>
  <NAME>Invoice Id</NAME>
  <TYPE>CF_READ_ONLY</TYPE>
  <DESCRIPTION>C550 - Isuru Gunatileka: This fiels shows a concatenation of the fields Series ID and Invoice No.</DESCRIPTION>
  <CUSTOM_FIELD EXPORT_DEF_VERSION="1">
    <LU>ScSrvContractInvpln</LU>
    <TABLE_NAME>SC_SRV_CONTRACT_INVPLN_CFT</TABLE_NAME>
    <VIEW_NAME>SC_SRV_CONTRACT_INVPLN_CFV</VIEW_NAME>
    <PACKAGE_NAME>SC_SRV_CONTRACT_INVPLN_CFP</PACKAGE_NAME>
    <DEFINITION_MODIFIED_DATE>2020-12-11-16.41.32</DEFINITION_MODIFIED_DATE>
    <EXPORT_DATE>2021-07-30-05.20.27</EXPORT_DATE>
    <USED_DB>TRUE</USED_DB>
    <ROWKEY>832C6BB1B86242CFB9CF579A6EA28927</ROWKEY>
    <CUSTOM_FIELD_ATTRIBUTE>
      <CUSTOM_FIELD_ATTRIBUTE_ROW>
        <ATTRIBUTE_NAME>INVOICE_ID</ATTRIBUTE_NAME>
        <DATA_TYPE_DB>STRING</DATA_TYPE_DB>
        <FORMAT_DB>UPPERCASE</FORMAT_DB>
        <DATA_LENGTH>4000</DATA_LENGTH>
        <DEFAULT_VALUE_TYPE_DB>NO_DEFAULT_VALUE</DEFAULT_VALUE_TYPE_DB>
        <DEFAULT_VALUE/>
        <MANDATORY_DB>FALSE</MANDATORY_DB>
        <INSERTABLE_DB>FALSE</INSERTABLE_DB>
        <UPDATEABLE_DB>FALSE</UPDATEABLE_DB>
        <QUERYABLE_DB>TRUE</QUERYABLE_DB>
        <PRIVATE_DB>FALSE</PRIVATE_DB>
        <LOV_DB>FALSE</LOV_DB>
        <INDEXED_DB>FALSE</INDEXED_DB>
        <PROMPT>Invoice Id</PROMPT>
        <DEFINITION_MODIFIED_DATE>2021-06-18-12.12.59</DEFINITION_MODIFIED_DATE>
        <CUSTOM_FIELD_TYPE_DB>READ_ONLY_FIELD</CUSTOM_FIELD_TYPE_DB>
        <CUSTOM_FIELD_IMPL_TYPE_DB>SELECT_STATEMENT</CUSTOM_FIELD_IMPL_TYPE_DB>
        <EXPRESSION>Sc_Srv_Contract_Invpln_Cfp.Get_Cf$_Invoice_Id(v.DATE_FROM, v.DATE_TO, v.CONTRACT_ID)</EXPRESSION>
        <METADATA>SELECT LISTAGG(t2.series_id||ts.InvoiceNo, &apos;, &apos;) WITHIN GROUP (ORDER BY t2.series_id||ts.InvoiceNo) FROM CUST_ORDER_INV_HEAD_UIV_ALL t2, (SELECT DISTINCT Invoice_API.Get_Invoice_No(t1.company, t1.invoice_id) AS InvoiceNo FROM PSC_CONTR_PRODUCT_INVLINE t1 WHERE t1.period_from_date = :DATE_FROM AND t1.period_to_date = :DATE_TO AND t1.contract_id = :CONTRACT_ID) ts WHERE t2.invoice_no = ts.InvoiceNo</METADATA>
        <LU_REFERENCE/>
        <UI_OBJECT_DB>DEFAULT</UI_OBJECT_DB>
        <USED_DB>TRUE</USED_DB>
        <READ_ONLY_EXPRESSION_DB>FALSE</READ_ONLY_EXPRESSION_DB>
        <NOTE>C550 - Isuru Gunatileka: This fiels shows a concatenation of the fields Series ID and Invoice No.</NOTE>
        <ENABLED_ON_REPORTS_DB>TRUE</ENABLED_ON_REPORTS_DB>
        <CONSTRAINT_TYPE_DB>RESTRICTED</CONSTRAINT_TYPE_DB>
        <LOV_VIEW/>
        <ALTERNATE_KEY_DB>FALSE</ALTERNATE_KEY_DB>
        <ROWKEY>822AEFCE94D540A5939A706A7AB07C96</ROWKEY>
      </CUSTOM_FIELD_ATTRIBUTE_ROW>
    </CUSTOM_FIELD_ATTRIBUTE>
    <TRANSLATIONS>
  </TRANSLATIONS>
    <CUSTOM_FIELD_VIEW>
  </CUSTOM_FIELD_VIEW>
  </CUSTOM_FIELD>
</CUSTOM_OBJECT>
