<?xml version="1.0"?>
<CUSTOM_OBJECT>
  <NAME>Partial Statement of Account Quick Report</NAME>
  <TYPE>QUICK_REPORT</TYPE>
  <DESCRIPTION>Quick report for partial statement of account.</DESCRIPTION>
  <QUICK_REPORT EXPORT_DEF_VERSION="1">
    <QUICK_REPORT_ID>641456</QUICK_REPORT_ID>
    <DESCRIPTION>Partial Statement of Account Quick Report</DESCRIPTION>
    <SQL_EXPRESSION>SELECT v1.* 
FROM &amp;AO.LEDGER_ITEM_CU_DET_QRY v1, &amp;AO.LEDGER_ITEM_QR_CLV v2 
WHERE v1.objid = v2.CF$_LEDGER_ITEM_OBJID
AND v2.CF$_CUSTOMER_ID = &apos;&amp;CUSTOMER_ID&apos;
AND v2.CF$_QUICK_REPORT_USER = &apos;&amp;QUICK_REPORT_USER&apos;</SQL_EXPRESSION>
    <COMMENTS>Quick report for partial statement of account.</COMMENTS>
    <CATEGORY_ID>23</CATEGORY_ID>
    <CATEGORY_DESCRIPTION>Internal Ledger</CATEGORY_DESCRIPTION>
    <FILE_NAME/>
    <QR_TYPE>SQL</QR_TYPE>
    <PO_ID>repQUICK_REPORT641456</PO_ID>
    <QUERY/>
    <ROW_TYPE/>
    <OBJKEY>7EC9B4E4E3584B8F9D45501D51EC2FA5</OBJKEY>
    <OBJVERSION>20210618113327</OBJVERSION>
    <DEFINITION_MODIFIED_DATE>2021-05-14-14.17.27</DEFINITION_MODIFIED_DATE>
  </QUICK_REPORT>
</CUSTOM_OBJECT>
