<?xml version="1.0"?>
<CUSTOM_OBJECT>
  <NAME>Views -Supplier Info General</NAME>
  <TYPE>CF_VIEWS</TYPE>
  <DESCRIPTION>Custom Field Views of Logical Unit Supplier Info General</DESCRIPTION>
  <CUSTOM_FIELD_VIEWS EXPORT_DEF_VERSION="1">
    <LU>SupplierInfoGeneral</LU>
    <TABLE_NAME>SUPPLIER_INFO_GENERAL_CFT</TABLE_NAME>
    <VIEW_NAME>SUPPLIER_INFO_GENERAL_CFV</VIEW_NAME>
    <PACKAGE_NAME>SUPPLIER_INFO_GENERAL_CFP</PACKAGE_NAME>
    <DEFINITION_MODIFIED_DATE>2020-12-16-10.11.57</DEFINITION_MODIFIED_DATE>
    <EXPORT_DATE>2021-07-23-07.18.45</EXPORT_DATE>
    <USED_DB>TRUE</USED_DB>
    <ROWKEY>CFA3CA5CBE4140DCBC2C1FA3E56ED471</ROWKEY>
    <CUSTOM_FIELD_VIEW>
      <CUSTOM_FIELD_VIEW_ROW>
        <VIEW_NAME>SUPPLIER_INFO_GENERAL_PUB</VIEW_NAME>
        <CF_VIEW_NAME>SUPPLIER_INFO_GENERAL_PUB_CFV</CF_VIEW_NAME>
        <USED_DB>FALSE</USED_DB>
        <ROWKEY>FB3355841A80465B8107D89B1749BA55</ROWKEY>
      </CUSTOM_FIELD_VIEW_ROW>
      <CUSTOM_FIELD_VIEW_ROW>
        <VIEW_NAME>SUPPLIER_PURCH_SRM_INFO</VIEW_NAME>
        <CF_VIEW_NAME>SUPPLIER_PURCH_SRM_INFO_CFV</CF_VIEW_NAME>
        <USED_DB>FALSE</USED_DB>
        <ROWKEY>3DA073962CFF41329842FFAE1E3391BF</ROWKEY>
      </CUSTOM_FIELD_VIEW_ROW>
    </CUSTOM_FIELD_VIEW>
  </CUSTOM_FIELD_VIEWS>
</CUSTOM_OBJECT>
