<?xml version="1.0"?>
<CUSTOM_OBJECT>
  <NAME>Bulk Update User</NAME>
  <TYPE>CF_READ_ONLY</TYPE>
  <DESCRIPTION>C0343- Prageeth Gangabada</DESCRIPTION>
  <CUSTOM_FIELD EXPORT_DEF_VERSION="1">
    <LU>InvoiceHeaderNotes</LU>
    <TABLE_NAME>INVOICE_HEADER_NOTES_CFT</TABLE_NAME>
    <VIEW_NAME>INVOICE_HEADER_NOTES_CFV</VIEW_NAME>
    <PACKAGE_NAME>INVOICE_HEADER_NOTES_CFP</PACKAGE_NAME>
    <DEFINITION_MODIFIED_DATE>2021-02-09-02.36.09</DEFINITION_MODIFIED_DATE>
    <EXPORT_DATE>2021-07-23-04.35.58</EXPORT_DATE>
    <USED_DB>TRUE</USED_DB>
    <ROWKEY>19E0B3FAC98544EFADF96704879AE8A3</ROWKEY>
    <CUSTOM_FIELD_ATTRIBUTE>
      <CUSTOM_FIELD_ATTRIBUTE_ROW>
        <ATTRIBUTE_NAME>BULK_UPDATE_USER</ATTRIBUTE_NAME>
        <DATA_TYPE_DB>STRING</DATA_TYPE_DB>
        <FORMAT_DB>UNFORMATTED</FORMAT_DB>
        <DATA_LENGTH>100</DATA_LENGTH>
        <DEFAULT_VALUE_TYPE_DB>NO_DEFAULT_VALUE</DEFAULT_VALUE_TYPE_DB>
        <DEFAULT_VALUE/>
        <MANDATORY_DB>FALSE</MANDATORY_DB>
        <INSERTABLE_DB>FALSE</INSERTABLE_DB>
        <UPDATEABLE_DB>FALSE</UPDATEABLE_DB>
        <QUERYABLE_DB>TRUE</QUERYABLE_DB>
        <PRIVATE_DB>FALSE</PRIVATE_DB>
        <LOV_DB>FALSE</LOV_DB>
        <INDEXED_DB>FALSE</INDEXED_DB>
        <PROMPT>Bulk Update User</PROMPT>
        <DEFINITION_MODIFIED_DATE>2021-03-31-13.31.36</DEFINITION_MODIFIED_DATE>
        <CUSTOM_FIELD_TYPE_DB>READ_ONLY_FIELD</CUSTOM_FIELD_TYPE_DB>
        <CUSTOM_FIELD_IMPL_TYPE_DB>SELECT_STATEMENT</CUSTOM_FIELD_IMPL_TYPE_DB>
        <EXPRESSION>Invoice_Header_Notes_Cfp.Get_Cf$_Bulk_Update_User(v.objkey)</EXPRESSION>
        <METADATA>SELECT cf$_bulk_update_user FROM invoice_header_notes_ext_clv WHERE cf$_header_note_objkey = :objkey</METADATA>
        <LU_REFERENCE/>
        <UI_OBJECT_DB>DEFAULT</UI_OBJECT_DB>
        <USED_DB>TRUE</USED_DB>
        <READ_ONLY_EXPRESSION_DB>FALSE</READ_ONLY_EXPRESSION_DB>
        <NOTE>C0343- Prageeth Gangabada</NOTE>
        <ENABLED_ON_REPORTS_DB>TRUE</ENABLED_ON_REPORTS_DB>
        <CONSTRAINT_TYPE_DB>RESTRICTED</CONSTRAINT_TYPE_DB>
        <LOV_VIEW/>
        <ALTERNATE_KEY_DB>FALSE</ALTERNATE_KEY_DB>
        <ROWKEY>8C99FE4686C4404F8CD55AECAD459BB4</ROWKEY>
      </CUSTOM_FIELD_ATTRIBUTE_ROW>
    </CUSTOM_FIELD_ATTRIBUTE>
    <TRANSLATIONS>
  </TRANSLATIONS>
    <CUSTOM_FIELD_VIEW>
      <CUSTOM_FIELD_VIEW_ROW>
        <VIEW_NAME>INVOICE_HEADER_NOTES_QRY</VIEW_NAME>
        <CF_VIEW_NAME>INVOICE_HEADER_NOTES_QRY_CFV</CF_VIEW_NAME>
        <USED_DB>FALSE</USED_DB>
        <ROWKEY>F382DB9088A743848918C5FC051169D0</ROWKEY>
      </CUSTOM_FIELD_VIEW_ROW>
    </CUSTOM_FIELD_VIEW>
  </CUSTOM_FIELD>
</CUSTOM_OBJECT>
