<?xml version="1.0"?>
<CUSTOM_OBJECT>
  <NAME>Allow Manual Follow Up Date</NAME>
  <TYPE>CF_PERSISTENT</TYPE>
  <DESCRIPTION>C0343 - Prageeth Gangabada</DESCRIPTION>
  <CUSTOM_FIELD EXPORT_DEF_VERSION="1">
    <LU>CreditNoteStatus</LU>
    <TABLE_NAME>CREDIT_NOTE_STATUS_CFT</TABLE_NAME>
    <VIEW_NAME>CREDIT_NOTE_STATUS_CFV</VIEW_NAME>
    <PACKAGE_NAME>CREDIT_NOTE_STATUS_CFP</PACKAGE_NAME>
    <DEFINITION_MODIFIED_DATE>2021-02-09-04.52.17</DEFINITION_MODIFIED_DATE>
    <EXPORT_DATE>2021-07-23-04.35.57</EXPORT_DATE>
    <USED_DB>TRUE</USED_DB>
    <ROWKEY>CB2C3EF8D7244B5D9268FDAEF1BD89F3</ROWKEY>
    <CUSTOM_FIELD_ATTRIBUTE>
      <CUSTOM_FIELD_ATTRIBUTE_ROW>
        <ATTRIBUTE_NAME>ALLOW_MANUAL_FOLLOW_UP</ATTRIBUTE_NAME>
        <DATA_TYPE_DB>ENUMERATION</DATA_TYPE_DB>
        <FORMAT_DB>UNFORMATTED</FORMAT_DB>
        <DATA_LENGTH>20</DATA_LENGTH>
        <DEFAULT_VALUE_TYPE_DB>ENUMERATION_VALUE</DEFAULT_VALUE_TYPE_DB>
        <DEFAULT_VALUE>FALSE</DEFAULT_VALUE>
        <MANDATORY_DB>FALSE</MANDATORY_DB>
        <INSERTABLE_DB>TRUE</INSERTABLE_DB>
        <UPDATEABLE_DB>TRUE</UPDATEABLE_DB>
        <QUERYABLE_DB>TRUE</QUERYABLE_DB>
        <PRIVATE_DB>TRUE</PRIVATE_DB>
        <LOV_DB>FALSE</LOV_DB>
        <INDEXED_DB>FALSE</INDEXED_DB>
        <PROMPT>Allow Manual Follow Up Date</PROMPT>
        <DEFINITION_MODIFIED_DATE>2021-02-09-04.54.38</DEFINITION_MODIFIED_DATE>
        <CUSTOM_FIELD_TYPE_DB>PERSISTENT_FIELD</CUSTOM_FIELD_TYPE_DB>
        <CUSTOM_FIELD_IMPL_TYPE_DB>NOT_APPLICABLE</CUSTOM_FIELD_IMPL_TYPE_DB>
        <EXPRESSION/>
        <METADATA/>
        <LU_REFERENCE>FndBoolean</LU_REFERENCE>
        <UI_OBJECT_DB>CHECKBOX_REVERSED</UI_OBJECT_DB>
        <USED_DB>TRUE</USED_DB>
        <READ_ONLY_EXPRESSION_DB>FALSE</READ_ONLY_EXPRESSION_DB>
        <NOTE>C0343 - Prageeth Gangabada</NOTE>
        <ENABLED_ON_REPORTS_DB>TRUE</ENABLED_ON_REPORTS_DB>
        <CONSTRAINT_TYPE_DB>RESTRICTED</CONSTRAINT_TYPE_DB>
        <LOV_VIEW/>
        <ALTERNATE_KEY_DB>FALSE</ALTERNATE_KEY_DB>
        <ROWKEY>35CA2BA5D05F4EC3AF24BB6CB6A5AE41</ROWKEY>
      </CUSTOM_FIELD_ATTRIBUTE_ROW>
    </CUSTOM_FIELD_ATTRIBUTE>
    <TRANSLATIONS>
  </TRANSLATIONS>
    <CUSTOM_FIELD_VIEW>
  </CUSTOM_FIELD_VIEW>
  </CUSTOM_FIELD>
</CUSTOM_OBJECT>
