<?xml version="1.0"?>
<CUSTOM_OBJECT>
  <NAME>Override Default Invoice/State</NAME>
  <TYPE>CF_PERSISTENT</TYPE>
  <DESCRIPTION>EA CRIM 0562</DESCRIPTION>
  <CUSTOM_FIELD EXPORT_DEF_VERSION="1">
    <LU>IdentityPayInfo</LU>
    <TABLE_NAME>IDENTITY_PAY_INFO_CFT</TABLE_NAME>
    <VIEW_NAME>IDENTITY_PAY_INFO_CFV</VIEW_NAME>
    <PACKAGE_NAME>IDENTITY_PAY_INFO_CFP</PACKAGE_NAME>
    <DEFINITION_MODIFIED_DATE>2020-12-21-14.49.20</DEFINITION_MODIFIED_DATE>
    <EXPORT_DATE>2021-08-13-04.16.37</EXPORT_DATE>
    <USED_DB>TRUE</USED_DB>
    <ROWKEY>404F054D15444178B61D4D6A6B78A5DE</ROWKEY>
    <CUSTOM_FIELD_ATTRIBUTE>
      <CUSTOM_FIELD_ATTRIBUTE_ROW>
        <ATTRIBUTE_NAME>OVERRIDE_INVOICE</ATTRIBUTE_NAME>
        <DATA_TYPE_DB>REFERENCE</DATA_TYPE_DB>
        <FORMAT_DB>UNFORMATTED</FORMAT_DB>
        <DATA_LENGTH>100</DATA_LENGTH>
        <DEFAULT_VALUE_TYPE_DB>NO_DEFAULT_VALUE</DEFAULT_VALUE_TYPE_DB>
        <DEFAULT_VALUE/>
        <MANDATORY_DB>FALSE</MANDATORY_DB>
        <INSERTABLE_DB>TRUE</INSERTABLE_DB>
        <UPDATEABLE_DB>TRUE</UPDATEABLE_DB>
        <QUERYABLE_DB>TRUE</QUERYABLE_DB>
        <PRIVATE_DB>FALSE</PRIVATE_DB>
        <LOV_DB>TRUE</LOV_DB>
        <INDEXED_DB>FALSE</INDEXED_DB>
        <PROMPT>Override Default Invoice/State</PROMPT>
        <DEFINITION_MODIFIED_DATE>2021-03-22-01.47.50</DEFINITION_MODIFIED_DATE>
        <CUSTOM_FIELD_TYPE_DB>PERSISTENT_FIELD</CUSTOM_FIELD_TYPE_DB>
        <CUSTOM_FIELD_IMPL_TYPE_DB>NOT_APPLICABLE</CUSTOM_FIELD_IMPL_TYPE_DB>
        <EXPRESSION>Identity_Pay_Info_Cfp.Ref_Cf$_Override_Invoice(t.cf$_Override_Invoice)</EXPRESSION>
        <METADATA>SHORT_NAME</METADATA>
        <LU_REFERENCE>CashAccount</LU_REFERENCE>
        <UI_OBJECT_DB>DEFAULT</UI_OBJECT_DB>
        <USED_DB>TRUE</USED_DB>
        <READ_ONLY_EXPRESSION_DB>FALSE</READ_ONLY_EXPRESSION_DB>
        <NOTE>EA CRIM 0562</NOTE>
        <ENABLED_ON_REPORTS_DB>TRUE</ENABLED_ON_REPORTS_DB>
        <CONSTRAINT_TYPE_DB>RESTRICTED</CONSTRAINT_TYPE_DB>
        <LOV_VIEW>CASH_ACCOUNT</LOV_VIEW>
        <ALTERNATE_KEY_DB>FALSE</ALTERNATE_KEY_DB>
        <ROWKEY>37D3F167AA4942E79F15279594CB455B</ROWKEY>
      </CUSTOM_FIELD_ATTRIBUTE_ROW>
    </CUSTOM_FIELD_ATTRIBUTE>
    <TRANSLATIONS>
  </TRANSLATIONS>
    <CUSTOM_FIELD_VIEW>
      <CUSTOM_FIELD_VIEW_ROW>
        <VIEW_NAME>BASIC_CUSTOMER_INFO_AV</VIEW_NAME>
        <CF_VIEW_NAME>BASIC_CUSTOMER_INFO_AV_CFV</CF_VIEW_NAME>
        <USED_DB>FALSE</USED_DB>
        <ROWKEY>5A04FA24B6DF4CDBA9B6B350F7C0C5DD</ROWKEY>
      </CUSTOM_FIELD_VIEW_ROW>
      <CUSTOM_FIELD_VIEW_ROW>
        <VIEW_NAME>BASIC_SUPPLIER_INFO_AV</VIEW_NAME>
        <CF_VIEW_NAME>BASIC_SUPPLIER_INFO_AV_CFV</CF_VIEW_NAME>
        <USED_DB>FALSE</USED_DB>
        <ROWKEY>276BE00452EA4558ADD495EC34605672</ROWKEY>
      </CUSTOM_FIELD_VIEW_ROW>
      <CUSTOM_FIELD_VIEW_ROW>
        <VIEW_NAME>IDENTITY_PAY_INFO_ALL</VIEW_NAME>
        <CF_VIEW_NAME>IDENTITY_PAY_INFO_ALL_CFV</CF_VIEW_NAME>
        <USED_DB>FALSE</USED_DB>
        <ROWKEY>029BBFA663DE4CD3AC01C569302ACC83</ROWKEY>
      </CUSTOM_FIELD_VIEW_ROW>
      <CUSTOM_FIELD_VIEW_ROW>
        <VIEW_NAME>IDENTITY_PAY_INFO_CUST</VIEW_NAME>
        <CF_VIEW_NAME>IDENTITY_PAY_INFO_CUST_CFV</CF_VIEW_NAME>
        <USED_DB>FALSE</USED_DB>
        <ROWKEY>0EF2EEE8264A47D3980EDC17EFA23F94</ROWKEY>
      </CUSTOM_FIELD_VIEW_ROW>
      <CUSTOM_FIELD_VIEW_ROW>
        <VIEW_NAME>IDENTITY_PAY_INFO_CUST_NETTING</VIEW_NAME>
        <CF_VIEW_NAME>IDENTITY_PAY_INFO_43278788_CFV</CF_VIEW_NAME>
        <USED_DB>FALSE</USED_DB>
        <ROWKEY>D6A14DF610554CF58E6F897BBB1B1D32</ROWKEY>
      </CUSTOM_FIELD_VIEW_ROW>
      <CUSTOM_FIELD_VIEW_ROW>
        <VIEW_NAME>IDENTITY_PAY_INFO_CU_QRY</VIEW_NAME>
        <CF_VIEW_NAME>IDENTITY_PAY_INFO_CU_QRY_CFV</CF_VIEW_NAME>
        <USED_DB>FALSE</USED_DB>
        <ROWKEY>D1643287CCF44D7B888F4F9A34744BE6</ROWKEY>
      </CUSTOM_FIELD_VIEW_ROW>
      <CUSTOM_FIELD_VIEW_ROW>
        <VIEW_NAME>IDENTITY_PAY_INFO_LOV</VIEW_NAME>
        <CF_VIEW_NAME>IDENTITY_PAY_INFO_LOV_CFV</CF_VIEW_NAME>
        <USED_DB>FALSE</USED_DB>
        <ROWKEY>BFED772A896F40009C2C282F60B99AD2</ROWKEY>
      </CUSTOM_FIELD_VIEW_ROW>
      <CUSTOM_FIELD_VIEW_ROW>
        <VIEW_NAME>IDENTITY_PAY_INFO_SUPP</VIEW_NAME>
        <CF_VIEW_NAME>IDENTITY_PAY_INFO_SUPP_CFV</CF_VIEW_NAME>
        <USED_DB>FALSE</USED_DB>
        <ROWKEY>D366F6CEA8A4478094DE89AF9FE04737</ROWKEY>
      </CUSTOM_FIELD_VIEW_ROW>
      <CUSTOM_FIELD_VIEW_ROW>
        <VIEW_NAME>IDENTITY_PAY_INFO_SU_QRY</VIEW_NAME>
        <CF_VIEW_NAME>IDENTITY_PAY_INFO_SU_QRY_CFV</CF_VIEW_NAME>
        <USED_DB>FALSE</USED_DB>
        <ROWKEY>FC9437C1CE2F45C7A46960B020AEDFAA</ROWKEY>
      </CUSTOM_FIELD_VIEW_ROW>
      <CUSTOM_FIELD_VIEW_ROW>
        <VIEW_NAME>MULTI_CUS_DETAILS_QRY</VIEW_NAME>
        <CF_VIEW_NAME>MULTI_CUS_DETAILS_QRY_CFV</CF_VIEW_NAME>
        <USED_DB>FALSE</USED_DB>
        <ROWKEY>F7AA89484544480F9FCE8EFADF878905</ROWKEY>
      </CUSTOM_FIELD_VIEW_ROW>
      <CUSTOM_FIELD_VIEW_ROW>
        <VIEW_NAME>MULTI_SUP_ADDRESS_QRY</VIEW_NAME>
        <CF_VIEW_NAME>MULTI_SUP_ADDRESS_QRY_CFV</CF_VIEW_NAME>
        <USED_DB>FALSE</USED_DB>
        <ROWKEY>BC4310409B864DE5983A1E80CDA32EBB</ROWKEY>
      </CUSTOM_FIELD_VIEW_ROW>
      <CUSTOM_FIELD_VIEW_ROW>
        <VIEW_NAME>MULTI_SUP_DETAILS_QRY</VIEW_NAME>
        <CF_VIEW_NAME>MULTI_SUP_DETAILS_QRY_CFV</CF_VIEW_NAME>
        <USED_DB>FALSE</USED_DB>
        <ROWKEY>9EB3D91141B345C8A96800475B61ED78</ROWKEY>
      </CUSTOM_FIELD_VIEW_ROW>
      <CUSTOM_FIELD_VIEW_ROW>
        <VIEW_NAME>OPEN_AMOUNT_INFO_SUPP_LOBBY</VIEW_NAME>
        <CF_VIEW_NAME>OPEN_AMOUNT_INFO1972159080_CFV</CF_VIEW_NAME>
        <USED_DB>FALSE</USED_DB>
        <ROWKEY>DDE4C78241A04FD3AD6FDB71707C94A1</ROWKEY>
      </CUSTOM_FIELD_VIEW_ROW>
      <CUSTOM_FIELD_VIEW_ROW>
        <VIEW_NAME>PAYER_INFO_QRY</VIEW_NAME>
        <CF_VIEW_NAME>PAYER_INFO_QRY_CFV</CF_VIEW_NAME>
        <USED_DB>FALSE</USED_DB>
        <ROWKEY>547467BB97224FFDAC3160388CC9A18A</ROWKEY>
      </CUSTOM_FIELD_VIEW_ROW>
      <CUSTOM_FIELD_VIEW_ROW>
        <VIEW_NAME>PAYER_PAY_INFO_CUST</VIEW_NAME>
        <CF_VIEW_NAME>PAYER_PAY_INFO_CUST_CFV</CF_VIEW_NAME>
        <USED_DB>FALSE</USED_DB>
        <ROWKEY>77AA8B9FAA8845CE9E552F327937C843</ROWKEY>
      </CUSTOM_FIELD_VIEW_ROW>
    </CUSTOM_FIELD_VIEW>
  </CUSTOM_FIELD>
</CUSTOM_OBJECT>
