<?xml version="1.0"?>
<CUSTOM_OBJECT>
  <NAME>Financial Project</NAME>
  <TYPE>CUSTOM_MENU</TYPE>
  <DESCRIPTION>EA - C0528</DESCRIPTION>
  <CUSTOM_MENU EXPORT_DEF_VERSION="1">
    <MENU_ID>197278</MENU_ID>
    <DESCRIPTION>EA - C0528</DESCRIPTION>
    <WINDOW>frmSalesContract_Ext</WINDOW>
    <PROCESS>NONE</PROCESS>
    <ORDERING>7</ORDERING>
    <PARAMETER>frmTabProjAcc</PARAMETER>
    <CUSTOM_MENU_TYPE_DB>2</CUSTOM_MENU_TYPE_DB>
    <BUNDLE_EXECUTION_DB>FALSE</BUNDLE_EXECUTION_DB>
    <PO_ID>frmTabProjAcc</PO_ID>
    <ENABLED_WHEN/>
    <REFRESH_UI>FALSE</REFRESH_UI>
    <EXPORT_DATE>2021-05-27-05.27.50</EXPORT_DATE>
    <DEFINITION_MODIFIED_DATE>2021-04-01-07.11.32</DEFINITION_MODIFIED_DATE>
    <OBJVERSION>20210413032434</OBJVERSION>
    <OBJKEY>B7469FB6CBD649C6BD667185C069CAB2</OBJKEY>
    <TEXTS>
      <TEXTS_ROW>
        <LANGUAGE_CODE>en</LANGUAGE_CODE>
        <TITLE>Financial Project</TITLE>
        <OBJKEY>182278D8E1F0409EB8CC2712E2D7BA9E</OBJKEY>
      </TEXTS_ROW>
      <TEXTS_ROW>
        <LANGUAGE_CODE>gb</LANGUAGE_CODE>
        <TITLE>Financial Project</TITLE>
        <OBJKEY>81CAD283624B4AC18A6CA27465DA0E6B</OBJKEY>
      </TEXTS_ROW>
    </TEXTS>
    <KEY_TRANSLATIONS>
      <KEY_TRANSLATIONS_ROW>
        <ID>1</ID>
        <SOURCE_KEY_NAME>COMPANY</SOURCE_KEY_NAME>
        <DEST_KEY_NAME>COMPANY</DEST_KEY_NAME>
        <OBJKEY>231B5B563DD74D1CBDB85D227E462BBB</OBJKEY>
      </KEY_TRANSLATIONS_ROW>
      <KEY_TRANSLATIONS_ROW>
        <ID>2</ID>
        <SOURCE_KEY_NAME>CONTRACT_NO</SOURCE_KEY_NAME>
        <DEST_KEY_NAME>PROJECT_ID</DEST_KEY_NAME>
        <OBJKEY>CF9A55B487C44B31847DF2F7FFF07EB5</OBJKEY>
      </KEY_TRANSLATIONS_ROW>
    </KEY_TRANSLATIONS>
    <EXPANDABLE_PARAMETERS>
  </EXPANDABLE_PARAMETERS>
  </CUSTOM_MENU>
</CUSTOM_OBJECT>
