<?xml version="1.0"?>
<CUSTOM_OBJECT>
  <NAME>Override Default Invoice/State</NAME>
  <TYPE>CF_PERSISTENT</TYPE>
  <DESCRIPTION>EA CRIM 0562</DESCRIPTION>
  <CUSTOM_FIELD EXPORT_DEF_VERSION="1">
    <LU>IdentityPayInfo</LU>
    <TABLE_NAME>IDENTITY_PAY_INFO_CFT</TABLE_NAME>
    <VIEW_NAME>IDENTITY_PAY_INFO_CFV</VIEW_NAME>
    <PACKAGE_NAME>IDENTITY_PAY_INFO_CFP</PACKAGE_NAME>
    <DEFINITION_MODIFIED_DATE>2020-12-21-14.49.20</DEFINITION_MODIFIED_DATE>
    <EXPORT_DATE>2021-05-27-05.27.51</EXPORT_DATE>
    <USED_DB>TRUE</USED_DB>
    <ROWKEY>977CBBD49FBC479EB2A6987C8EDC1F20</ROWKEY>
    <CUSTOM_FIELD_ATTRIBUTE>
      <CUSTOM_FIELD_ATTRIBUTE_ROW>
        <ATTRIBUTE_NAME>OVERRIDE_INVOICE</ATTRIBUTE_NAME>
        <DATA_TYPE_DB>REFERENCE</DATA_TYPE_DB>
        <FORMAT_DB>UNFORMATTED</FORMAT_DB>
        <DATA_LENGTH>100</DATA_LENGTH>
        <DEFAULT_VALUE_TYPE_DB>NO_DEFAULT_VALUE</DEFAULT_VALUE_TYPE_DB>
        <DEFAULT_VALUE/>
        <MANDATORY_DB>FALSE</MANDATORY_DB>
        <INSERTABLE_DB>TRUE</INSERTABLE_DB>
        <UPDATEABLE_DB>TRUE</UPDATEABLE_DB>
        <QUERYABLE_DB>TRUE</QUERYABLE_DB>
        <PRIVATE_DB>FALSE</PRIVATE_DB>
        <LOV_DB>TRUE</LOV_DB>
        <INDEXED_DB>FALSE</INDEXED_DB>
        <PROMPT>Override Default Invoice/State</PROMPT>
        <DEFINITION_MODIFIED_DATE>2021-03-22-01.47.50</DEFINITION_MODIFIED_DATE>
        <CUSTOM_FIELD_TYPE_DB>PERSISTENT_FIELD</CUSTOM_FIELD_TYPE_DB>
        <CUSTOM_FIELD_IMPL_TYPE_DB>NOT_APPLICABLE</CUSTOM_FIELD_IMPL_TYPE_DB>
        <EXPRESSION>Identity_Pay_Info_Cfp.Ref_Cf$_Override_Invoice(t.cf$_Override_Invoice)</EXPRESSION>
        <METADATA>SHORT_NAME</METADATA>
        <LU_REFERENCE>CashAccount</LU_REFERENCE>
        <UI_OBJECT_DB>DEFAULT</UI_OBJECT_DB>
        <USED_DB>TRUE</USED_DB>
        <READ_ONLY_EXPRESSION_DB>FALSE</READ_ONLY_EXPRESSION_DB>
        <NOTE>EA CRIM 0562</NOTE>
        <ENABLED_ON_REPORTS_DB>TRUE</ENABLED_ON_REPORTS_DB>
        <CONSTRAINT_TYPE_DB>RESTRICTED</CONSTRAINT_TYPE_DB>
        <LOV_VIEW>CASH_ACCOUNT</LOV_VIEW>
        <ALTERNATE_KEY_DB>FALSE</ALTERNATE_KEY_DB>
        <ROWKEY>37D3F167AA4942E79F15279594CB455B</ROWKEY>
      </CUSTOM_FIELD_ATTRIBUTE_ROW>
    </CUSTOM_FIELD_ATTRIBUTE>
    <TRANSLATIONS>
  </TRANSLATIONS>
    <CUSTOM_FIELD_VIEW>
      <CUSTOM_FIELD_VIEW_ROW>
        <VIEW_NAME>BASIC_CUSTOMER_INFO_AV</VIEW_NAME>
        <CF_VIEW_NAME>BASIC_CUSTOMER_INFO_AV_CFV</CF_VIEW_NAME>
        <USED_DB>FALSE</USED_DB>
        <ROWKEY>73ECC7FD0CF24A55A3B271F89425788A</ROWKEY>
      </CUSTOM_FIELD_VIEW_ROW>
      <CUSTOM_FIELD_VIEW_ROW>
        <VIEW_NAME>BASIC_SUPPLIER_INFO_AV</VIEW_NAME>
        <CF_VIEW_NAME>BASIC_SUPPLIER_INFO_AV_CFV</CF_VIEW_NAME>
        <USED_DB>FALSE</USED_DB>
        <ROWKEY>C6A7E8A2D2054DFA91D8DB4774F28326</ROWKEY>
      </CUSTOM_FIELD_VIEW_ROW>
      <CUSTOM_FIELD_VIEW_ROW>
        <VIEW_NAME>IDENTITY_PAY_INFO_ALL</VIEW_NAME>
        <CF_VIEW_NAME>IDENTITY_PAY_INFO_ALL_CFV</CF_VIEW_NAME>
        <USED_DB>FALSE</USED_DB>
        <ROWKEY>49D1A7B2CEAC4D9D9FF9AC4119A56D0A</ROWKEY>
      </CUSTOM_FIELD_VIEW_ROW>
      <CUSTOM_FIELD_VIEW_ROW>
        <VIEW_NAME>IDENTITY_PAY_INFO_CUST</VIEW_NAME>
        <CF_VIEW_NAME>IDENTITY_PAY_INFO_CUST_CFV</CF_VIEW_NAME>
        <USED_DB>FALSE</USED_DB>
        <ROWKEY>D568F37818B94BB6808F5A267656BD27</ROWKEY>
      </CUSTOM_FIELD_VIEW_ROW>
      <CUSTOM_FIELD_VIEW_ROW>
        <VIEW_NAME>IDENTITY_PAY_INFO_CUST_NETTING</VIEW_NAME>
        <CF_VIEW_NAME>IDENTITY_PAY_INFO_43278788_CFV</CF_VIEW_NAME>
        <USED_DB>FALSE</USED_DB>
        <ROWKEY>8D72E35A675C464980EEC34347B9467F</ROWKEY>
      </CUSTOM_FIELD_VIEW_ROW>
      <CUSTOM_FIELD_VIEW_ROW>
        <VIEW_NAME>IDENTITY_PAY_INFO_CU_QRY</VIEW_NAME>
        <CF_VIEW_NAME>IDENTITY_PAY_INFO_CU_QRY_CFV</CF_VIEW_NAME>
        <USED_DB>FALSE</USED_DB>
        <ROWKEY>90EED6187B1641C3B7DC42A2952E266B</ROWKEY>
      </CUSTOM_FIELD_VIEW_ROW>
      <CUSTOM_FIELD_VIEW_ROW>
        <VIEW_NAME>IDENTITY_PAY_INFO_LOV</VIEW_NAME>
        <CF_VIEW_NAME>IDENTITY_PAY_INFO_LOV_CFV</CF_VIEW_NAME>
        <USED_DB>FALSE</USED_DB>
        <ROWKEY>1907069276214465BCF12C6A0A715C29</ROWKEY>
      </CUSTOM_FIELD_VIEW_ROW>
      <CUSTOM_FIELD_VIEW_ROW>
        <VIEW_NAME>IDENTITY_PAY_INFO_SUPP</VIEW_NAME>
        <CF_VIEW_NAME>IDENTITY_PAY_INFO_SUPP_CFV</CF_VIEW_NAME>
        <USED_DB>FALSE</USED_DB>
        <ROWKEY>2ACF8BB0D64D43CC9B8D4E70A0ACF4A6</ROWKEY>
      </CUSTOM_FIELD_VIEW_ROW>
      <CUSTOM_FIELD_VIEW_ROW>
        <VIEW_NAME>IDENTITY_PAY_INFO_SU_QRY</VIEW_NAME>
        <CF_VIEW_NAME>IDENTITY_PAY_INFO_SU_QRY_CFV</CF_VIEW_NAME>
        <USED_DB>FALSE</USED_DB>
        <ROWKEY>CB97A9599B8B4E24B5526F2D44B2BF7E</ROWKEY>
      </CUSTOM_FIELD_VIEW_ROW>
      <CUSTOM_FIELD_VIEW_ROW>
        <VIEW_NAME>MULTI_CUS_DETAILS_QRY</VIEW_NAME>
        <CF_VIEW_NAME>MULTI_CUS_DETAILS_QRY_CFV</CF_VIEW_NAME>
        <USED_DB>FALSE</USED_DB>
        <ROWKEY>DA452537E87C43069E4DCAE8AE0DADF2</ROWKEY>
      </CUSTOM_FIELD_VIEW_ROW>
      <CUSTOM_FIELD_VIEW_ROW>
        <VIEW_NAME>MULTI_SUP_ADDRESS_QRY</VIEW_NAME>
        <CF_VIEW_NAME>MULTI_SUP_ADDRESS_QRY_CFV</CF_VIEW_NAME>
        <USED_DB>FALSE</USED_DB>
        <ROWKEY>BC6BE253D1074D45BEFC904352019998</ROWKEY>
      </CUSTOM_FIELD_VIEW_ROW>
      <CUSTOM_FIELD_VIEW_ROW>
        <VIEW_NAME>MULTI_SUP_DETAILS_QRY</VIEW_NAME>
        <CF_VIEW_NAME>MULTI_SUP_DETAILS_QRY_CFV</CF_VIEW_NAME>
        <USED_DB>FALSE</USED_DB>
        <ROWKEY>A5B2F27F858D4AD290B0EF0F9B185B52</ROWKEY>
      </CUSTOM_FIELD_VIEW_ROW>
      <CUSTOM_FIELD_VIEW_ROW>
        <VIEW_NAME>OPEN_AMOUNT_INFO_SUPP_LOBBY</VIEW_NAME>
        <CF_VIEW_NAME>OPEN_AMOUNT_INFO1972159080_CFV</CF_VIEW_NAME>
        <USED_DB>FALSE</USED_DB>
        <ROWKEY>A5BB65384BD14E488CA3DBA088420069</ROWKEY>
      </CUSTOM_FIELD_VIEW_ROW>
      <CUSTOM_FIELD_VIEW_ROW>
        <VIEW_NAME>PAYER_INFO_QRY</VIEW_NAME>
        <CF_VIEW_NAME>PAYER_INFO_QRY_CFV</CF_VIEW_NAME>
        <USED_DB>FALSE</USED_DB>
        <ROWKEY>9DD69A21962F4AFC8A9DF8B9EACE4BD0</ROWKEY>
      </CUSTOM_FIELD_VIEW_ROW>
      <CUSTOM_FIELD_VIEW_ROW>
        <VIEW_NAME>PAYER_PAY_INFO_CUST</VIEW_NAME>
        <CF_VIEW_NAME>PAYER_PAY_INFO_CUST_CFV</CF_VIEW_NAME>
        <USED_DB>FALSE</USED_DB>
        <ROWKEY>8653E23596B04AB8A01BC0697B55C87C</ROWKEY>
      </CUSTOM_FIELD_VIEW_ROW>
    </CUSTOM_FIELD_VIEW>
  </CUSTOM_FIELD>
</CUSTOM_OBJECT>
