<?xml version="1.0"?>
<CUSTOM_OBJECT>
  <NAME>Read Only</NAME>
  <TYPE>COND_FIELD_ACTION</TYPE>
  <DESCRIPTION>Property - Read Only</DESCRIPTION>
  <CONDITIONAL_FIELD_ACTION EXPORT_DEF_VERSION="1">
    <TYPE>COND_FIELD_ACTION</TYPE>
    <ACTION_ID>534049fc446d4737b85886f4f9d4294a</ACTION_ID>
    <VIEW_NAME>INVOICE_HEADER_NOTES</VIEW_NAME>
    <COLUMN_NAME>CF$_QUERY_ID</COLUMN_NAME>
    <LU_NAME>InvoiceHeaderNotes</LU_NAME>
    <NAME>Read Only</NAME>
    <ACTION_TYPE_DB>PROPERTY</ACTION_TYPE_DB>
    <ACTION_PROPERTY_DB>READ_ONLY</ACTION_PROPERTY_DB>
    <ACTION_INDEX>5</ACTION_INDEX>
    <ACTION_ENABLED_DB>TRUE</ACTION_ENABLED_DB>
    <ACTION_CRITERIA>&lt;?xml version=&quot;1.0&quot; encoding=&quot;utf-16&quot;?&gt;
&lt;ActionCriteria xmlns:xsi=&quot;http://www.w3.org/2001/XMLSchema-instance&quot; xmlns:xsd=&quot;http://www.w3.org/2001/XMLSchema&quot;&gt;
  &lt;QueryCriterion Op=&quot;&amp;lt;&amp;gt;&quot; IsParameter=&quot;false&quot; ValueType=&quot;Value&quot; Value=&quot;19&quot;&gt;
    &lt;Column View=&quot;INVOICE_HEADER_NOTES&quot; Name=&quot;NOTE_STATUS_ID&quot; Type=&quot;STRING(20)/UPPERCASE&quot; /&gt;
  &lt;/QueryCriterion&gt;
&lt;/ActionCriteria&gt;</ACTION_CRITERIA>
    <ACTION_VALUE>TRUE</ACTION_VALUE>
    <DEFINITION_MODIFIED_DATE>2021-07-23-10.29.52</DEFINITION_MODIFIED_DATE>
    <EXPORT_DATE>2021-07-29-06.09.18</EXPORT_DATE>
    <ROWKEY>E1721334ED7E46B6A1CEEE14E43133C9</ROWKEY>
  </CONDITIONAL_FIELD_ACTION>
</CUSTOM_OBJECT>
