<?xml version="1.0"?>
<CUSTOM_OBJECT>
  <NAME>Views -Purchase Part Group</NAME>
  <TYPE>CF_VIEWS</TYPE>
  <DESCRIPTION>Custom Field Views of Logical Unit Purchase Part Group</DESCRIPTION>
  <CUSTOM_FIELD_VIEWS EXPORT_DEF_VERSION="1">
    <LU>PurchasePartGroup</LU>
    <TABLE_NAME>PURCHASE_PART_GROUP_CFT</TABLE_NAME>
    <VIEW_NAME>PURCHASE_PART_GROUP_CFV</VIEW_NAME>
    <PACKAGE_NAME>PURCHASE_PART_GROUP_CFP</PACKAGE_NAME>
    <DEFINITION_MODIFIED_DATE>2021-07-05-05.08.06</DEFINITION_MODIFIED_DATE>
    <EXPORT_DATE>2021-08-13-12.55.00</EXPORT_DATE>
    <USED_DB>TRUE</USED_DB>
    <ROWKEY>99F0DFA10881428AA8AD9CACC2EE86FE</ROWKEY>
    <CUSTOM_FIELD_VIEW>
  </CUSTOM_FIELD_VIEW>
  </CUSTOM_FIELD_VIEWS>
</CUSTOM_OBJECT>
