<?xml version="1.0"?>
<CUSTOM_OBJECT>
  <NAME>Views -Revenue Recognition Proj</NAME>
  <TYPE>CF_VIEWS</TYPE>
  <DESCRIPTION>Custom Field Views of Logical Unit Revenue Recognition Proj</DESCRIPTION>
  <CUSTOM_FIELD_VIEWS EXPORT_DEF_VERSION="1">
    <LU>RevenueRecognitionProj</LU>
    <TABLE_NAME>REVENUE_RECOGNITION_PROJ_CFT</TABLE_NAME>
    <VIEW_NAME>REVENUE_RECOGNITION_PROJ_CFV</VIEW_NAME>
    <PACKAGE_NAME>REVENUE_RECOGNITION_PROJ_CFP</PACKAGE_NAME>
    <DEFINITION_MODIFIED_DATE>2021-03-09-04.56.10</DEFINITION_MODIFIED_DATE>
    <EXPORT_DATE>2021-05-27-05.27.52</EXPORT_DATE>
    <USED_DB>TRUE</USED_DB>
    <ROWKEY>596A2D75E1614392910156F8DF18F251</ROWKEY>
    <CUSTOM_FIELD_VIEW>
      <CUSTOM_FIELD_VIEW_ROW>
        <VIEW_NAME>REVENUE_RECOGNITION_PROJ1</VIEW_NAME>
        <CF_VIEW_NAME>REVENUE_RECOGNITION_PROJ1_CFV</CF_VIEW_NAME>
        <USED_DB>FALSE</USED_DB>
        <ROWKEY>85627BCD5BC04529B96EB6B7DB1B4D94</ROWKEY>
      </CUSTOM_FIELD_VIEW_ROW>
      <CUSTOM_FIELD_VIEW_ROW>
        <VIEW_NAME>REVENUE_RECOG_PROJECT_LOG</VIEW_NAME>
        <CF_VIEW_NAME>REVENUE_RECOG_PROJECT_LOG_CFV</CF_VIEW_NAME>
        <USED_DB>FALSE</USED_DB>
        <ROWKEY>9C0C3AD6CF9A46DD944C47D2D87A039A</ROWKEY>
      </CUSTOM_FIELD_VIEW_ROW>
    </CUSTOM_FIELD_VIEW>
  </CUSTOM_FIELD_VIEWS>
</CUSTOM_OBJECT>
