<?xml version="1.0"?>
<CUSTOM_OBJECT>
  <NAME>1^INVOICE_HEADER_NOTE_DATE^InvoiceHeaderNotes</NAME>
  <TYPE>CUSTOM_EVENT_ACTION</TYPE>
  <DESCRIPTION>Updates the &quot;Follow Up Date&quot; based on the selected Note Status. This action posts a background job to update the record.</DESCRIPTION>
  <CUSTOM_EVENT_ACTION EXPORT_DEF_VERSION="2">
    <EVENT_LU_NAME>InvoiceHeaderNotes</EVENT_LU_NAME>
    <EVENT_ID>INVOICE_HEADER_NOTE_DATE</EVENT_ID>
    <ACTION_NUMBER>1</ACTION_NUMBER>
    <ACTION_ENABLE>TRUE</ACTION_ENABLE>
    <ACTION_PARAMETERS>!FNDSER.EVENT_ACTION_PARAM
$SQL=DECLARE
-  attr_       VARCHAR2(32000);
-  sql_msg_    VARCHAR2(32000);
-  stmt_       VARCHAR2(32000);
-  job_id_     NUMBER;
-  note_status_id_ VARCHAR2(10);
-  query_reason_note_status_id_ CONSTANT VARCHAR2(10) := &apos;6&apos;;
-BEGIN
-   note_status_id_ := &amp;NEW:NOTE_STATUS_ID;
-   stmt_ := &apos;
-      DECLARE  
-         calender_id_ VARCHAR2(20);
-         company_     VARCHAR2(20);
-         invoice_id_  VARCHAR2(20);
-         note_id_     NUMBER;
-         note_status_id_ NUMBER(20);
-      BEGIN
-         calender_id_ := &apos;&apos;WEEK40H&apos;&apos;;
-         company_ := &apos;&apos;&amp;NEW:COMPANY&apos;&apos;;
-         invoice_id_ := &apos;&apos;&amp;NEW:INVOICE_ID&apos;&apos;;
-         note_id_ := &amp;NEW:NOTE_ID;
-         note_status_id_ := &amp;NEW:NOTE_STATUS_ID;
- 
-         C_EA_Customization_Util_API.Update_Follow_Up_Date__(calender_id_,company_,invoice_id_,note_id_,note_status_id_);
-         Transaction_SYS.Log_Progress_Info(&apos;&apos;Company: &apos;&apos;|| &apos;&apos;&amp;NEW:COMPANY&apos;&apos; || &apos;&apos; Identity: &apos;&apos;||&apos;&apos;&amp;NEW:IDENTITY&apos;&apos; || &apos;&apos; Invoice ID: &apos;&apos;||&apos;&apos;&amp;NEW:INVOICE_ID&apos;&apos; || &apos;&apos; Note ID: &apos;&apos; || &amp;NEW:NOTE_ID);
-      END;&apos;;
-   IF (Database_SYS.View_Exist(&apos;CREDIT_NOTE_STATUS_CFV&apos;) AND Database_SYS.View_Exist(&apos;QUERY_REASON_CLV&apos;) AND note_status_id_ &lt;&gt; query_reason_note_status_id_) THEN
-     sql_msg_ := Message_SYS.Construct(&apos;UPD&apos;);
-     Message_SYS.Add_Attribute(sql_msg_, &apos;SQL&apos;, stmt_);
-
-     Client_SYS.Clear_Attr(attr_);
-     Client_SYS.Add_To_Attr(&apos;SQL_DATA_&apos;, sql_msg_, attr_);
-     Client_SYS.Add_To_Attr(&apos;MSG_&apos;, &apos;&apos;, attr_);
-
-     Transaction_SYS.Deferred_Call(job_id_,
-                                   &apos;Fnd_Event_Action_API.Action_Executeonlinesql&apos;,
-                                   &apos;PARAMETER&apos;,
-                                   attr_,
-                                   &apos;Update follow up date of invoice header note-C0392&apos;);   
-   END IF;
-END; 
$ATTACH=!ATTACHMENTS
</ACTION_PARAMETERS>
    <FND_EVENT_ACTION_TYPE_DB>EXECUTEONLINESQL</FND_EVENT_ACTION_TYPE_DB>
    <CONDITION_TYPE>!EVENT_ACTION_COND_TYPE
$NEW:COMPANY=
$NEW:IDENTITY=
$NEW:INVOICE_ID=
$NEW:NOTE_ID=
$NEW:NOTE_STATUS_ID=
$NEW:ROWKEY=
</CONDITION_TYPE>
    <CONDITION_VALUE>!EVENT_ACTION_COND_VALUE
$NEW:COMPANY=
$NEW:IDENTITY=
$NEW:INVOICE_ID=
$NEW:NOTE_ID=
$NEW:NOTE_STATUS_ID=
$NEW:ROWKEY=
</CONDITION_VALUE>
    <DESCRIPTION>Updates the &quot;Follow Up Date&quot; based on the selected Note Status. This action posts a background job to update the record.</DESCRIPTION>
    <SUBSCRIBABLE>FALSE</SUBSCRIBABLE>
    <SYSTEM_DEFINED>FALSE</SYSTEM_DEFINED>
    <ROLE/>
    <DEFINITION_MODIFIED_DATE>2021-02-25-09.47.38</DEFINITION_MODIFIED_DATE>
    <OBJKEY>6AFDCD42E96642D59B4E479974A87F62</OBJKEY>
  </CUSTOM_EVENT_ACTION>
</CUSTOM_OBJECT>
