<?xml version="1.0"?>
<CUSTOM_OBJECT>
  <NAME>EAYorN</NAME>
  <TYPE>CUSTOM_ENUMERATION</TYPE>
  <DESCRIPTION>EA</DESCRIPTION>
  <CUSTOM_ENUMERATION EXPORT_DEF_VERSION="1">
    <TYPE>CUSTOM_ENUMERATION</TYPE>
    <LU>EAYorN</LU>
    <MODULE>CONFIG</MODULE>
    <PROMPT>EAYorN</PROMPT>
    <PACKAGE_NAME>E_A_YOR_N_CFP</PACKAGE_NAME>
    <DEFINITION_MODIFIED_DATE>2021-04-16-06.36.20</DEFINITION_MODIFIED_DATE>
    <EXPORT_DATE>2021-07-12-06.53.53</EXPORT_DATE>
    <NOTE>EA</NOTE>
    <USED_DB>TRUE</USED_DB>
    <ROWKEY>A8FBB684D92C49F781ADE5AB0B2B320E</ROWKEY>
    <ENUM_VALUES>
      <ENUM_VALUES_ROW>
        <DB_VALUE>N</DB_VALUE>
        <CLIENT_VALUE>N</CLIENT_VALUE>
        <SEQ_NO>2</SEQ_NO>
        <USED_DB>TRUE</USED_DB>
        <ROWKEY>3AA055988991481C8FD4F1B7AB1DF424</ROWKEY>
      </ENUM_VALUES_ROW>
      <ENUM_VALUES_ROW>
        <DB_VALUE>Y</DB_VALUE>
        <CLIENT_VALUE>Y</CLIENT_VALUE>
        <SEQ_NO>1</SEQ_NO>
        <USED_DB>TRUE</USED_DB>
        <ROWKEY>9CA8ED3D197E44A690E45E780605E139</ROWKEY>
      </ENUM_VALUES_ROW>
    </ENUM_VALUES>
    <TRANSLATIONS>
      <TRANSLATIONS_ROW LANG_CODE="gb">
        <NAME>N</NAME>
        <LAST_UPDATE>2021-06-18-13.22.30</LAST_UPDATE>
        <PROG_TEXT>N</PROG_TEXT>
        <TEXT>N</TEXT>
      </TRANSLATIONS_ROW>
      <TRANSLATIONS_ROW LANG_CODE="gb">
        <NAME>Y</NAME>
        <LAST_UPDATE>2021-06-18-13.22.30</LAST_UPDATE>
        <PROG_TEXT>Y</PROG_TEXT>
        <TEXT>Y</TEXT>
      </TRANSLATIONS_ROW>
    </TRANSLATIONS>
  </CUSTOM_ENUMERATION>
</CUSTOM_OBJECT>
