<?xml version="1.0"?>
<CUSTOM_OBJECT>
  <NAME>Period Allocation</NAME>
  <TYPE>CF_READ_ONLY</TYPE>
  <DESCRIPTION>EA - CRIM 580</DESCRIPTION>
  <CUSTOM_FIELD EXPORT_DEF_VERSION="1">
    <LU>GenLedVoucherRow</LU>
    <TABLE_NAME>GEN_LED_VOUCHER_ROW_CFT</TABLE_NAME>
    <VIEW_NAME>GEN_LED_VOUCHER_ROW_CFV</VIEW_NAME>
    <PACKAGE_NAME>GEN_LED_VOUCHER_ROW_CFP</PACKAGE_NAME>
    <DEFINITION_MODIFIED_DATE>2021-04-19-13.14.10</DEFINITION_MODIFIED_DATE>
    <EXPORT_DATE>2021-05-27-05.27.51</EXPORT_DATE>
    <USED_DB>TRUE</USED_DB>
    <ROWKEY>298F3BB57FC04E5F9DAF27EC412D9532</ROWKEY>
    <CUSTOM_FIELD_ATTRIBUTE>
      <CUSTOM_FIELD_ATTRIBUTE_ROW>
        <ATTRIBUTE_NAME>PERIOD_ALLOCATION</ATTRIBUTE_NAME>
        <DATA_TYPE_DB>ENUMERATION</DATA_TYPE_DB>
        <FORMAT_DB>UNFORMATTED</FORMAT_DB>
        <DATA_LENGTH>20</DATA_LENGTH>
        <DEFAULT_VALUE_TYPE_DB>ENUMERATION_VALUE</DEFAULT_VALUE_TYPE_DB>
        <DEFAULT_VALUE>Y</DEFAULT_VALUE>
        <MANDATORY_DB>FALSE</MANDATORY_DB>
        <INSERTABLE_DB>FALSE</INSERTABLE_DB>
        <UPDATEABLE_DB>FALSE</UPDATEABLE_DB>
        <QUERYABLE_DB>TRUE</QUERYABLE_DB>
        <PRIVATE_DB>FALSE</PRIVATE_DB>
        <LOV_DB>FALSE</LOV_DB>
        <INDEXED_DB>FALSE</INDEXED_DB>
        <PROMPT>Period Allocation</PROMPT>
        <DEFINITION_MODIFIED_DATE>2021-04-19-12.57.46</DEFINITION_MODIFIED_DATE>
        <CUSTOM_FIELD_TYPE_DB>READ_ONLY_FIELD</CUSTOM_FIELD_TYPE_DB>
        <CUSTOM_FIELD_IMPL_TYPE_DB>SELECT_STATEMENT</CUSTOM_FIELD_IMPL_TYPE_DB>
        <EXPRESSION>Gen_Led_Voucher_Row_Cfp.Get_Cf$_Period_Allocation(v.voucher_type, v.voucher_no, v.company, v.row_no)</EXPRESSION>
        <METADATA>Select CF$_period_allocation From E_A_PERIOD_ALLOCATION_CLV where CF$_VOUCHER_TYPE = :voucher_type and CF$_VOUCHER_NO = :voucher_no and CF$_COMPANY = :company and CF$_ROW_NO = :row_no</METADATA>
        <LU_REFERENCE>EAYorN</LU_REFERENCE>
        <UI_OBJECT_DB>CHECKBOX</UI_OBJECT_DB>
        <USED_DB>TRUE</USED_DB>
        <READ_ONLY_EXPRESSION_DB>FALSE</READ_ONLY_EXPRESSION_DB>
        <NOTE>EA - CRIM 580</NOTE>
        <ENABLED_ON_REPORTS_DB>TRUE</ENABLED_ON_REPORTS_DB>
        <CONSTRAINT_TYPE_DB>RESTRICTED</CONSTRAINT_TYPE_DB>
        <LOV_VIEW/>
        <ALTERNATE_KEY_DB>FALSE</ALTERNATE_KEY_DB>
        <ROWKEY>F1E107A59BA54EA79082E08BF8F219EF</ROWKEY>
      </CUSTOM_FIELD_ATTRIBUTE_ROW>
    </CUSTOM_FIELD_ATTRIBUTE>
    <TRANSLATIONS>
      <TRANSLATIONS_ROW LANG_CODE="gb">
        <NAME>CF$_PERIOD_ALLOCATION</NAME>
        <LAST_UPDATE>2021-05-27-05.23.25</LAST_UPDATE>
        <PROG_TEXT>Period Allocation</PROG_TEXT>
        <TEXT>Period Allocation</TEXT>
      </TRANSLATIONS_ROW>
    </TRANSLATIONS>
    <CUSTOM_FIELD_VIEW>
      <CUSTOM_FIELD_VIEW_ROW>
        <VIEW_NAME>ACCOUNT_MATCHING_QUERY</VIEW_NAME>
        <CF_VIEW_NAME>ACCOUNT_MATCHING_QUERY_CFV</CF_VIEW_NAME>
        <USED_DB>FALSE</USED_DB>
        <ROWKEY>1B3CB7E5DFD149328C2D8EE480E14EA8</ROWKEY>
      </CUSTOM_FIELD_VIEW_ROW>
      <CUSTOM_FIELD_VIEW_ROW>
        <VIEW_NAME>GEN_LED_AVGTRANS_NAVG_REP</VIEW_NAME>
        <CF_VIEW_NAME>GEN_LED_AVGTRANS_NAVG_REP_CFV</CF_VIEW_NAME>
        <USED_DB>FALSE</USED_DB>
        <ROWKEY>AC646B70F1AE4F91B79BBD0AC90C3C78</ROWKEY>
      </CUSTOM_FIELD_VIEW_ROW>
      <CUSTOM_FIELD_VIEW_ROW>
        <VIEW_NAME>GEN_LED_VOUCHER_ROW2</VIEW_NAME>
        <CF_VIEW_NAME>GEN_LED_VOUCHER_ROW2_CFV</CF_VIEW_NAME>
        <USED_DB>FALSE</USED_DB>
        <ROWKEY>9A3D63E6A1BC431885915BEA3F1DE1C6</ROWKEY>
      </CUSTOM_FIELD_VIEW_ROW>
      <CUSTOM_FIELD_VIEW_ROW>
        <VIEW_NAME>GEN_LED_VOUCHER_ROW_ACC_MATCH</VIEW_NAME>
        <CF_VIEW_NAME>GEN_LED_VOUCHER_2499394839_CFV</CF_VIEW_NAME>
        <USED_DB>FALSE</USED_DB>
        <ROWKEY>A947DB50168243B1A11E48861F94CAB1</ROWKEY>
      </CUSTOM_FIELD_VIEW_ROW>
      <CUSTOM_FIELD_VIEW_ROW>
        <VIEW_NAME>GEN_LED_VOUCHER_ROW_AV</VIEW_NAME>
        <CF_VIEW_NAME>GEN_LED_VOUCHER_ROW_AV_CFV</CF_VIEW_NAME>
        <USED_DB>FALSE</USED_DB>
        <ROWKEY>D74D7CF5AB934A14AE196BFAB4B17639</ROWKEY>
      </CUSTOM_FIELD_VIEW_ROW>
      <CUSTOM_FIELD_VIEW_ROW>
        <VIEW_NAME>GEN_LED_VOUCHER_ROW_FINREP</VIEW_NAME>
        <CF_VIEW_NAME>GEN_LED_VOUCHER_ROW_FINREP_CFV</CF_VIEW_NAME>
        <USED_DB>FALSE</USED_DB>
        <ROWKEY>131359DDF91B4031936B00A1466C12C2</ROWKEY>
      </CUSTOM_FIELD_VIEW_ROW>
      <CUSTOM_FIELD_VIEW_ROW>
        <VIEW_NAME>GEN_LED_VOUCHER_ROW_MC_QRY</VIEW_NAME>
        <CF_VIEW_NAME>GEN_LED_VOUCHER_ROW_MC_QRY_CFV</CF_VIEW_NAME>
        <USED_DB>FALSE</USED_DB>
        <ROWKEY>2A5BDC4A901C42E5893A08931B90834B</ROWKEY>
      </CUSTOM_FIELD_VIEW_ROW>
      <CUSTOM_FIELD_VIEW_ROW>
        <VIEW_NAME>GEN_LED_VOUCHER_ROW_MC_QUERY</VIEW_NAME>
        <CF_VIEW_NAME>GEN_LED_VOUCHER_4196946375_CFV</CF_VIEW_NAME>
        <USED_DB>FALSE</USED_DB>
        <ROWKEY>B9A586EDD3EE4381A1B026FD38780BB9</ROWKEY>
      </CUSTOM_FIELD_VIEW_ROW>
      <CUSTOM_FIELD_VIEW_ROW>
        <VIEW_NAME>GEN_LED_VOUCHER_ROW_PID_FINREP</VIEW_NAME>
        <CF_VIEW_NAME>GEN_LED_VOUCHER_1036235679_CFV</CF_VIEW_NAME>
        <USED_DB>FALSE</USED_DB>
        <ROWKEY>B7D8A053BEED4218BBAFEA7A1AA75CC7</ROWKEY>
      </CUSTOM_FIELD_VIEW_ROW>
      <CUSTOM_FIELD_VIEW_ROW>
        <VIEW_NAME>GEN_LED_VOUCHER_ROW_UNION_QRY</VIEW_NAME>
        <CF_VIEW_NAME>GEN_LED_VOUCHER_4204506834_CFV</CF_VIEW_NAME>
        <USED_DB>TRUE</USED_DB>
        <ROWKEY>A45D0DAA2CDE4C3E9E9430C181D05257</ROWKEY>
      </CUSTOM_FIELD_VIEW_ROW>
      <CUSTOM_FIELD_VIEW_ROW>
        <VIEW_NAME>GL_AND_HOLD_VOU_ROW</VIEW_NAME>
        <CF_VIEW_NAME>GL_AND_HOLD_VOU_ROW_CFV</CF_VIEW_NAME>
        <USED_DB>FALSE</USED_DB>
        <ROWKEY>621754597F59453A8C97C8C87D2F413E</ROWKEY>
      </CUSTOM_FIELD_VIEW_ROW>
      <CUSTOM_FIELD_VIEW_ROW>
        <VIEW_NAME>GL_AND_HOLD_VOU_ROW_FINREP</VIEW_NAME>
        <CF_VIEW_NAME>GL_AND_HOLD_VOU_ROW_FINREP_CFV</CF_VIEW_NAME>
        <USED_DB>FALSE</USED_DB>
        <ROWKEY>5CC9560C1F744DC88E91F6A78180280F</ROWKEY>
      </CUSTOM_FIELD_VIEW_ROW>
      <CUSTOM_FIELD_VIEW_ROW>
        <VIEW_NAME>GL_AND_HOLD_VOU_ROW_PID_FINREP</VIEW_NAME>
        <CF_VIEW_NAME>GL_AND_HOLD_VOU_1982017521_CFV</CF_VIEW_NAME>
        <USED_DB>FALSE</USED_DB>
        <ROWKEY>6728BAABF9874E658BCAF5641CA1464D</ROWKEY>
      </CUSTOM_FIELD_VIEW_ROW>
      <CUSTOM_FIELD_VIEW_ROW>
        <VIEW_NAME>GL_AND_HOLD_VOU_ROW_QRY</VIEW_NAME>
        <CF_VIEW_NAME>GL_AND_HOLD_VOU_ROW_QRY_CFV</CF_VIEW_NAME>
        <USED_DB>FALSE</USED_DB>
        <ROWKEY>97F53A6671D842418D4C29FA8A9EFD2A</ROWKEY>
      </CUSTOM_FIELD_VIEW_ROW>
      <CUSTOM_FIELD_VIEW_ROW>
        <VIEW_NAME>GL_TAX_RECON_ACC_REP</VIEW_NAME>
        <CF_VIEW_NAME>GL_TAX_RECON_ACC_REP_CFV</CF_VIEW_NAME>
        <USED_DB>FALSE</USED_DB>
        <ROWKEY>AFF0F9C348B942D9AAC6B82F2FD1AA31</ROWKEY>
      </CUSTOM_FIELD_VIEW_ROW>
      <CUSTOM_FIELD_VIEW_ROW>
        <VIEW_NAME>UNMATCHED_TRANS_REP</VIEW_NAME>
        <CF_VIEW_NAME>UNMATCHED_TRANS_REP_CFV</CF_VIEW_NAME>
        <USED_DB>FALSE</USED_DB>
        <ROWKEY>E9B220E2A0B14781B14DB8C0EA9D90F2</ROWKEY>
      </CUSTOM_FIELD_VIEW_ROW>
    </CUSTOM_FIELD_VIEW>
  </CUSTOM_FIELD>
</CUSTOM_OBJECT>
