<?xml version="1.0"?>
<CUSTOM_OBJECT>
  <NAME>Cis Supplier</NAME>
  <TYPE>CF_READ_ONLY</TYPE>
  <DESCRIPTION>EA - C0606</DESCRIPTION>
  <CUSTOM_FIELD EXPORT_DEF_VERSION="1">
    <LU>SupplierInfoGeneral</LU>
    <TABLE_NAME>SUPPLIER_INFO_GENERAL_CFT</TABLE_NAME>
    <VIEW_NAME>SUPPLIER_INFO_GENERAL_CFV</VIEW_NAME>
    <PACKAGE_NAME>SUPPLIER_INFO_GENERAL_CFP</PACKAGE_NAME>
    <DEFINITION_MODIFIED_DATE>2020-12-16-10.11.57</DEFINITION_MODIFIED_DATE>
    <EXPORT_DATE>2021-07-23-07.18.45</EXPORT_DATE>
    <USED_DB>TRUE</USED_DB>
    <ROWKEY>CFA3CA5CBE4140DCBC2C1FA3E56ED471</ROWKEY>
    <CUSTOM_FIELD_ATTRIBUTE>
      <CUSTOM_FIELD_ATTRIBUTE_ROW>
        <ATTRIBUTE_NAME>CIS_SUPPLIER</ATTRIBUTE_NAME>
        <DATA_TYPE_DB>ENUMERATION</DATA_TYPE_DB>
        <FORMAT_DB>UNFORMATTED</FORMAT_DB>
        <DATA_LENGTH>50</DATA_LENGTH>
        <DEFAULT_VALUE_TYPE_DB>ENUMERATION_VALUE</DEFAULT_VALUE_TYPE_DB>
        <DEFAULT_VALUE>FALSE</DEFAULT_VALUE>
        <MANDATORY_DB>FALSE</MANDATORY_DB>
        <INSERTABLE_DB>FALSE</INSERTABLE_DB>
        <UPDATEABLE_DB>FALSE</UPDATEABLE_DB>
        <QUERYABLE_DB>TRUE</QUERYABLE_DB>
        <PRIVATE_DB>FALSE</PRIVATE_DB>
        <LOV_DB>FALSE</LOV_DB>
        <INDEXED_DB>FALSE</INDEXED_DB>
        <PROMPT>Cis Supplier</PROMPT>
        <DEFINITION_MODIFIED_DATE>2021-07-23-04.28.24</DEFINITION_MODIFIED_DATE>
        <CUSTOM_FIELD_TYPE_DB>READ_ONLY_FIELD</CUSTOM_FIELD_TYPE_DB>
        <CUSTOM_FIELD_IMPL_TYPE_DB>SELECT_STATEMENT</CUSTOM_FIELD_IMPL_TYPE_DB>
        <EXPRESSION>Supplier_Info_General_Cfp.Get_Cf$_Cis_Supplier(v.supplier_id)</EXPRESSION>
        <METADATA>SELECT UPPER( CF$_CIS_SUPPLIER) FROM identity_invoice_info_cfv WHERE identity = :supplier_id AND party_type_db = &apos;SUPPLIER&apos;</METADATA>
        <LU_REFERENCE>FndBoolean</LU_REFERENCE>
        <UI_OBJECT_DB>CHECKBOX_REVERSED</UI_OBJECT_DB>
        <USED_DB>TRUE</USED_DB>
        <READ_ONLY_EXPRESSION_DB>FALSE</READ_ONLY_EXPRESSION_DB>
        <NOTE>EA - C0606</NOTE>
        <ENABLED_ON_REPORTS_DB>TRUE</ENABLED_ON_REPORTS_DB>
        <CONSTRAINT_TYPE_DB>RESTRICTED</CONSTRAINT_TYPE_DB>
        <LOV_VIEW/>
        <ALTERNATE_KEY_DB>FALSE</ALTERNATE_KEY_DB>
        <ROWKEY>F3FF4D7000A5458D801A400C657E9468</ROWKEY>
      </CUSTOM_FIELD_ATTRIBUTE_ROW>
    </CUSTOM_FIELD_ATTRIBUTE>
    <TRANSLATIONS>
  </TRANSLATIONS>
    <CUSTOM_FIELD_VIEW>
      <CUSTOM_FIELD_VIEW_ROW>
        <VIEW_NAME>SUPPLIER_INFO_GENERAL_PUB</VIEW_NAME>
        <CF_VIEW_NAME>SUPPLIER_INFO_GENERAL_PUB_CFV</CF_VIEW_NAME>
        <USED_DB>FALSE</USED_DB>
        <ROWKEY>FB3355841A80465B8107D89B1749BA55</ROWKEY>
      </CUSTOM_FIELD_VIEW_ROW>
      <CUSTOM_FIELD_VIEW_ROW>
        <VIEW_NAME>SUPPLIER_PURCH_SRM_INFO</VIEW_NAME>
        <CF_VIEW_NAME>SUPPLIER_PURCH_SRM_INFO_CFV</CF_VIEW_NAME>
        <USED_DB>FALSE</USED_DB>
        <ROWKEY>3DA073962CFF41329842FFAE1E3391BF</ROWKEY>
      </CUSTOM_FIELD_VIEW_ROW>
    </CUSTOM_FIELD_VIEW>
  </CUSTOM_FIELD>
</CUSTOM_OBJECT>
