<?xml version="1.0"?>
<CUSTOM_OBJECT>
  <NAME>COMPANY_IDENTITY</NAME>
  <TYPE>CUSTOM_EVENT</TYPE>
  <DESCRIPTION>EA - CRIM 562</DESCRIPTION>
  <CUSTOM_EVENT EXPORT_DEF_VERSION="1">
    <EVENT_LU_NAME>CompanyDefInvoiceType</EVENT_LU_NAME>
    <EVENT_ID>COMPANY_IDENTITY</EVENT_ID>
    <EVENT_DESCRIPTION>EA - CRIM 562</EVENT_DESCRIPTION>
    <EVENT_ENABLE>TRUE</EVENT_ENABLE>
    <EVENT_TABLE_NAME>COMPANY_DEF_INVOICE_TYPE_CFT</EVENT_TABLE_NAME>
    <MODIFIED_ATTRIBUTES>CF$_DEFAULT_INVOICE</MODIFIED_ATTRIBUTES>
    <EVENT_TYPE_DB>CUSTOM</EVENT_TYPE_DB>
    <NEW_ROW_DB>TRUE</NEW_ROW_DB>
    <MODIFY_ROW_DB>TRUE</MODIFY_ROW_DB>
    <REMOVE_ROW_DB>FALSE</REMOVE_ROW_DB>
    <EVENT_TRIGGER_TYPE_DB>AFTER</EVENT_TRIGGER_TYPE_DB>
    <DEFINITION_MODIFIED_DATE>2021-05-10-11.08.11</DEFINITION_MODIFIED_DATE>
    <OBJKEY>6A9AEBAAF2CC4D4386A8509AB3E953CF</OBJKEY>
    <EVENT_PARAMETERS>
      <EVENT_PARAMETERS_ROW>
        <ID>CF$_DEFAULT_INVOICE</ID>
        <ID_TYPE>STRING</ID_TYPE>
        <PLSQL_METHOD/>
        <CURRENT_VALUE_DB>FALSE</CURRENT_VALUE_DB>
        <NEW_VALUE_DB>TRUE</NEW_VALUE_DB>
      </EVENT_PARAMETERS_ROW>
      <EVENT_PARAMETERS_ROW>
        <ID>ROWKEY</ID>
        <ID_TYPE>STRING</ID_TYPE>
        <PLSQL_METHOD/>
        <CURRENT_VALUE_DB>FALSE</CURRENT_VALUE_DB>
        <NEW_VALUE_DB>TRUE</NEW_VALUE_DB>
      </EVENT_PARAMETERS_ROW>
    </EVENT_PARAMETERS>
  </CUSTOM_EVENT>
</CUSTOM_OBJECT>
