<?xml version="1.0"?>
<CUSTOM_OBJECT>
  <NAME>Mandatory</NAME>
  <TYPE>COND_FIELD_ACTION</TYPE>
  <DESCRIPTION>Property - Mandatory</DESCRIPTION>
  <CONDITIONAL_FIELD_ACTION EXPORT_DEF_VERSION="1">
    <TYPE>COND_FIELD_ACTION</TYPE>
    <ACTION_ID>080ce3f113244ff7af8fc69dfdf20a0e</ACTION_ID>
    <VIEW_NAME>INVOICE_HEADER_NOTES</VIEW_NAME>
    <COLUMN_NAME>CF$_QUERY_REASON</COLUMN_NAME>
    <LU_NAME>InvoiceHeaderNotes</LU_NAME>
    <NAME>Mandatory</NAME>
    <ACTION_TYPE_DB>PROPERTY</ACTION_TYPE_DB>
    <ACTION_PROPERTY_DB>MANDATORY</ACTION_PROPERTY_DB>
    <ACTION_INDEX>10</ACTION_INDEX>
    <ACTION_ENABLED_DB>FALSE</ACTION_ENABLED_DB>
    <ACTION_CRITERIA>&lt;?xml version=&quot;1.0&quot; encoding=&quot;utf-16&quot;?&gt;
&lt;ActionCriteria xmlns:xsi=&quot;http://www.w3.org/2001/XMLSchema-instance&quot; xmlns:xsd=&quot;http://www.w3.org/2001/XMLSchema&quot;&gt;
  &lt;QueryCriterion Op=&quot;=&quot; IsParameter=&quot;false&quot; ValueType=&quot;Value&quot; Value=&quot;6&quot;&gt;
    &lt;Column View=&quot;INVOICE_HEADER_NOTES&quot; Name=&quot;NOTE_STATUS_ID&quot; Type=&quot;STRING(20)/UPPERCASE&quot; /&gt;
  &lt;/QueryCriterion&gt;
&lt;/ActionCriteria&gt;</ACTION_CRITERIA>
    <ACTION_VALUE>TRUE</ACTION_VALUE>
    <DEFINITION_MODIFIED_DATE>2021-03-04-17.58.19</DEFINITION_MODIFIED_DATE>
    <EXPORT_DATE>2021-07-23-04.35.55</EXPORT_DATE>
    <ROWKEY>71E4F8B9FDDC4783AF19495F182E7FF3</ROWKEY>
  </CONDITIONAL_FIELD_ACTION>
</CUSTOM_OBJECT>
