<?xml version="1.0"?>
<CUSTOM_OBJECT>
  <NAME>1^INVOICE_HEADER_NOTES_EXT^InvoiceHeaderNotes</NAME>
  <TYPE>CUSTOM_EVENT_ACTION</TYPE>
  <DESCRIPTION>This action creates a record in invoice_header_notes_ext_clt during bulk update operation of invoice header notes</DESCRIPTION>
  <CUSTOM_EVENT_ACTION EXPORT_DEF_VERSION="2">
    <EVENT_LU_NAME>InvoiceHeaderNotes</EVENT_LU_NAME>
    <EVENT_ID>INVOICE_HEADER_NOTES_EXT</EVENT_ID>
    <ACTION_NUMBER>1</ACTION_NUMBER>
    <ACTION_ENABLE>TRUE</ACTION_ENABLE>
    <ACTION_PARAMETERS>!FNDSER.EVENT_ACTION_PARAM
$SQL=DECLARE
-   stmt_  VARCHAR2(4000);
-BEGIN
-   stmt_ :=&apos;
-      DECLARE
-         info_  VARCHAR2(32000);
-         objid_ VARCHAR2(50);
-         objkey_ VARCHAR2(50);
-         objid_cf_ VARCHAR2(50);
-         objversion_ VARCHAR2(50);
-         attr_ VARCHAR2(32000);
-         
-         company_ VARCHAR2(20);
-         identity_ VARCHAR2(20);
-         invoice_id_ NUMBER;
-         
-         FUNCTION Get_Attr___(
-           objid_ IN VARCHAR2) RETURN VARCHAR2
-         IS
-            attr_ VARCHAR2(32000);
-         BEGIN
-            Client_SYS.Clear_Attr(attr_);
-            Client_SYS.Add_To_Attr(&apos;&apos;CF$_HEADER_NOTE_OBJKEY&apos;&apos;, objid_, attr_);
-            Client_SYS.Add_To_Attr(&apos;&apos;CF$_BULK_UPDATE_USER&apos;&apos;, Fnd_Session_API.get_fnd_user, attr_);
-            RETURN attr_;
-         END Get_Attr___;
-         
-         FUNCTION Check_Exist___(
-           objkey_ IN VARCHAR2) RETURN BOOLEAN
-         IS
-            objkey_cft_ VARCHAR2(50);
-         BEGIN
-           SELECT objkey
-             INTO objkey_cft_
-             FROM invoice_header_notes_ext_clv
-            WHERE cf$_header_note_objkey = objkey_;
-           RETURN TRUE;
-         EXCEPTION
-           WHEN no_data_found THEN
-             RETURN FALSE;
-         END Check_Exist___;
-         
-         FUNCTION Is_Bulk_Update_Record___(
-            company_    IN VARCHAR2,
-            identity_   IN VARCHAR2,
-            invoice_id_ IN NUMBER) RETURN BOOLEAN
-         IS
-            count_ NUMBER;
-         BEGIN
-            SELECT COUNT(*)
-              INTO count_
-              FROM ledger_item_cu_det_qry_cfv 
-             WHERE cf$_bulk_update IS NOT NULL 
-               AND invoice_id = invoice_id_ 
-               AND identity = identity_ 
-               AND company = company_;
-         IF count_ &gt; 0 THEN
-            RETURN TRUE;
-         END IF;
-         RETURN FALSE;
-         END Is_Bulk_Update_Record___;   
-      BEGIN
-         objkey_ := &apos;&apos;&amp;NEW:ROWKEY&apos;&apos;;
-         company_ := &apos;&apos;&amp;NEW:COMPANY&apos;&apos;;
-         identity_ := &apos;&apos;&amp;NEW:IDENTITY&apos;&apos;;
-         invoice_id_ := &amp;NEW:INVOICE_ID;
-         
-         IF NOT Check_Exist___(objkey_) AND Is_Bulk_Update_Record___ (company_,identity_,invoice_id_) THEN
-            attr_:= Get_Attr___(objkey_);
-            Invoice_Header_Notes_Ext_CLP.New__ (info_,objid_,objversion_,attr_,&apos;&apos;DO&apos;&apos;);
-         END IF;
-      END;&apos;;
-   IF(Database_SYS.View_Exist(&apos;LEDGER_ITEM_CU_DET_QRY_CFV&apos;) 
-         AND Database_SYS.View_Exist(&apos;INVOICE_HEADER_NOTES_EXT_CLV&apos;)
-            AND Database_SYS.Method_Exist(&apos;INVOICE_HEADER_NOTES_EXT_CLP&apos;,&apos;New__&apos;)) THEN
-      EXECUTE IMMEDIATE stmt_;
-   END IF;
-EXCEPTION
-   WHEN OTHERS THEN
-      NULL;
-END;
$ATTACH=!ATTACHMENTS
</ACTION_PARAMETERS>
    <FND_EVENT_ACTION_TYPE_DB>EXECUTEONLINESQL</FND_EVENT_ACTION_TYPE_DB>
    <CONDITION_TYPE>!EVENT_ACTION_COND_TYPE
$NEW:COMPANY=
$NEW:IDENTITY=
$NEW:INVOICE_ID=
$NEW:ROWKEY=
</CONDITION_TYPE>
    <CONDITION_VALUE>!EVENT_ACTION_COND_VALUE
$NEW:COMPANY=
$NEW:IDENTITY=
$NEW:INVOICE_ID=
$NEW:ROWKEY=
</CONDITION_VALUE>
    <DESCRIPTION>This action creates a record in invoice_header_notes_ext_clt during bulk update operation of invoice header notes</DESCRIPTION>
    <SUBSCRIBABLE>FALSE</SUBSCRIBABLE>
    <SYSTEM_DEFINED>FALSE</SYSTEM_DEFINED>
    <ROLE/>
    <DEFINITION_MODIFIED_DATE>2021-02-25-09.52.43</DEFINITION_MODIFIED_DATE>
    <OBJKEY>6D99F110E1484F0F902F962F164AD9DB</OBJKEY>
  </CUSTOM_EVENT_ACTION>
</CUSTOM_OBJECT>
