<?xml version="1.0"?>
<CUSTOM_OBJECT>
  <NAME>CIS Supplier</NAME>
  <TYPE>CF_PERSISTENT</TYPE>
  <DESCRIPTION>Check box to identify if a supplier is CIS rated.
C0606</DESCRIPTION>
  <CUSTOM_FIELD EXPORT_DEF_VERSION="1">
    <LU>IdentityInvoiceInfo</LU>
    <TABLE_NAME>IDENTITY_INVOICE_INFO_CFT</TABLE_NAME>
    <VIEW_NAME>IDENTITY_INVOICE_INFO_CFV</VIEW_NAME>
    <PACKAGE_NAME>IDENTITY_INVOICE_INFO_CFP</PACKAGE_NAME>
    <DEFINITION_MODIFIED_DATE>2021-04-16-11.18.48</DEFINITION_MODIFIED_DATE>
    <EXPORT_DATE>2021-07-23-04.35.58</EXPORT_DATE>
    <USED_DB>TRUE</USED_DB>
    <ROWKEY>B02DD55A5EE345E0A5275870A28C569A</ROWKEY>
    <CUSTOM_FIELD_ATTRIBUTE>
      <CUSTOM_FIELD_ATTRIBUTE_ROW>
        <ATTRIBUTE_NAME>CIS_SUPPLIER</ATTRIBUTE_NAME>
        <DATA_TYPE_DB>ENUMERATION</DATA_TYPE_DB>
        <FORMAT_DB>UNFORMATTED</FORMAT_DB>
        <DATA_LENGTH>20</DATA_LENGTH>
        <DEFAULT_VALUE_TYPE_DB>ENUMERATION_VALUE</DEFAULT_VALUE_TYPE_DB>
        <DEFAULT_VALUE>FALSE</DEFAULT_VALUE>
        <MANDATORY_DB>FALSE</MANDATORY_DB>
        <INSERTABLE_DB>TRUE</INSERTABLE_DB>
        <UPDATEABLE_DB>TRUE</UPDATEABLE_DB>
        <QUERYABLE_DB>TRUE</QUERYABLE_DB>
        <PRIVATE_DB>FALSE</PRIVATE_DB>
        <LOV_DB>FALSE</LOV_DB>
        <INDEXED_DB>TRUE</INDEXED_DB>
        <PROMPT>CIS Supplier</PROMPT>
        <DEFINITION_MODIFIED_DATE>2021-05-11-06.46.21</DEFINITION_MODIFIED_DATE>
        <CUSTOM_FIELD_TYPE_DB>PERSISTENT_FIELD</CUSTOM_FIELD_TYPE_DB>
        <CUSTOM_FIELD_IMPL_TYPE_DB>NOT_APPLICABLE</CUSTOM_FIELD_IMPL_TYPE_DB>
        <EXPRESSION/>
        <METADATA/>
        <LU_REFERENCE>FndBoolean</LU_REFERENCE>
        <UI_OBJECT_DB>CHECKBOX_REVERSED</UI_OBJECT_DB>
        <USED_DB>TRUE</USED_DB>
        <READ_ONLY_EXPRESSION_DB>FALSE</READ_ONLY_EXPRESSION_DB>
        <NOTE>Check box to identify if a supplier is CIS rated.
C0606</NOTE>
        <ENABLED_ON_REPORTS_DB>TRUE</ENABLED_ON_REPORTS_DB>
        <CONSTRAINT_TYPE_DB>RESTRICTED</CONSTRAINT_TYPE_DB>
        <LOV_VIEW/>
        <ALTERNATE_KEY_DB>FALSE</ALTERNATE_KEY_DB>
        <ROWKEY>8B1AC0C9CAE54904BD7876477245CE68</ROWKEY>
      </CUSTOM_FIELD_ATTRIBUTE_ROW>
    </CUSTOM_FIELD_ATTRIBUTE>
    <TRANSLATIONS>
  </TRANSLATIONS>
    <CUSTOM_FIELD_VIEW>
      <CUSTOM_FIELD_VIEW_ROW>
        <VIEW_NAME>CONTACT_PERSON_LOV</VIEW_NAME>
        <CF_VIEW_NAME>CONTACT_PERSON_LOV_CFV</CF_VIEW_NAME>
        <USED_DB>FALSE</USED_DB>
        <ROWKEY>BF9D066884114A6185424727B1EE6F11</ROWKEY>
      </CUSTOM_FIELD_VIEW_ROW>
      <CUSTOM_FIELD_VIEW_ROW>
        <VIEW_NAME>CUSTOMER_ADDRESS_AV</VIEW_NAME>
        <CF_VIEW_NAME>CUSTOMER_ADDRESS_AV_CFV</CF_VIEW_NAME>
        <USED_DB>FALSE</USED_DB>
        <ROWKEY>1AE46765D88F4659B8F725A166A79E29</ROWKEY>
      </CUSTOM_FIELD_VIEW_ROW>
      <CUSTOM_FIELD_VIEW_ROW>
        <VIEW_NAME>C_SUPP_TAX_WITHHOLD_ANALYSIS</VIEW_NAME>
        <CF_VIEW_NAME>C_SUPP_TAX_WITHH1674058563_CFV</CF_VIEW_NAME>
        <USED_DB>FALSE</USED_DB>
        <ROWKEY>AE9D3F67D08A4FC0BDC5D258933ED943</ROWKEY>
      </CUSTOM_FIELD_VIEW_ROW>
      <CUSTOM_FIELD_VIEW_ROW>
        <VIEW_NAME>IDENTITY_INVOICE_INFO_CUST</VIEW_NAME>
        <CF_VIEW_NAME>IDENTITY_INVOICE_INFO_CUST_CFV</CF_VIEW_NAME>
        <USED_DB>FALSE</USED_DB>
        <ROWKEY>6784D3AB1862426AB24774797D8C9C9A</ROWKEY>
      </CUSTOM_FIELD_VIEW_ROW>
      <CUSTOM_FIELD_VIEW_ROW>
        <VIEW_NAME>IDENTITY_INVOICE_INFO_PUB</VIEW_NAME>
        <CF_VIEW_NAME>IDENTITY_INVOICE_INFO_PUB_CFV</CF_VIEW_NAME>
        <USED_DB>FALSE</USED_DB>
        <ROWKEY>AD9AC8F2A5684AE396F776E221489BB3</ROWKEY>
      </CUSTOM_FIELD_VIEW_ROW>
      <CUSTOM_FIELD_VIEW_ROW>
        <VIEW_NAME>IDENTITY_INVOICE_INFO_SUPP</VIEW_NAME>
        <CF_VIEW_NAME>IDENTITY_INVOICE_INFO_SUPP_CFV</CF_VIEW_NAME>
        <USED_DB>FALSE</USED_DB>
        <ROWKEY>8E85D5EFD81A4D49A49196649DD6125E</ROWKEY>
      </CUSTOM_FIELD_VIEW_ROW>
      <CUSTOM_FIELD_VIEW_ROW>
        <VIEW_NAME>MATCHING_LEVEL_LOV</VIEW_NAME>
        <CF_VIEW_NAME>MATCHING_LEVEL_LOV_CFV</CF_VIEW_NAME>
        <USED_DB>FALSE</USED_DB>
        <ROWKEY>23457982399A4F3B8283637DE732C4C9</ROWKEY>
      </CUSTOM_FIELD_VIEW_ROW>
      <CUSTOM_FIELD_VIEW_ROW>
        <VIEW_NAME>PERSONS_PER_CUSTOMER_LOV</VIEW_NAME>
        <CF_VIEW_NAME>PERSONS_PER_CUSTOMER_LOV_CFV</CF_VIEW_NAME>
        <USED_DB>FALSE</USED_DB>
        <ROWKEY>7C905D10C3374022972722179CB5418F</ROWKEY>
      </CUSTOM_FIELD_VIEW_ROW>
      <CUSTOM_FIELD_VIEW_ROW>
        <VIEW_NAME>SUPPLIER_ADDRESS_AV</VIEW_NAME>
        <CF_VIEW_NAME>SUPPLIER_ADDRESS_AV_CFV</CF_VIEW_NAME>
        <USED_DB>FALSE</USED_DB>
        <ROWKEY>4DDA584468CB49A1AEFC3FB314D94C64</ROWKEY>
      </CUSTOM_FIELD_VIEW_ROW>
      <CUSTOM_FIELD_VIEW_ROW>
        <VIEW_NAME>TAX_CERTIFICATE_FORM_LOV</VIEW_NAME>
        <CF_VIEW_NAME>TAX_CERTIFICATE_FORM_LOV_CFV</CF_VIEW_NAME>
        <USED_DB>FALSE</USED_DB>
        <ROWKEY>AE1E17B9A89F4E78BEAB723C2084D949</ROWKEY>
      </CUSTOM_FIELD_VIEW_ROW>
    </CUSTOM_FIELD_VIEW>
  </CUSTOM_FIELD>
</CUSTOM_OBJECT>
