<?xml version="1.0"?>
<CUSTOM_OBJECT>
  <NAME>ClientMetadata.client:Suppliers</NAME>
  <TYPE>AURENA_PAGE_GROUP</TYPE>
  <DESCRIPTION>DESCRIPTION value</DESCRIPTION>
  <WEB_PAGE_BUNDLE>
    <MODEL_ID>ClientMetadata.client:Suppliers</MODEL_ID>
    <DESCRIPTION>Change Supplier Category Dialog</DESCRIPTION>
    <ARTIFACT>client</ARTIFACT>
    <NAME>Suppliers</NAME>
    <KIND>ClientMetadata</KIND>
    <REFERENCE>ClientMetadata.projection:SuppliersHandling</REFERENCE>
    <PROFILED>TRUE</PROFILED>
    <VERSION>2021-07-26-08.38.49</VERSION>
    <DATA>
      <DATA_ROW>
        <OBJKEY>F11CD127DC904F01BEDF44DC382013BF</OBJKEY>
        <SCOPE_ID>UK_Service_Mob</SCOPE_ID>
        <DATA_ID>list:SupplierInfoGeneralLovList</DATA_ID>
        <ARTIFACT>list</ARTIFACT>
        <NAME>SupplierInfoGeneralLovList</NAME>
        <LINE_NO>99999</LINE_NO>
        <LAYER_NO>2</LAYER_NO>
        <VISIBILITY>Public</VISIBILITY>
        <REFERENCE/>
        <DEPENDENCIES/>
        <CONTENT>{&quot;name&quot;:&quot;SupplierInfoGeneralLovList&quot;,&quot;label&quot;:&quot;&quot;,&quot;entity&quot;:&quot;SupplierInfoGeneral&quot;,&quot;content&quot;:[{&quot;elementType&quot;:&quot;field&quot;,&quot;field&quot;:{&quot;name&quot;:&quot;SupplierId&quot;,&quot;attribute&quot;:&quot;SupplierId&quot;,&quot;control&quot;:&quot;static&quot;,&quot;entity&quot;:&quot;SupplierInfoGeneral&quot;,&quot;label&quot;:&quot;[#[translatesys:Data Field:Suppliers.list.SupplierInfoGeneralLovList.listcontent.static.SupplierId:SupplierId:WEB:Supplier]#]&quot;,&quot;translationKey&quot;:&quot;Suppliers.list.SupplierInfoGeneralLovList.listcontent.static.SupplierId&quot;,&quot;datatype&quot;:&quot;Text&quot;,&quot;array&quot;:false,&quot;maxlength&quot;:20,&quot;format&quot;:&quot;uppercase&quot;,&quot;editable&quot;:false,&quot;required&quot;:false}},{&quot;elementType&quot;:&quot;field&quot;,&quot;field&quot;:{&quot;name&quot;:&quot;Name&quot;,&quot;attribute&quot;:&quot;Name&quot;,&quot;control&quot;:&quot;static&quot;,&quot;entity&quot;:&quot;SupplierInfoGeneral&quot;,&quot;label&quot;:&quot;[#[translatesys:Data Field:Suppliers.list.SupplierInfoGeneralLovList.listcontent.static.Name:Name:WEB:Name]#]&quot;,&quot;translationKey&quot;:&quot;Suppliers.list.SupplierInfoGeneralLovList.listcontent.static.Name&quot;,&quot;datatype&quot;:&quot;Text&quot;,&quot;array&quot;:false,&quot;maxlength&quot;:100,&quot;editable&quot;:false,&quot;required&quot;:false}},{&quot;elementType&quot;:&quot;field&quot;,&quot;field&quot;:{&quot;name&quot;:&quot;AssociationNo&quot;,&quot;attribute&quot;:&quot;AssociationNo&quot;,&quot;control&quot;:&quot;static&quot;,&quot;entity&quot;:&quot;SupplierInfoGeneral&quot;,&quot;label&quot;:&quot;[#[translatesys:Data Field:Suppliers.list.SupplierInfoGeneralLovList.listcontent.static.AssociationNo:AssociationNo:WEB:Association No]#]&quot;,&quot;translationKey&quot;:&quot;Suppliers.list.SupplierInfoGeneralLovList.listcontent.static.AssociationNo&quot;,&quot;datatype&quot;:&quot;Text&quot;,&quot;array&quot;:false,&quot;maxlength&quot;:50,&quot;editable&quot;:false,&quot;required&quot;:false}},{&quot;elementType&quot;:&quot;field&quot;,&quot;field&quot;:{&quot;name&quot;:&quot;SuppliersOwnId&quot;,&quot;attribute&quot;:&quot;SuppliersOwnId&quot;,&quot;control&quot;:&quot;static&quot;,&quot;entity&quot;:&quot;SupplierInfoGeneral&quot;,&quot;label&quot;:&quot;[#[translatesys:Data Field:Suppliers.list.SupplierInfoGeneralLovList.listcontent.static.SuppliersOwnId:SuppliersOwnId:WEB:Suppliers Own ID]#]&quot;,&quot;translationKey&quot;:&quot;Suppliers.list.SupplierInfoGeneralLovList.listcontent.static.SuppliersOwnId&quot;,&quot;datatype&quot;:&quot;Text&quot;,&quot;array&quot;:false,&quot;maxlength&quot;:20,&quot;editable&quot;:false,&quot;required&quot;:false}},{&quot;elementType&quot;:&quot;field&quot;,&quot;field&quot;:{&quot;name&quot;:&quot;CorporateForm&quot;,&quot;attribute&quot;:&quot;CorporateForm&quot;,&quot;control&quot;:&quot;static&quot;,&quot;entity&quot;:&quot;SupplierInfoGeneral&quot;,&quot;label&quot;:&quot;[#[translatesys:Data Field:Suppliers.list.SupplierInfoGeneralLovList.listcontent.static.CorporateForm:CorporateForm:WEB:Corporate Form]#]&quot;,&quot;translationKey&quot;:&quot;Suppliers.list.SupplierInfoGeneralLovList.listcontent.static.CorporateForm&quot;,&quot;datatype&quot;:&quot;Text&quot;,&quot;array&quot;:false,&quot;maxlength&quot;:8,&quot;editable&quot;:false,&quot;required&quot;:false}},{&quot;elementType&quot;:&quot;field&quot;,&quot;field&quot;:{&quot;name&quot;:&quot;IdentifierReference&quot;,&quot;attribute&quot;:&quot;IdentifierReference&quot;,&quot;control&quot;:&quot;static&quot;,&quot;entity&quot;:&quot;SupplierInfoGeneral&quot;,&quot;label&quot;:&quot;[#[translatesys:Data Field:Suppliers.list.SupplierInfoGeneralLovList.listcontent.static.IdentifierReference:IdentifierReference:WEB:Identifier Reference]#]&quot;,&quot;translationKey&quot;:&quot;Suppliers.list.SupplierInfoGeneralLovList.listcontent.static.IdentifierReference&quot;,&quot;datatype&quot;:&quot;Text&quot;,&quot;array&quot;:false,&quot;maxlength&quot;:100,&quot;editable&quot;:false,&quot;required&quot;:false}},{&quot;elementType&quot;:&quot;field&quot;,&quot;field&quot;:{&quot;name&quot;:&quot;IdentifierRefValidation&quot;,&quot;attribute&quot;:&quot;IdentifierRefValidation&quot;,&quot;control&quot;:&quot;static&quot;,&quot;entity&quot;:&quot;SupplierInfoGeneral&quot;,&quot;label&quot;:&quot;[#[translatesys:Data Field:Suppliers.list.SupplierInfoGeneralLovList.listcontent.static.IdentifierRefValidation:IdentifierRefValidation:WEB:Identifier Ref Validation]#]&quot;,&quot;translationKey&quot;:&quot;Suppliers.list.SupplierInfoGeneralLovList.listcontent.static.IdentifierRefValidation&quot;,&quot;datatype&quot;:&quot;Enumeration&quot;,&quot;enumeration&quot;:&quot;IdentifierRefValidation&quot;,&quot;array&quot;:false,&quot;editable&quot;:false,&quot;required&quot;:false}},{&quot;elementType&quot;:&quot;field&quot;,&quot;field&quot;:{&quot;name&quot;:&quot;OneTime&quot;,&quot;attribute&quot;:&quot;OneTime&quot;,&quot;control&quot;:&quot;static&quot;,&quot;entity&quot;:&quot;SupplierInfoGeneral&quot;,&quot;label&quot;:&quot;[#[translatesys:Data Field:Suppliers.list.SupplierInfoGeneralLovList.listcontent.static.OneTime:OneTime:WEB:One-Time Supplier]#]&quot;,&quot;translationKey&quot;:&quot;Suppliers.list.SupplierInfoGeneralLovList.listcontent.static.OneTime&quot;,&quot;datatype&quot;:&quot;Boolean&quot;,&quot;array&quot;:false,&quot;editable&quot;:false,&quot;required&quot;:false}},{&quot;elementType&quot;:&quot;field&quot;,&quot;field&quot;:{&quot;name&quot;:&quot;SupplierCategory&quot;,&quot;attribute&quot;:&quot;SupplierCategory&quot;,&quot;control&quot;:&quot;static&quot;,&quot;entity&quot;:&quot;SupplierInfoGeneral&quot;,&quot;label&quot;:&quot;[#[translatesys:Data Field:Suppliers.list.SupplierInfoGeneralLovList.listcontent.static.SupplierCategory:SupplierCategory:WEB:Supplier Category]#]&quot;,&quot;translationKey&quot;:&quot;Suppliers.list.SupplierInfoGeneralLovList.listcontent.static.SupplierCategory&quot;,&quot;datatype&quot;:&quot;Enumeration&quot;,&quot;enumeration&quot;:&quot;SupplierInfoCategory&quot;,&quot;array&quot;:false,&quot;editable&quot;:false,&quot;required&quot;:false}},{&quot;elementType&quot;:&quot;field&quot;,&quot;field&quot;:{&quot;name&quot;:&quot;B2bSupplier&quot;,&quot;attribute&quot;:&quot;B2bSupplier&quot;,&quot;control&quot;:&quot;static&quot;,&quot;entity&quot;:&quot;SupplierInfoGeneral&quot;,&quot;label&quot;:&quot;[#[translatesys:Data Field:Suppliers.list.SupplierInfoGeneralLovList.listcontent.static.B2bSupplier:B2bSupplier:WEB:B2b Supplier]#]&quot;,&quot;translationKey&quot;:&quot;Suppliers.list.SupplierInfoGeneralLovList.listcontent.static.B2bSupplier&quot;,&quot;datatype&quot;:&quot;Boolean&quot;,&quot;array&quot;:false,&quot;editable&quot;:false,&quot;required&quot;:false}},{&quot;elementType&quot;:&quot;field&quot;,&quot;field&quot;:{&quot;name&quot;:&quot;Cf_Cis_Supplier&quot;,&quot;entity&quot;:&quot;SupplierInfoGeneral&quot;,&quot;datatype&quot;:&quot;Boolean&quot;,&quot;required&quot;:false,&quot;control&quot;:&quot;field&quot;,&quot;label&quot;:&quot;[#[translatesys:Data Field:[UK_Service_Mob].Suppliers.list.SupplierInfoGeneralLovList.content.field.Cf_Cis_Supplier:Cf_Cis_Supplier:CONFIGCLIENT:Cis Supplier]#]&quot;,&quot;attribute&quot;:&quot;Cf_Cis_Supplier&quot;,&quot;editable&quot;:false,&quot;maxlength&quot;:50}}],&quot;@[DIFF]PACKED&quot;:{&quot;content&quot;:{&quot;0&quot;:{&quot;@[DIFF]ID&quot;:&quot;eb4621351401a4f0fc699ce411d21779048c1e3f&quot;},&quot;1&quot;:{&quot;@[DIFF]ID&quot;:&quot;25ae1e0403076d5d463c374d3a2478df609fe0c6&quot;},&quot;2&quot;:{&quot;@[DIFF]ID&quot;:&quot;0e0b9ade4c78f60a5fd1c6c4a573820a87433e7b&quot;},&quot;3&quot;:{&quot;@[DIFF]ID&quot;:&quot;664c9c77939ee39c2d1f550e49929f42404c5b9f&quot;},&quot;4&quot;:{&quot;@[DIFF]ID&quot;:&quot;a3aeb9aa73e33101d30789194b797a8233a401fb&quot;},&quot;5&quot;:{&quot;@[DIFF]ID&quot;:&quot;9735ed0c6d4cf168a18835daa06bd4cc42f6ab82&quot;},&quot;6&quot;:{&quot;@[DIFF]ID&quot;:&quot;d3e8c45ce402aa1371d90682e02c796add5015c7&quot;},&quot;7&quot;:{&quot;@[DIFF]ID&quot;:&quot;f922e89b57482b160bcb473995215b2099b8d9d3&quot;},&quot;8&quot;:{&quot;@[DIFF]ID&quot;:&quot;cdaff2fbb8480bb469ada02700a4c4880007dede&quot;},&quot;9&quot;:{&quot;@[DIFF]ID&quot;:&quot;b734b19fab11140f903fb3c4f0680da242b0478d&quot;},&quot;10&quot;:{&quot;@[DIFF]ID&quot;:&quot;56c631eb065c52184c7ac6363a05b941c3389787&quot;}}}}</CONTENT>
      </DATA_ROW>
      <DATA_ROW>
        <OBJKEY>50C8D81CE9F043348D65B86C95949884</OBJKEY>
        <SCOPE_ID>UK_Service_Mob</SCOPE_ID>
        <DATA_ID>list:SuppliersList</DATA_ID>
        <ARTIFACT>list</ARTIFACT>
        <NAME>SuppliersList</NAME>
        <LINE_NO>99999</LINE_NO>
        <LAYER_NO>2</LAYER_NO>
        <VISIBILITY>Public</VISIBILITY>
        <REFERENCE/>
        <DEPENDENCIES/>
        <CONTENT>{&quot;name&quot;:&quot;SuppliersList&quot;,&quot;selectAttributes&quot;:[&quot;SupplierId&quot;],&quot;label&quot;:&quot;[#[translatesys:Table Window:Suppliers.list.SuppliersList.$this:$this:WEB:Suppliers]#]&quot;,&quot;entity&quot;:&quot;SupplierInfoGeneral&quot;,&quot;content&quot;:[{&quot;elementType&quot;:&quot;field&quot;,&quot;field&quot;:{&quot;name&quot;:&quot;SupplierId&quot;,&quot;attribute&quot;:&quot;SupplierId&quot;,&quot;control&quot;:&quot;field&quot;,&quot;entity&quot;:&quot;SupplierInfoGeneral&quot;,&quot;label&quot;:&quot;[#[translatesys:Data Field:Suppliers.list.SuppliersList.listcontent.field.SupplierId:SupplierId:WEB:Supplier]#]&quot;,&quot;translationKey&quot;:&quot;Suppliers.list.SuppliersList.listcontent.field.SupplierId&quot;,&quot;datatype&quot;:&quot;Text&quot;,&quot;array&quot;:false,&quot;maxlength&quot;:20,&quot;format&quot;:&quot;uppercase&quot;,&quot;editable&quot;:{&quot;==&quot;:[{&quot;var&quot;:&quot;record.etag&quot;},null]},&quot;required&quot;:false}},{&quot;elementType&quot;:&quot;field&quot;,&quot;field&quot;:{&quot;name&quot;:&quot;Name&quot;,&quot;attribute&quot;:&quot;Name&quot;,&quot;control&quot;:&quot;field&quot;,&quot;entity&quot;:&quot;SupplierInfoGeneral&quot;,&quot;label&quot;:&quot;[#[translatesys:Data Field:Suppliers.list.SuppliersList.listcontent.field.Name:Name:WEB:Name]#]&quot;,&quot;translationKey&quot;:&quot;Suppliers.list.SuppliersList.listcontent.field.Name&quot;,&quot;datatype&quot;:&quot;Text&quot;,&quot;controlsize&quot;:&quot;double&quot;,&quot;array&quot;:false,&quot;maxlength&quot;:100,&quot;editable&quot;:true,&quot;required&quot;:true}},{&quot;elementType&quot;:&quot;field&quot;,&quot;field&quot;:{&quot;name&quot;:&quot;AssociationNoRef&quot;,&quot;selectAttributes&quot;:[&quot;AssociationNo&quot;],&quot;attribute&quot;:&quot;AssociationNo&quot;,&quot;control&quot;:&quot;lookup&quot;,&quot;entity&quot;:&quot;SupplierInfoGeneral&quot;,&quot;label&quot;:&quot;[#[translatesys:Data Field:Suppliers.list.SuppliersList.listcontent.lookup.AssociationNoRef:AssociationNoRef:WEB:Association No]#]&quot;,&quot;translationKey&quot;:&quot;Suppliers.list.SuppliersList.listcontent.lookup.AssociationNoRef&quot;,&quot;datatype&quot;:&quot;Text&quot;,&quot;reference&quot;:&quot;AssociationNoRef&quot;,&quot;lov&quot;:{&quot;selector&quot;:&quot;ReferenceAssociationInfoSelector&quot;,&quot;advancedview&quot;:&quot;AssociationInfoLovList&quot;,&quot;datasourceProjection&quot;:&quot;SuppliersHandling&quot;,&quot;datasourceEntitySet&quot;:&quot;Reference_AssociationInfo&quot;,&quot;freeinput&quot;:true},&quot;update&quot;:{&quot;datasourceProjection&quot;:&quot;SuppliersHandling&quot;,&quot;datasourceEntitySet&quot;:&quot;Reference_AssociationInfo&quot;,&quot;datasourceAggregateRefs&quot;:{&quot;AssociationNo&quot;:&quot;${AssociationNo}&quot;},&quot;copy&quot;:{&quot;AssociationNo&quot;:&quot;AssociationNo&quot;},&quot;fetch&quot;:{},&quot;item&quot;:&quot;AssociationNoRef&quot;},&quot;array&quot;:false,&quot;maxlength&quot;:50,&quot;editable&quot;:true,&quot;required&quot;:false,&quot;freeinput&quot;:true}},{&quot;elementType&quot;:&quot;field&quot;,&quot;field&quot;:{&quot;name&quot;:&quot;DefaultLanguage&quot;,&quot;attribute&quot;:&quot;DefaultLanguage&quot;,&quot;control&quot;:&quot;field&quot;,&quot;entity&quot;:&quot;SupplierInfoGeneral&quot;,&quot;label&quot;:&quot;[#[translatesys:Data Field:Suppliers.list.SuppliersList.listcontent.field.DefaultLanguage:DefaultLanguage:WEB:Default Language]#]&quot;,&quot;translationKey&quot;:&quot;Suppliers.list.SuppliersList.listcontent.field.DefaultLanguage&quot;,&quot;datatype&quot;:&quot;Enumeration&quot;,&quot;enumeration&quot;:&quot;Lookup_IsoLanguage&quot;,&quot;array&quot;:false,&quot;editable&quot;:true,&quot;required&quot;:false}},{&quot;elementType&quot;:&quot;field&quot;,&quot;field&quot;:{&quot;name&quot;:&quot;Country&quot;,&quot;selectAttributes&quot;:[&quot;CorporateForm&quot;],&quot;attribute&quot;:&quot;Country&quot;,&quot;control&quot;:&quot;field&quot;,&quot;entity&quot;:&quot;SupplierInfoGeneral&quot;,&quot;label&quot;:&quot;[#[translatesys:Data Field:Suppliers.list.SuppliersList.listcontent.field.Country:Country:WEB:Country]#]&quot;,&quot;translationKey&quot;:&quot;Suppliers.list.SuppliersList.listcontent.field.Country&quot;,&quot;datatype&quot;:&quot;Enumeration&quot;,&quot;enumeration&quot;:&quot;Lookup_IsoCountry&quot;,&quot;array&quot;:false,&quot;editable&quot;:true,&quot;required&quot;:false,&quot;validateCommand&quot;:{&quot;name&quot;:&quot;SuppliersList_Country_validateCommand&quot;,&quot;entity&quot;:&quot;SupplierInfoGeneral&quot;,&quot;vars&quot;:{},&quot;execute&quot;:[{&quot;call&quot;:{&quot;method&quot;:&quot;if&quot;,&quot;args&quot;:{&quot;expression&quot;:{&quot;!=&quot;:[{&quot;var&quot;:&quot;record.CorporateForm&quot;},null]}}},&quot;result&quot;:{&quot;TRUE&quot;:[{&quot;call&quot;:{&quot;method&quot;:&quot;alert&quot;,&quot;args&quot;:{&quot;msg&quot;:&quot;[#[translatesys:Message:Suppliers.list.SuppliersList.listcontent.field.Country.validatecommand.execute.executeaction.executeevaluateaction.executeaction.executealertaction.message:executealertaction:WEB:Changing the Country Code will remove the current Form of Business, as it is country specific. Use the Supplier window to enter a new Form of Business which is valid for the new Country Code.]#]&quot;}}},{&quot;call&quot;:{&quot;method&quot;:&quot;set&quot;,&quot;args&quot;:{&quot;value&quot;:&quot;&quot;}},&quot;assign&quot;:&quot;CorporateForm&quot;}]}}]}}},{&quot;elementType&quot;:&quot;field&quot;,&quot;field&quot;:{&quot;name&quot;:&quot;SupplierCategory&quot;,&quot;selectAttributes&quot;:[&quot;ETAG&quot;],&quot;attribute&quot;:&quot;SupplierCategory&quot;,&quot;control&quot;:&quot;field&quot;,&quot;entity&quot;:&quot;SupplierInfoGeneral&quot;,&quot;label&quot;:&quot;[#[translatesys:Data Field:Suppliers.list.SuppliersList.listcontent.field.SupplierCategory:SupplierCategory:WEB:Supplier Category]#]&quot;,&quot;translationKey&quot;:&quot;Suppliers.list.SuppliersList.listcontent.field.SupplierCategory&quot;,&quot;datatype&quot;:&quot;Enumeration&quot;,&quot;enumeration&quot;:&quot;SupplierInfoCategory&quot;,&quot;array&quot;:false,&quot;editable&quot;:{&quot;==&quot;:[{&quot;var&quot;:&quot;record.etag&quot;},null]},&quot;required&quot;:true}},{&quot;elementType&quot;:&quot;field&quot;,&quot;field&quot;:{&quot;name&quot;:&quot;CreationDate&quot;,&quot;attribute&quot;:&quot;CreationDate&quot;,&quot;control&quot;:&quot;field&quot;,&quot;entity&quot;:&quot;SupplierInfoGeneral&quot;,&quot;label&quot;:&quot;[#[translatesys:Data Field:Suppliers.list.SuppliersList.listcontent.field.CreationDate:CreationDate:WEB:Creation Date]#]&quot;,&quot;translationKey&quot;:&quot;Suppliers.list.SuppliersList.listcontent.field.CreationDate&quot;,&quot;datatype&quot;:&quot;Date&quot;,&quot;array&quot;:false,&quot;editable&quot;:{&quot;==&quot;:[{&quot;var&quot;:&quot;record.etag&quot;},null]},&quot;required&quot;:true}},{&quot;elementType&quot;:&quot;field&quot;,&quot;field&quot;:{&quot;name&quot;:&quot;IdentifierRefValidation&quot;,&quot;attribute&quot;:&quot;IdentifierRefValidation&quot;,&quot;control&quot;:&quot;field&quot;,&quot;entity&quot;:&quot;SupplierInfoGeneral&quot;,&quot;label&quot;:&quot;[#[translatesys:Data Field:Suppliers.list.SuppliersList.listcontent.field.IdentifierRefValidation:IdentifierRefValidation:WEB:Identifier Ref Validation]#]&quot;,&quot;translationKey&quot;:&quot;Suppliers.list.SuppliersList.listcontent.field.IdentifierRefValidation&quot;,&quot;datatype&quot;:&quot;Enumeration&quot;,&quot;enumeration&quot;:&quot;IdentifierRefValidation&quot;,&quot;array&quot;:false,&quot;editable&quot;:true,&quot;required&quot;:true}},{&quot;elementType&quot;:&quot;field&quot;,&quot;field&quot;:{&quot;name&quot;:&quot;ValidDataProcessingPurpose&quot;,&quot;attribute&quot;:&quot;ValidDataProcessingPurpose&quot;,&quot;control&quot;:&quot;field&quot;,&quot;entity&quot;:&quot;SupplierInfoGeneral&quot;,&quot;label&quot;:&quot;[#[translatesys:Data Field:Suppliers.list.SuppliersList.listcontent.field.ValidDataProcessingPurpose:ValidDataProcessingPurpose:WEB:Valid Data Processing Purpose]#]&quot;,&quot;translationKey&quot;:&quot;Suppliers.list.SuppliersList.listcontent.field.ValidDataProcessingPurpose&quot;,&quot;datatype&quot;:&quot;Boolean&quot;,&quot;controlsize&quot;:&quot;small&quot;,&quot;array&quot;:false,&quot;editable&quot;:false,&quot;required&quot;:true,&quot;columnVisible&quot;:{&quot;==&quot;:[{&quot;var&quot;:&quot;initcontext.VisibleDataSubConstColumnVar&quot;},&quot;TRUE&quot;]}}},{&quot;elementType&quot;:&quot;field&quot;,&quot;field&quot;:{&quot;name&quot;:&quot;Cf_Cis_Supplier&quot;,&quot;entity&quot;:&quot;SupplierInfoGeneral&quot;,&quot;datatype&quot;:&quot;Boolean&quot;,&quot;required&quot;:false,&quot;control&quot;:&quot;field&quot;,&quot;label&quot;:&quot;[#[translatesys:Data Field:[UK_Service_Mob].Suppliers.list.SuppliersList.content.field.Cf_Cis_Supplier:Cf_Cis_Supplier:CONFIGCLIENT:Cis Supplier]#]&quot;,&quot;attribute&quot;:&quot;Cf_Cis_Supplier&quot;,&quot;editable&quot;:false,&quot;maxlength&quot;:50}}],&quot;commands&quot;:[&quot;SuppliersList_ChangeSupplierCategoryCommand&quot;,&quot;SuppliersList_Supplier360Command&quot;,&quot;SuppliersList_ManageDataProcessingPurposesCommand&quot;],&quot;commandgroups&quot;:[{&quot;type&quot;:&quot;commandgroup&quot;,&quot;commands&quot;:[&quot;SuppliersList_ChangeSupplierCategoryCommand&quot;],&quot;content&quot;:[{&quot;type&quot;:&quot;command&quot;,&quot;name&quot;:&quot;SuppliersList_ChangeSupplierCategoryCommand&quot;}]},{&quot;type&quot;:&quot;commandgroup&quot;,&quot;commands&quot;:[&quot;SuppliersList_Supplier360Command&quot;],&quot;content&quot;:[{&quot;type&quot;:&quot;command&quot;,&quot;name&quot;:&quot;SuppliersList_Supplier360Command&quot;}]},{&quot;type&quot;:&quot;commandgroup&quot;,&quot;commands&quot;:[&quot;SuppliersList_ManageDataProcessingPurposesCommand&quot;],&quot;content&quot;:[{&quot;type&quot;:&quot;command&quot;,&quot;name&quot;:&quot;SuppliersList_ManageDataProcessingPurposesCommand&quot;}]}],&quot;@[DIFF]PACKED&quot;:{&quot;content&quot;:{&quot;0&quot;:{&quot;field&quot;:{&quot;editable&quot;:{&quot;==&quot;:{&quot;0&quot;:{&quot;@[DIFF]ID&quot;:&quot;63e3577c6274b7d76bb3bca8dcb5628772fff3e4&quot;}}}},&quot;@[DIFF]ID&quot;:&quot;efe4f12e55dbc964761c635574c39a8fa6d4eee9&quot;},&quot;1&quot;:{&quot;@[DIFF]ID&quot;:&quot;28a909b7c1d8e7986b664014176f10ab97c2681e&quot;},&quot;2&quot;:{&quot;@[DIFF]ID&quot;:&quot;a30e42a224d9b8b6e20357bbcb7b9aa1d8b7446f&quot;},&quot;3&quot;:{&quot;@[DIFF]ID&quot;:&quot;4106588b922028ca23f5882d4da47896b838af69&quot;},&quot;4&quot;:{&quot;field&quot;:{&quot;validateCommand&quot;:{&quot;execute&quot;:{&quot;0&quot;:{&quot;call&quot;:{&quot;args&quot;:{&quot;expression&quot;:{&quot;!=&quot;:{&quot;0&quot;:{&quot;@[DIFF]ID&quot;:&quot;8323395b6cf0bcb5c197588315ec82bbd0d73405&quot;}}}}},&quot;result&quot;:{&quot;TRUE&quot;:{&quot;0&quot;:{&quot;@[DIFF]ID&quot;:&quot;1ac8ff82ad7850bf44a39d82e63172c258b89fa0&quot;},&quot;1&quot;:{&quot;@[DIFF]ID&quot;:&quot;5cfdb73a970c440dadad6402fb501fc3ef7f379c&quot;}}},&quot;@[DIFF]ID&quot;:&quot;71d6d75b8af28cecd9de1dde6b21d843ad25ea84&quot;}}}},&quot;@[DIFF]ID&quot;:&quot;f8cf9f842307e283face5133847c149e1d471a7d&quot;},&quot;5&quot;:{&quot;field&quot;:{&quot;editable&quot;:{&quot;==&quot;:{&quot;0&quot;:{&quot;@[DIFF]ID&quot;:&quot;63e3577c6274b7d76bb3bca8dcb5628772fff3e4&quot;}}}},&quot;@[DIFF]ID&quot;:&quot;a781022af1f35aa2bc086ac7817d92ffbc081cfa&quot;},&quot;6&quot;:{&quot;field&quot;:{&quot;editable&quot;:{&quot;==&quot;:{&quot;0&quot;:{&quot;@[DIFF]ID&quot;:&quot;63e3577c6274b7d76bb3bca8dcb5628772fff3e4&quot;}}}},&quot;@[DIFF]ID&quot;:&quot;47609d800945b436f286d8d20fb7d1e970eebb37&quot;},&quot;7&quot;:{&quot;@[DIFF]ID&quot;:&quot;dd70a40faf9242d34955ae63eb9685536cbf4663&quot;},&quot;8&quot;:{&quot;field&quot;:{&quot;columnVisible&quot;:{&quot;==&quot;:{&quot;0&quot;:{&quot;@[DIFF]ID&quot;:&quot;5d40136144f941979108f67957efab7e02094cb2&quot;}}}},&quot;@[DIFF]ID&quot;:&quot;9299a4953e9271245af9dbcd55ef7c950395d706&quot;},&quot;9&quot;:{&quot;@[DIFF]ID&quot;:&quot;56c631eb065c52184c7ac6363a05b941c3389787&quot;}},&quot;commandgroups&quot;:{&quot;0&quot;:{&quot;content&quot;:{&quot;0&quot;:{&quot;@[DIFF]ID&quot;:&quot;8adc4cdfc5128069b5daac0f488b73ef1bdbc145&quot;}},&quot;@[DIFF]ID&quot;:&quot;5554914dcc8ddd6f4cee66efeda811cb8a5163ff&quot;},&quot;1&quot;:{&quot;content&quot;:{&quot;0&quot;:{&quot;@[DIFF]ID&quot;:&quot;ac3b594eebacdce4b364d0644f06b76b02db773f&quot;}},&quot;@[DIFF]ID&quot;:&quot;1eedf341b03e4ffe4b02e591b6d91425b8314e7a&quot;},&quot;2&quot;:{&quot;content&quot;:{&quot;0&quot;:{&quot;@[DIFF]ID&quot;:&quot;68ef36f6909332c21ea9e1ecc0e96e371d27c5a7&quot;}},&quot;@[DIFF]ID&quot;:&quot;a6c705976c08cc3e9f446910553efd0073628a23&quot;}}}}</CONTENT>
      </DATA_ROW>
      <DATA_ROW>
        <OBJKEY>6198DD3AF3264F8D95141503356CBEF9</OBJKEY>
        <SCOPE_ID>global</SCOPE_ID>
        <DATA_ID>list:SuppliersList</DATA_ID>
        <ARTIFACT>list</ARTIFACT>
        <NAME>SuppliersList</NAME>
        <LINE_NO>8</LINE_NO>
        <LAYER_NO>2</LAYER_NO>
        <VISIBILITY>Public</VISIBILITY>
        <REFERENCE/>
        <DEPENDENCIES/>
        <CONTENT>{&quot;name&quot;:&quot;SuppliersList&quot;,&quot;selectAttributes&quot;:[&quot;SupplierId&quot;],&quot;label&quot;:&quot;[#[translatesys:Table Window:Suppliers.list.SuppliersList.$this:$this:WEB:Suppliers]#]&quot;,&quot;entity&quot;:&quot;SupplierInfoGeneral&quot;,&quot;content&quot;:[{&quot;elementType&quot;:&quot;field&quot;,&quot;field&quot;:{&quot;name&quot;:&quot;SupplierId&quot;,&quot;attribute&quot;:&quot;SupplierId&quot;,&quot;control&quot;:&quot;field&quot;,&quot;entity&quot;:&quot;SupplierInfoGeneral&quot;,&quot;label&quot;:&quot;[#[translatesys:Data Field:Suppliers.list.SuppliersList.listcontent.field.SupplierId:SupplierId:WEB:Supplier]#]&quot;,&quot;translationKey&quot;:&quot;Suppliers.list.SuppliersList.listcontent.field.SupplierId&quot;,&quot;datatype&quot;:&quot;Text&quot;,&quot;array&quot;:false,&quot;maxlength&quot;:20,&quot;format&quot;:&quot;uppercase&quot;,&quot;editable&quot;:{&quot;==&quot;:[{&quot;var&quot;:&quot;record.etag&quot;},null]},&quot;required&quot;:false}},{&quot;elementType&quot;:&quot;field&quot;,&quot;field&quot;:{&quot;name&quot;:&quot;Name&quot;,&quot;attribute&quot;:&quot;Name&quot;,&quot;control&quot;:&quot;field&quot;,&quot;entity&quot;:&quot;SupplierInfoGeneral&quot;,&quot;label&quot;:&quot;[#[translatesys:Data Field:Suppliers.list.SuppliersList.listcontent.field.Name:Name:WEB:Name]#]&quot;,&quot;translationKey&quot;:&quot;Suppliers.list.SuppliersList.listcontent.field.Name&quot;,&quot;datatype&quot;:&quot;Text&quot;,&quot;controlsize&quot;:&quot;double&quot;,&quot;array&quot;:false,&quot;maxlength&quot;:100,&quot;editable&quot;:true,&quot;required&quot;:true}},{&quot;elementType&quot;:&quot;field&quot;,&quot;field&quot;:{&quot;name&quot;:&quot;AssociationNoRef&quot;,&quot;selectAttributes&quot;:[&quot;AssociationNo&quot;],&quot;attribute&quot;:&quot;AssociationNo&quot;,&quot;control&quot;:&quot;lookup&quot;,&quot;entity&quot;:&quot;SupplierInfoGeneral&quot;,&quot;label&quot;:&quot;[#[translatesys:Data Field:Suppliers.list.SuppliersList.listcontent.lookup.AssociationNoRef:AssociationNoRef:WEB:Association No]#]&quot;,&quot;translationKey&quot;:&quot;Suppliers.list.SuppliersList.listcontent.lookup.AssociationNoRef&quot;,&quot;datatype&quot;:&quot;Text&quot;,&quot;reference&quot;:&quot;AssociationNoRef&quot;,&quot;lov&quot;:{&quot;selector&quot;:&quot;ReferenceAssociationInfoSelector&quot;,&quot;advancedview&quot;:&quot;AssociationInfoLovList&quot;,&quot;datasourceProjection&quot;:&quot;SuppliersHandling&quot;,&quot;datasourceEntitySet&quot;:&quot;Reference_AssociationInfo&quot;,&quot;freeinput&quot;:true},&quot;update&quot;:{&quot;datasourceProjection&quot;:&quot;SuppliersHandling&quot;,&quot;datasourceEntitySet&quot;:&quot;Reference_AssociationInfo&quot;,&quot;datasourceAggregateRefs&quot;:{&quot;AssociationNo&quot;:&quot;${AssociationNo}&quot;},&quot;copy&quot;:{&quot;AssociationNo&quot;:&quot;AssociationNo&quot;},&quot;fetch&quot;:{},&quot;item&quot;:&quot;AssociationNoRef&quot;},&quot;array&quot;:false,&quot;maxlength&quot;:50,&quot;editable&quot;:true,&quot;required&quot;:false,&quot;freeinput&quot;:true}},{&quot;elementType&quot;:&quot;field&quot;,&quot;field&quot;:{&quot;name&quot;:&quot;DefaultLanguage&quot;,&quot;attribute&quot;:&quot;DefaultLanguage&quot;,&quot;control&quot;:&quot;field&quot;,&quot;entity&quot;:&quot;SupplierInfoGeneral&quot;,&quot;label&quot;:&quot;[#[translatesys:Data Field:Suppliers.list.SuppliersList.listcontent.field.DefaultLanguage:DefaultLanguage:WEB:Default Language]#]&quot;,&quot;translationKey&quot;:&quot;Suppliers.list.SuppliersList.listcontent.field.DefaultLanguage&quot;,&quot;datatype&quot;:&quot;Enumeration&quot;,&quot;enumeration&quot;:&quot;Lookup_IsoLanguage&quot;,&quot;array&quot;:false,&quot;editable&quot;:true,&quot;required&quot;:false}},{&quot;elementType&quot;:&quot;field&quot;,&quot;field&quot;:{&quot;name&quot;:&quot;Country&quot;,&quot;selectAttributes&quot;:[&quot;CorporateForm&quot;],&quot;attribute&quot;:&quot;Country&quot;,&quot;control&quot;:&quot;field&quot;,&quot;entity&quot;:&quot;SupplierInfoGeneral&quot;,&quot;label&quot;:&quot;[#[translatesys:Data Field:Suppliers.list.SuppliersList.listcontent.field.Country:Country:WEB:Country]#]&quot;,&quot;translationKey&quot;:&quot;Suppliers.list.SuppliersList.listcontent.field.Country&quot;,&quot;datatype&quot;:&quot;Enumeration&quot;,&quot;enumeration&quot;:&quot;Lookup_IsoCountry&quot;,&quot;array&quot;:false,&quot;editable&quot;:true,&quot;required&quot;:false,&quot;validateCommand&quot;:{&quot;name&quot;:&quot;SuppliersList_Country_validateCommand&quot;,&quot;entity&quot;:&quot;SupplierInfoGeneral&quot;,&quot;vars&quot;:{},&quot;execute&quot;:[{&quot;call&quot;:{&quot;method&quot;:&quot;if&quot;,&quot;args&quot;:{&quot;expression&quot;:{&quot;!=&quot;:[{&quot;var&quot;:&quot;record.CorporateForm&quot;},null]}}},&quot;result&quot;:{&quot;TRUE&quot;:[{&quot;call&quot;:{&quot;method&quot;:&quot;alert&quot;,&quot;args&quot;:{&quot;msg&quot;:&quot;[#[translatesys:Message:Suppliers.list.SuppliersList.listcontent.field.Country.validatecommand.execute.executeaction.executeevaluateaction.executeaction.executealertaction.message:executealertaction:WEB:Changing the Country Code will remove the current Form of Business, as it is country specific. Use the Supplier window to enter a new Form of Business which is valid for the new Country Code.]#]&quot;}}},{&quot;call&quot;:{&quot;method&quot;:&quot;set&quot;,&quot;args&quot;:{&quot;value&quot;:&quot;&quot;}},&quot;assign&quot;:&quot;CorporateForm&quot;}]}}]}}},{&quot;elementType&quot;:&quot;field&quot;,&quot;field&quot;:{&quot;name&quot;:&quot;SupplierCategory&quot;,&quot;selectAttributes&quot;:[&quot;ETAG&quot;],&quot;attribute&quot;:&quot;SupplierCategory&quot;,&quot;control&quot;:&quot;field&quot;,&quot;entity&quot;:&quot;SupplierInfoGeneral&quot;,&quot;label&quot;:&quot;[#[translatesys:Data Field:Suppliers.list.SuppliersList.listcontent.field.SupplierCategory:SupplierCategory:WEB:Supplier Category]#]&quot;,&quot;translationKey&quot;:&quot;Suppliers.list.SuppliersList.listcontent.field.SupplierCategory&quot;,&quot;datatype&quot;:&quot;Enumeration&quot;,&quot;enumeration&quot;:&quot;SupplierInfoCategory&quot;,&quot;array&quot;:false,&quot;editable&quot;:{&quot;==&quot;:[{&quot;var&quot;:&quot;record.etag&quot;},null]},&quot;required&quot;:true}},{&quot;elementType&quot;:&quot;field&quot;,&quot;field&quot;:{&quot;name&quot;:&quot;CreationDate&quot;,&quot;attribute&quot;:&quot;CreationDate&quot;,&quot;control&quot;:&quot;field&quot;,&quot;entity&quot;:&quot;SupplierInfoGeneral&quot;,&quot;label&quot;:&quot;[#[translatesys:Data Field:Suppliers.list.SuppliersList.listcontent.field.CreationDate:CreationDate:WEB:Creation Date]#]&quot;,&quot;translationKey&quot;:&quot;Suppliers.list.SuppliersList.listcontent.field.CreationDate&quot;,&quot;datatype&quot;:&quot;Date&quot;,&quot;array&quot;:false,&quot;editable&quot;:{&quot;==&quot;:[{&quot;var&quot;:&quot;record.etag&quot;},null]},&quot;required&quot;:true}},{&quot;elementType&quot;:&quot;field&quot;,&quot;field&quot;:{&quot;name&quot;:&quot;IdentifierRefValidation&quot;,&quot;attribute&quot;:&quot;IdentifierRefValidation&quot;,&quot;control&quot;:&quot;field&quot;,&quot;entity&quot;:&quot;SupplierInfoGeneral&quot;,&quot;label&quot;:&quot;[#[translatesys:Data Field:Suppliers.list.SuppliersList.listcontent.field.IdentifierRefValidation:IdentifierRefValidation:WEB:Identifier Ref Validation]#]&quot;,&quot;translationKey&quot;:&quot;Suppliers.list.SuppliersList.listcontent.field.IdentifierRefValidation&quot;,&quot;datatype&quot;:&quot;Enumeration&quot;,&quot;enumeration&quot;:&quot;IdentifierRefValidation&quot;,&quot;array&quot;:false,&quot;editable&quot;:true,&quot;required&quot;:true}},{&quot;elementType&quot;:&quot;field&quot;,&quot;field&quot;:{&quot;name&quot;:&quot;ValidDataProcessingPurpose&quot;,&quot;attribute&quot;:&quot;ValidDataProcessingPurpose&quot;,&quot;control&quot;:&quot;field&quot;,&quot;entity&quot;:&quot;SupplierInfoGeneral&quot;,&quot;label&quot;:&quot;[#[translatesys:Data Field:Suppliers.list.SuppliersList.listcontent.field.ValidDataProcessingPurpose:ValidDataProcessingPurpose:WEB:Valid Data Processing Purpose]#]&quot;,&quot;translationKey&quot;:&quot;Suppliers.list.SuppliersList.listcontent.field.ValidDataProcessingPurpose&quot;,&quot;datatype&quot;:&quot;Boolean&quot;,&quot;controlsize&quot;:&quot;small&quot;,&quot;array&quot;:false,&quot;editable&quot;:false,&quot;required&quot;:true,&quot;columnVisible&quot;:{&quot;==&quot;:[{&quot;var&quot;:&quot;initcontext.VisibleDataSubConstColumnVar&quot;},&quot;TRUE&quot;]}}},{&quot;elementType&quot;:&quot;field&quot;,&quot;field&quot;:{&quot;name&quot;:&quot;Cf_Cis_Supplier&quot;,&quot;entity&quot;:&quot;SupplierInfoGeneral&quot;,&quot;datatype&quot;:&quot;Boolean&quot;,&quot;required&quot;:false,&quot;control&quot;:&quot;field&quot;,&quot;label&quot;:&quot;[#[translatesys:Data Field:[global].Suppliers.list.SuppliersList.content.field.Cf_Cis_Supplier:Cf_Cis_Supplier:CONFIGCLIENT:Cis Supplier]#]&quot;,&quot;attribute&quot;:&quot;Cf_Cis_Supplier&quot;,&quot;editable&quot;:false,&quot;maxlength&quot;:50}}],&quot;commands&quot;:[&quot;SuppliersList_ChangeSupplierCategoryCommand&quot;,&quot;SuppliersList_Supplier360Command&quot;,&quot;SuppliersList_ManageDataProcessingPurposesCommand&quot;],&quot;commandgroups&quot;:[{&quot;type&quot;:&quot;commandgroup&quot;,&quot;commands&quot;:[&quot;SuppliersList_ChangeSupplierCategoryCommand&quot;],&quot;content&quot;:[{&quot;type&quot;:&quot;command&quot;,&quot;name&quot;:&quot;SuppliersList_ChangeSupplierCategoryCommand&quot;}]},{&quot;type&quot;:&quot;commandgroup&quot;,&quot;commands&quot;:[&quot;SuppliersList_Supplier360Command&quot;],&quot;content&quot;:[{&quot;type&quot;:&quot;command&quot;,&quot;name&quot;:&quot;SuppliersList_Supplier360Command&quot;}]},{&quot;type&quot;:&quot;commandgroup&quot;,&quot;commands&quot;:[&quot;SuppliersList_ManageDataProcessingPurposesCommand&quot;],&quot;content&quot;:[{&quot;type&quot;:&quot;command&quot;,&quot;name&quot;:&quot;SuppliersList_ManageDataProcessingPurposesCommand&quot;}]}],&quot;@[DIFF]PACKED&quot;:{&quot;content&quot;:{&quot;0&quot;:{&quot;field&quot;:{&quot;editable&quot;:{&quot;==&quot;:{&quot;0&quot;:{&quot;@[DIFF]ID&quot;:&quot;63e3577c6274b7d76bb3bca8dcb5628772fff3e4&quot;}}}},&quot;@[DIFF]ID&quot;:&quot;efe4f12e55dbc964761c635574c39a8fa6d4eee9&quot;},&quot;1&quot;:{&quot;@[DIFF]ID&quot;:&quot;28a909b7c1d8e7986b664014176f10ab97c2681e&quot;},&quot;2&quot;:{&quot;@[DIFF]ID&quot;:&quot;a30e42a224d9b8b6e20357bbcb7b9aa1d8b7446f&quot;},&quot;3&quot;:{&quot;@[DIFF]ID&quot;:&quot;4106588b922028ca23f5882d4da47896b838af69&quot;},&quot;4&quot;:{&quot;field&quot;:{&quot;validateCommand&quot;:{&quot;execute&quot;:{&quot;0&quot;:{&quot;call&quot;:{&quot;args&quot;:{&quot;expression&quot;:{&quot;!=&quot;:{&quot;0&quot;:{&quot;@[DIFF]ID&quot;:&quot;8323395b6cf0bcb5c197588315ec82bbd0d73405&quot;}}}}},&quot;result&quot;:{&quot;TRUE&quot;:{&quot;0&quot;:{&quot;@[DIFF]ID&quot;:&quot;1ac8ff82ad7850bf44a39d82e63172c258b89fa0&quot;},&quot;1&quot;:{&quot;@[DIFF]ID&quot;:&quot;5cfdb73a970c440dadad6402fb501fc3ef7f379c&quot;}}},&quot;@[DIFF]ID&quot;:&quot;71d6d75b8af28cecd9de1dde6b21d843ad25ea84&quot;}}}},&quot;@[DIFF]ID&quot;:&quot;f8cf9f842307e283face5133847c149e1d471a7d&quot;},&quot;5&quot;:{&quot;field&quot;:{&quot;editable&quot;:{&quot;==&quot;:{&quot;0&quot;:{&quot;@[DIFF]ID&quot;:&quot;63e3577c6274b7d76bb3bca8dcb5628772fff3e4&quot;}}}},&quot;@[DIFF]ID&quot;:&quot;a781022af1f35aa2bc086ac7817d92ffbc081cfa&quot;},&quot;6&quot;:{&quot;field&quot;:{&quot;editable&quot;:{&quot;==&quot;:{&quot;0&quot;:{&quot;@[DIFF]ID&quot;:&quot;63e3577c6274b7d76bb3bca8dcb5628772fff3e4&quot;}}}},&quot;@[DIFF]ID&quot;:&quot;47609d800945b436f286d8d20fb7d1e970eebb37&quot;},&quot;7&quot;:{&quot;@[DIFF]ID&quot;:&quot;dd70a40faf9242d34955ae63eb9685536cbf4663&quot;},&quot;8&quot;:{&quot;field&quot;:{&quot;columnVisible&quot;:{&quot;==&quot;:{&quot;0&quot;:{&quot;@[DIFF]ID&quot;:&quot;5d40136144f941979108f67957efab7e02094cb2&quot;}}}},&quot;@[DIFF]ID&quot;:&quot;9299a4953e9271245af9dbcd55ef7c950395d706&quot;},&quot;9&quot;:{&quot;@[DIFF]ID&quot;:&quot;56c631eb065c52184c7ac6363a05b941c3389787&quot;}},&quot;commandgroups&quot;:{&quot;0&quot;:{&quot;content&quot;:{&quot;0&quot;:{&quot;@[DIFF]ID&quot;:&quot;8adc4cdfc5128069b5daac0f488b73ef1bdbc145&quot;}},&quot;@[DIFF]ID&quot;:&quot;5554914dcc8ddd6f4cee66efeda811cb8a5163ff&quot;},&quot;1&quot;:{&quot;content&quot;:{&quot;0&quot;:{&quot;@[DIFF]ID&quot;:&quot;ac3b594eebacdce4b364d0644f06b76b02db773f&quot;}},&quot;@[DIFF]ID&quot;:&quot;1eedf341b03e4ffe4b02e591b6d91425b8314e7a&quot;},&quot;2&quot;:{&quot;content&quot;:{&quot;0&quot;:{&quot;@[DIFF]ID&quot;:&quot;68ef36f6909332c21ea9e1ecc0e96e371d27c5a7&quot;}},&quot;@[DIFF]ID&quot;:&quot;a6c705976c08cc3e9f446910553efd0073628a23&quot;}}}}</CONTENT>
      </DATA_ROW>
    </DATA>
  </WEB_PAGE_BUNDLE>
</CUSTOM_OBJECT>
