<?xml version="1.0"?>
<CUSTOM_OBJECT>
  <NAME>Period Allocation</NAME>
  <TYPE>CF_READ_ONLY</TYPE>
  <DESCRIPTION>EA - CRIM 0580</DESCRIPTION>
  <CUSTOM_FIELD EXPORT_DEF_VERSION="1">
    <LU>VoucherRow</LU>
    <TABLE_NAME>VOUCHER_ROW_CFT</TABLE_NAME>
    <VIEW_NAME>VOUCHER_ROW_CFV</VIEW_NAME>
    <PACKAGE_NAME>VOUCHER_ROW_CFP</PACKAGE_NAME>
    <DEFINITION_MODIFIED_DATE>2021-04-16-06.39.07</DEFINITION_MODIFIED_DATE>
    <EXPORT_DATE>2021-05-27-05.27.53</EXPORT_DATE>
    <USED_DB>TRUE</USED_DB>
    <ROWKEY>AAB08ED5D7D24E4BB23E3AFD64B9450D</ROWKEY>
    <CUSTOM_FIELD_ATTRIBUTE>
      <CUSTOM_FIELD_ATTRIBUTE_ROW>
        <ATTRIBUTE_NAME>PERIOD_ALLOCATION</ATTRIBUTE_NAME>
        <DATA_TYPE_DB>ENUMERATION</DATA_TYPE_DB>
        <FORMAT_DB>UNFORMATTED</FORMAT_DB>
        <DATA_LENGTH>20</DATA_LENGTH>
        <DEFAULT_VALUE_TYPE_DB>ENUMERATION_VALUE</DEFAULT_VALUE_TYPE_DB>
        <DEFAULT_VALUE>Y</DEFAULT_VALUE>
        <MANDATORY_DB>FALSE</MANDATORY_DB>
        <INSERTABLE_DB>FALSE</INSERTABLE_DB>
        <UPDATEABLE_DB>FALSE</UPDATEABLE_DB>
        <QUERYABLE_DB>TRUE</QUERYABLE_DB>
        <PRIVATE_DB>FALSE</PRIVATE_DB>
        <LOV_DB>FALSE</LOV_DB>
        <INDEXED_DB>FALSE</INDEXED_DB>
        <PROMPT>Period Allocation</PROMPT>
        <DEFINITION_MODIFIED_DATE>2021-04-16-06.47.13</DEFINITION_MODIFIED_DATE>
        <CUSTOM_FIELD_TYPE_DB>READ_ONLY_FIELD</CUSTOM_FIELD_TYPE_DB>
        <CUSTOM_FIELD_IMPL_TYPE_DB>SELECT_STATEMENT</CUSTOM_FIELD_IMPL_TYPE_DB>
        <EXPRESSION>Voucher_Row_Cfp.Get_Cf$_Period_Allocation(v.voucher_type, v.voucher_no, v.row_no, v.company)</EXPRESSION>
        <METADATA>Select period_allocation From VOUCHER_ROW where voucher_type = :voucher_type and voucher_no = :voucher_no and row_no = :row_no and company = :company</METADATA>
        <LU_REFERENCE>EAYorN</LU_REFERENCE>
        <UI_OBJECT_DB>CHECKBOX</UI_OBJECT_DB>
        <USED_DB>TRUE</USED_DB>
        <READ_ONLY_EXPRESSION_DB>FALSE</READ_ONLY_EXPRESSION_DB>
        <NOTE>EA - CRIM 0580</NOTE>
        <ENABLED_ON_REPORTS_DB>TRUE</ENABLED_ON_REPORTS_DB>
        <CONSTRAINT_TYPE_DB>RESTRICTED</CONSTRAINT_TYPE_DB>
        <LOV_VIEW/>
        <ALTERNATE_KEY_DB>FALSE</ALTERNATE_KEY_DB>
        <ROWKEY>67905AA028C64831A2EEC69F5DFD4259</ROWKEY>
      </CUSTOM_FIELD_ATTRIBUTE_ROW>
    </CUSTOM_FIELD_ATTRIBUTE>
    <TRANSLATIONS>
      <TRANSLATIONS_ROW LANG_CODE="gb">
        <NAME>CF$_PERIOD_ALLOCATION</NAME>
        <LAST_UPDATE>2021-05-27-05.23.24</LAST_UPDATE>
        <PROG_TEXT>Period Allocation</PROG_TEXT>
        <TEXT>Period Allocation</TEXT>
      </TRANSLATIONS_ROW>
    </TRANSLATIONS>
    <CUSTOM_FIELD_VIEW>
      <CUSTOM_FIELD_VIEW_ROW>
        <VIEW_NAME>ACCRUL_VOUCHER_ROW_QRY</VIEW_NAME>
        <CF_VIEW_NAME>ACCRUL_VOUCHER_ROW_QRY_CFV</CF_VIEW_NAME>
        <USED_DB>FALSE</USED_DB>
        <ROWKEY>1DD7C2F4531146289473F3A1A6AF5571</ROWKEY>
      </CUSTOM_FIELD_VIEW_ROW>
      <CUSTOM_FIELD_VIEW_ROW>
        <VIEW_NAME>MULTI_COMPANY_VOUCHER_ROW1</VIEW_NAME>
        <CF_VIEW_NAME>MULTI_COMPANY_VOUCHER_ROW1_CFV</CF_VIEW_NAME>
        <USED_DB>FALSE</USED_DB>
        <ROWKEY>7AA6E7879CDF419097056F86D01DBFE1</ROWKEY>
      </CUSTOM_FIELD_VIEW_ROW>
      <CUSTOM_FIELD_VIEW_ROW>
        <VIEW_NAME>VOUCHERS_INVOICE_LOV</VIEW_NAME>
        <CF_VIEW_NAME>VOUCHERS_INVOICE_LOV_CFV</CF_VIEW_NAME>
        <USED_DB>FALSE</USED_DB>
        <ROWKEY>7C870C6DBBC74D518D54AD6DB5ABB309</ROWKEY>
      </CUSTOM_FIELD_VIEW_ROW>
      <CUSTOM_FIELD_VIEW_ROW>
        <VIEW_NAME>VOUCHER_ROW_QRY</VIEW_NAME>
        <CF_VIEW_NAME>VOUCHER_ROW_QRY_CFV</CF_VIEW_NAME>
        <USED_DB>TRUE</USED_DB>
        <ROWKEY>D62101B77C134EB1915F1AFC47A01361</ROWKEY>
      </CUSTOM_FIELD_VIEW_ROW>
      <CUSTOM_FIELD_VIEW_ROW>
        <VIEW_NAME>VOUCHER_ROW_QRY_FINREP</VIEW_NAME>
        <CF_VIEW_NAME>VOUCHER_ROW_QRY_FINREP_CFV</CF_VIEW_NAME>
        <USED_DB>FALSE</USED_DB>
        <ROWKEY>1E2EC1350D524EC88C009F380659FAE9</ROWKEY>
      </CUSTOM_FIELD_VIEW_ROW>
      <CUSTOM_FIELD_VIEW_ROW>
        <VIEW_NAME>VOUCHER_ROW_QRY_PID_FINREP</VIEW_NAME>
        <CF_VIEW_NAME>VOUCHER_ROW_QRY_PID_FINREP_CFV</CF_VIEW_NAME>
        <USED_DB>FALSE</USED_DB>
        <ROWKEY>364820D9EE4246B4BE56D6125491047C</ROWKEY>
      </CUSTOM_FIELD_VIEW_ROW>
    </CUSTOM_FIELD_VIEW>
  </CUSTOM_FIELD>
</CUSTOM_OBJECT>
