<?xml version="1.0"?>
<CUSTOM_OBJECT>
  <NAME>Inter-Co</NAME>
  <TYPE>CF_PERSISTENT</TYPE>
  <DESCRIPTION>Finance - CRIM 0397 - Intercompany Pre-posting checkbox</DESCRIPTION>
  <CUSTOM_FIELD EXPORT_DEF_VERSION="1">
    <LU>CustOrderType</LU>
    <TABLE_NAME>CUST_ORDER_TYPE_CFT</TABLE_NAME>
    <VIEW_NAME>CUST_ORDER_TYPE_CFV</VIEW_NAME>
    <PACKAGE_NAME>CUST_ORDER_TYPE_CFP</PACKAGE_NAME>
    <DEFINITION_MODIFIED_DATE>2021-03-01-03.20.58</DEFINITION_MODIFIED_DATE>
    <EXPORT_DATE>2021-07-12-06.53.54</EXPORT_DATE>
    <USED_DB>TRUE</USED_DB>
    <ROWKEY>97F0397B360E43DCB10E045542488660</ROWKEY>
    <CUSTOM_FIELD_ATTRIBUTE>
      <CUSTOM_FIELD_ATTRIBUTE_ROW>
        <ATTRIBUTE_NAME>INTER_CO</ATTRIBUTE_NAME>
        <DATA_TYPE_DB>ENUMERATION</DATA_TYPE_DB>
        <FORMAT_DB>UNFORMATTED</FORMAT_DB>
        <DATA_LENGTH>20</DATA_LENGTH>
        <DEFAULT_VALUE_TYPE_DB>ENUMERATION_VALUE</DEFAULT_VALUE_TYPE_DB>
        <DEFAULT_VALUE>FALSE</DEFAULT_VALUE>
        <MANDATORY_DB>FALSE</MANDATORY_DB>
        <INSERTABLE_DB>TRUE</INSERTABLE_DB>
        <UPDATEABLE_DB>TRUE</UPDATEABLE_DB>
        <QUERYABLE_DB>TRUE</QUERYABLE_DB>
        <PRIVATE_DB>FALSE</PRIVATE_DB>
        <LOV_DB>FALSE</LOV_DB>
        <INDEXED_DB>FALSE</INDEXED_DB>
        <PROMPT>Inter-Co</PROMPT>
        <DEFINITION_MODIFIED_DATE>2021-03-05-03.00.22</DEFINITION_MODIFIED_DATE>
        <CUSTOM_FIELD_TYPE_DB>PERSISTENT_FIELD</CUSTOM_FIELD_TYPE_DB>
        <CUSTOM_FIELD_IMPL_TYPE_DB>NOT_APPLICABLE</CUSTOM_FIELD_IMPL_TYPE_DB>
        <EXPRESSION/>
        <METADATA/>
        <LU_REFERENCE>FndBoolean</LU_REFERENCE>
        <UI_OBJECT_DB>CHECKBOX_REVERSED</UI_OBJECT_DB>
        <USED_DB>TRUE</USED_DB>
        <READ_ONLY_EXPRESSION_DB>FALSE</READ_ONLY_EXPRESSION_DB>
        <NOTE>Finance - CRIM 0397 - Intercompany Pre-posting checkbox</NOTE>
        <ENABLED_ON_REPORTS_DB>TRUE</ENABLED_ON_REPORTS_DB>
        <CONSTRAINT_TYPE_DB>RESTRICTED</CONSTRAINT_TYPE_DB>
        <LOV_VIEW/>
        <ALTERNATE_KEY_DB>FALSE</ALTERNATE_KEY_DB>
        <ROWKEY>CE33B677D8244054B9CA4092CE06668B</ROWKEY>
      </CUSTOM_FIELD_ATTRIBUTE_ROW>
    </CUSTOM_FIELD_ATTRIBUTE>
    <TRANSLATIONS>
  </TRANSLATIONS>
    <CUSTOM_FIELD_VIEW>
      <CUSTOM_FIELD_VIEW_ROW>
        <VIEW_NAME>CUST_ORDER_TYPE_LOV</VIEW_NAME>
        <CF_VIEW_NAME>CUST_ORDER_TYPE_LOV_CFV</CF_VIEW_NAME>
        <USED_DB>FALSE</USED_DB>
        <ROWKEY>25B90234140D435B8AF6AE9E8649BCB0</ROWKEY>
      </CUSTOM_FIELD_VIEW_ROW>
    </CUSTOM_FIELD_VIEW>
  </CUSTOM_FIELD>
</CUSTOM_OBJECT>
