<?xml version="1.0"?>
<CUSTOM_OBJECT>
  <NAME>Views -Invoice Header Notes</NAME>
  <TYPE>CF_VIEWS</TYPE>
  <DESCRIPTION>Custom Field Views of Logical Unit Invoice Header Notes</DESCRIPTION>
  <CUSTOM_FIELD_VIEWS EXPORT_DEF_VERSION="1">
    <LU>InvoiceHeaderNotes</LU>
    <TABLE_NAME>INVOICE_HEADER_NOTES_CFT</TABLE_NAME>
    <VIEW_NAME>INVOICE_HEADER_NOTES_CFV</VIEW_NAME>
    <PACKAGE_NAME>INVOICE_HEADER_NOTES_CFP</PACKAGE_NAME>
    <DEFINITION_MODIFIED_DATE>2021-02-09-02.36.09</DEFINITION_MODIFIED_DATE>
    <EXPORT_DATE>2021-07-12-06.53.55</EXPORT_DATE>
    <USED_DB>TRUE</USED_DB>
    <ROWKEY>19E0B3FAC98544EFADF96704879AE8A3</ROWKEY>
    <CUSTOM_FIELD_VIEW>
      <CUSTOM_FIELD_VIEW_ROW>
        <VIEW_NAME>INVOICE_HEADER_NOTES_QRY</VIEW_NAME>
        <CF_VIEW_NAME>INVOICE_HEADER_NOTES_QRY_CFV</CF_VIEW_NAME>
        <USED_DB>FALSE</USED_DB>
        <ROWKEY>F382DB9088A743848918C5FC051169D0</ROWKEY>
      </CUSTOM_FIELD_VIEW_ROW>
    </CUSTOM_FIELD_VIEW>
  </CUSTOM_FIELD_VIEWS>
</CUSTOM_OBJECT>
