<?xml version="1.0"?>
<CUSTOM_OBJECT>
  <NAME>Default Invoice/Statement Bank</NAME>
  <TYPE>CF_PERSISTENT</TYPE>
  <DESCRIPTION>EA -  CRIM 0562</DESCRIPTION>
  <CUSTOM_FIELD EXPORT_DEF_VERSION="1">
    <LU>CompanyDefInvoiceType</LU>
    <TABLE_NAME>COMPANY_DEF_INVOICE_TYPE_CFT</TABLE_NAME>
    <VIEW_NAME>COMPANY_DEF_INVOICE_TYPE_CFV</VIEW_NAME>
    <PACKAGE_NAME>COMPANY_DEF_INVOICE_TYPE_CFP</PACKAGE_NAME>
    <DEFINITION_MODIFIED_DATE>2021-03-22-01.36.01</DEFINITION_MODIFIED_DATE>
    <EXPORT_DATE>2021-07-29-06.09.18</EXPORT_DATE>
    <USED_DB>TRUE</USED_DB>
    <ROWKEY>D4496922AB384974AC76A24A96B9A4CC</ROWKEY>
    <CUSTOM_FIELD_ATTRIBUTE>
      <CUSTOM_FIELD_ATTRIBUTE_ROW>
        <ATTRIBUTE_NAME>DEFAULT_INVOICE</ATTRIBUTE_NAME>
        <DATA_TYPE_DB>REFERENCE</DATA_TYPE_DB>
        <FORMAT_DB>UNFORMATTED</FORMAT_DB>
        <DATA_LENGTH>100</DATA_LENGTH>
        <DEFAULT_VALUE_TYPE_DB>NO_DEFAULT_VALUE</DEFAULT_VALUE_TYPE_DB>
        <DEFAULT_VALUE/>
        <MANDATORY_DB>FALSE</MANDATORY_DB>
        <INSERTABLE_DB>TRUE</INSERTABLE_DB>
        <UPDATEABLE_DB>TRUE</UPDATEABLE_DB>
        <QUERYABLE_DB>TRUE</QUERYABLE_DB>
        <PRIVATE_DB>FALSE</PRIVATE_DB>
        <LOV_DB>TRUE</LOV_DB>
        <INDEXED_DB>FALSE</INDEXED_DB>
        <PROMPT>Default Invoice/Statement Bank</PROMPT>
        <DEFINITION_MODIFIED_DATE>2021-03-22-01.36.01</DEFINITION_MODIFIED_DATE>
        <CUSTOM_FIELD_TYPE_DB>PERSISTENT_FIELD</CUSTOM_FIELD_TYPE_DB>
        <CUSTOM_FIELD_IMPL_TYPE_DB>NOT_APPLICABLE</CUSTOM_FIELD_IMPL_TYPE_DB>
        <EXPRESSION>Company_Def_Invoice_Type_Cfp.Ref_Cf$_Default_Invoice(t.cf$_Default_Invoice)</EXPRESSION>
        <METADATA>SHORT_NAME</METADATA>
        <LU_REFERENCE>CashAccount</LU_REFERENCE>
        <UI_OBJECT_DB>DEFAULT</UI_OBJECT_DB>
        <USED_DB>TRUE</USED_DB>
        <READ_ONLY_EXPRESSION_DB>FALSE</READ_ONLY_EXPRESSION_DB>
        <NOTE>EA -  CRIM 0562</NOTE>
        <ENABLED_ON_REPORTS_DB>TRUE</ENABLED_ON_REPORTS_DB>
        <CONSTRAINT_TYPE_DB>RESTRICTED</CONSTRAINT_TYPE_DB>
        <LOV_VIEW>CASH_ACCOUNT</LOV_VIEW>
        <ALTERNATE_KEY_DB>FALSE</ALTERNATE_KEY_DB>
        <ROWKEY>FEB02ED4CE7E49EA9CE66DF8367F9AB6</ROWKEY>
      </CUSTOM_FIELD_ATTRIBUTE_ROW>
    </CUSTOM_FIELD_ATTRIBUTE>
    <TRANSLATIONS>
  </TRANSLATIONS>
    <CUSTOM_FIELD_VIEW>
      <CUSTOM_FIELD_VIEW_ROW>
        <VIEW_NAME>COMPANY_DEF_INVOICE_TYPE_PUB</VIEW_NAME>
        <CF_VIEW_NAME>COMPANY_DEF_INVOI461080733_CFV</CF_VIEW_NAME>
        <USED_DB>FALSE</USED_DB>
        <ROWKEY>9E16D0D2937E482BBE1C78265D15FD26</ROWKEY>
      </CUSTOM_FIELD_VIEW_ROW>
    </CUSTOM_FIELD_VIEW>
  </CUSTOM_FIELD>
</CUSTOM_OBJECT>
