<?xml version="1.0"?>
<CUSTOM_OBJECT>
  <NAME>Project Navigator</NAME>
  <TYPE>CUSTOM_MENU</TYPE>
  <DESCRIPTION>RMB to navigate to Project Navigator</DESCRIPTION>
  <CUSTOM_MENU EXPORT_DEF_VERSION="1">
    <MENU_ID>242225</MENU_ID>
    <DESCRIPTION>RMB to navigate to Project Navigator</DESCRIPTION>
    <WINDOW>frmRevenueRecognitionProject.tblRevRecogProject</WINDOW>
    <PROCESS>NONE</PROCESS>
    <ORDERING>1</ORDERING>
    <PARAMETER>frmProjectInfoNew</PARAMETER>
    <CUSTOM_MENU_TYPE_DB>2</CUSTOM_MENU_TYPE_DB>
    <BUNDLE_EXECUTION_DB>FALSE</BUNDLE_EXECUTION_DB>
    <PO_ID>frmProjectInfoNew</PO_ID>
    <ENABLED_WHEN/>
    <REFRESH_UI>FALSE</REFRESH_UI>
    <EXPORT_DATE>2021-05-27-05.27.50</EXPORT_DATE>
    <DEFINITION_MODIFIED_DATE>2021-03-09-06.11.51</DEFINITION_MODIFIED_DATE>
    <OBJVERSION>20210510114844</OBJVERSION>
    <OBJKEY>39E75DB70FAF472E90DA898D6A8FCB92</OBJKEY>
    <TEXTS>
      <TEXTS_ROW>
        <LANGUAGE_CODE>en</LANGUAGE_CODE>
        <TITLE>Project Navigator</TITLE>
        <OBJKEY>9B6BA6D0DBCE4BDF8A4F3A0FD4786B6B</OBJKEY>
      </TEXTS_ROW>
    </TEXTS>
    <KEY_TRANSLATIONS>
      <KEY_TRANSLATIONS_ROW>
        <ID>1</ID>
        <SOURCE_KEY_NAME>PROJECT_ID</SOURCE_KEY_NAME>
        <DEST_KEY_NAME>PROJECT_ID</DEST_KEY_NAME>
        <OBJKEY>9B5C37DF899845A9B1D0954F06CBD3BF</OBJKEY>
      </KEY_TRANSLATIONS_ROW>
      <KEY_TRANSLATIONS_ROW>
        <ID>2</ID>
        <SOURCE_KEY_NAME>COMPANY</SOURCE_KEY_NAME>
        <DEST_KEY_NAME>COMPANY</DEST_KEY_NAME>
        <OBJKEY>877EBD0069B64F5492DB58F5E4246A3C</OBJKEY>
      </KEY_TRANSLATIONS_ROW>
    </KEY_TRANSLATIONS>
    <EXPANDABLE_PARAMETERS>
  </EXPANDABLE_PARAMETERS>
  </CUSTOM_MENU>
</CUSTOM_OBJECT>
