<?xml version="1.0"?>
<CUSTOM_OBJECT>
  <NAME>Period Allocation</NAME>
  <TYPE>CF_READ_ONLY</TYPE>
  <DESCRIPTION>EA - CRIM 0580</DESCRIPTION>
  <CUSTOM_FIELD EXPORT_DEF_VERSION="1">
    <LU>VoucherRow</LU>
    <TABLE_NAME>VOUCHER_ROW_CFT</TABLE_NAME>
    <VIEW_NAME>VOUCHER_ROW_CFV</VIEW_NAME>
    <PACKAGE_NAME>VOUCHER_ROW_CFP</PACKAGE_NAME>
    <DEFINITION_MODIFIED_DATE>2021-04-16-06.39.07</DEFINITION_MODIFIED_DATE>
    <EXPORT_DATE>2021-07-12-06.53.58</EXPORT_DATE>
    <USED_DB>TRUE</USED_DB>
    <ROWKEY>366A0B1319234B848204E0A25D6292BA</ROWKEY>
    <CUSTOM_FIELD_ATTRIBUTE>
      <CUSTOM_FIELD_ATTRIBUTE_ROW>
        <ATTRIBUTE_NAME>PERIOD_ALLOCATION</ATTRIBUTE_NAME>
        <DATA_TYPE_DB>ENUMERATION</DATA_TYPE_DB>
        <FORMAT_DB>UNFORMATTED</FORMAT_DB>
        <DATA_LENGTH>20</DATA_LENGTH>
        <DEFAULT_VALUE_TYPE_DB>ENUMERATION_VALUE</DEFAULT_VALUE_TYPE_DB>
        <DEFAULT_VALUE>Y</DEFAULT_VALUE>
        <MANDATORY_DB>FALSE</MANDATORY_DB>
        <INSERTABLE_DB>FALSE</INSERTABLE_DB>
        <UPDATEABLE_DB>FALSE</UPDATEABLE_DB>
        <QUERYABLE_DB>TRUE</QUERYABLE_DB>
        <PRIVATE_DB>FALSE</PRIVATE_DB>
        <LOV_DB>FALSE</LOV_DB>
        <INDEXED_DB>FALSE</INDEXED_DB>
        <PROMPT>Period Allocation</PROMPT>
        <DEFINITION_MODIFIED_DATE>2021-04-16-06.47.13</DEFINITION_MODIFIED_DATE>
        <CUSTOM_FIELD_TYPE_DB>READ_ONLY_FIELD</CUSTOM_FIELD_TYPE_DB>
        <CUSTOM_FIELD_IMPL_TYPE_DB>SELECT_STATEMENT</CUSTOM_FIELD_IMPL_TYPE_DB>
        <EXPRESSION>Voucher_Row_Cfp.Get_Cf$_Period_Allocation(v.voucher_type, v.voucher_no, v.row_no, v.company)</EXPRESSION>
        <METADATA>Select period_allocation From VOUCHER_ROW where voucher_type = :voucher_type and voucher_no = :voucher_no and row_no = :row_no and company = :company</METADATA>
        <LU_REFERENCE>EAYorN</LU_REFERENCE>
        <UI_OBJECT_DB>CHECKBOX</UI_OBJECT_DB>
        <USED_DB>TRUE</USED_DB>
        <READ_ONLY_EXPRESSION_DB>FALSE</READ_ONLY_EXPRESSION_DB>
        <NOTE>EA - CRIM 0580</NOTE>
        <ENABLED_ON_REPORTS_DB>TRUE</ENABLED_ON_REPORTS_DB>
        <CONSTRAINT_TYPE_DB>RESTRICTED</CONSTRAINT_TYPE_DB>
        <LOV_VIEW/>
        <ALTERNATE_KEY_DB>FALSE</ALTERNATE_KEY_DB>
        <ROWKEY>67905AA028C64831A2EEC69F5DFD4259</ROWKEY>
      </CUSTOM_FIELD_ATTRIBUTE_ROW>
    </CUSTOM_FIELD_ATTRIBUTE>
    <TRANSLATIONS>
      <TRANSLATIONS_ROW LANG_CODE="gb">
        <NAME>CF$_PERIOD_ALLOCATION</NAME>
        <LAST_UPDATE>2021-06-18-13.22.35</LAST_UPDATE>
        <PROG_TEXT>Period Allocation</PROG_TEXT>
        <TEXT>Period Allocation</TEXT>
      </TRANSLATIONS_ROW>
    </TRANSLATIONS>
    <CUSTOM_FIELD_VIEW>
      <CUSTOM_FIELD_VIEW_ROW>
        <VIEW_NAME>ACCRUL_VOUCHER_ROW_QRY</VIEW_NAME>
        <CF_VIEW_NAME>ACCRUL_VOUCHER_ROW_QRY_CFV</CF_VIEW_NAME>
        <USED_DB>FALSE</USED_DB>
        <ROWKEY>420DFE375A744BBFBCC56208E6129921</ROWKEY>
      </CUSTOM_FIELD_VIEW_ROW>
      <CUSTOM_FIELD_VIEW_ROW>
        <VIEW_NAME>MULTI_COMPANY_VOUCHER_ROW1</VIEW_NAME>
        <CF_VIEW_NAME>MULTI_COMPANY_VOUCHER_ROW1_CFV</CF_VIEW_NAME>
        <USED_DB>FALSE</USED_DB>
        <ROWKEY>31043FCBB7E7445291B26D7E1547ECB8</ROWKEY>
      </CUSTOM_FIELD_VIEW_ROW>
      <CUSTOM_FIELD_VIEW_ROW>
        <VIEW_NAME>VOUCHERS_INVOICE_LOV</VIEW_NAME>
        <CF_VIEW_NAME>VOUCHERS_INVOICE_LOV_CFV</CF_VIEW_NAME>
        <USED_DB>FALSE</USED_DB>
        <ROWKEY>91EDC601790E47CAAE9F8BB0A3F64F42</ROWKEY>
      </CUSTOM_FIELD_VIEW_ROW>
      <CUSTOM_FIELD_VIEW_ROW>
        <VIEW_NAME>VOUCHER_ROW_QRY</VIEW_NAME>
        <CF_VIEW_NAME>VOUCHER_ROW_QRY_CFV</CF_VIEW_NAME>
        <USED_DB>TRUE</USED_DB>
        <ROWKEY>EDAA081C5DB74FFDA400479F7E1C10BA</ROWKEY>
      </CUSTOM_FIELD_VIEW_ROW>
      <CUSTOM_FIELD_VIEW_ROW>
        <VIEW_NAME>VOUCHER_ROW_QRY_FINREP</VIEW_NAME>
        <CF_VIEW_NAME>VOUCHER_ROW_QRY_FINREP_CFV</CF_VIEW_NAME>
        <USED_DB>FALSE</USED_DB>
        <ROWKEY>3F21659263E64CC2B2F8A1E77B6BFCED</ROWKEY>
      </CUSTOM_FIELD_VIEW_ROW>
      <CUSTOM_FIELD_VIEW_ROW>
        <VIEW_NAME>VOUCHER_ROW_QRY_PID_FINREP</VIEW_NAME>
        <CF_VIEW_NAME>VOUCHER_ROW_QRY_PID_FINREP_CFV</CF_VIEW_NAME>
        <USED_DB>FALSE</USED_DB>
        <ROWKEY>F77D899EF64742839540D19EA23C33E2</ROWKEY>
      </CUSTOM_FIELD_VIEW_ROW>
    </CUSTOM_FIELD_VIEW>
  </CUSTOM_FIELD>
</CUSTOM_OBJECT>
