<?xml version="1.0"?>
<CUSTOM_OBJECT>
  <NAME>Project Navigator</NAME>
  <TYPE>CUSTOM_MENU</TYPE>
  <DESCRIPTION>RMB to navigate to Project Navigator</DESCRIPTION>
  <CUSTOM_MENU EXPORT_DEF_VERSION="1">
    <MENU_ID>242225</MENU_ID>
    <DESCRIPTION>RMB to navigate to Project Navigator</DESCRIPTION>
    <WINDOW>frmRevenueRecognitionProject.tblRevRecogProject</WINDOW>
    <PROCESS>NONE</PROCESS>
    <ORDERING>1</ORDERING>
    <PARAMETER>frmProjectInfoNew</PARAMETER>
    <CUSTOM_MENU_TYPE_DB>2</CUSTOM_MENU_TYPE_DB>
    <BUNDLE_EXECUTION_DB>FALSE</BUNDLE_EXECUTION_DB>
    <PO_ID>frmProjectInfoNew</PO_ID>
    <ENABLED_WHEN/>
    <REFRESH_UI>FALSE</REFRESH_UI>
    <EXPORT_DATE>2021-07-30-05.20.25</EXPORT_DATE>
    <DEFINITION_MODIFIED_DATE>2021-03-09-06.11.51</DEFINITION_MODIFIED_DATE>
    <OBJVERSION>20210510091032</OBJVERSION>
    <OBJKEY>3D2095AB8C9240CDB14657B07E526989</OBJKEY>
    <TEXTS>
      <TEXTS_ROW>
        <LANGUAGE_CODE>en</LANGUAGE_CODE>
        <TITLE>Project Navigator</TITLE>
        <OBJKEY>C5DE44DE5B8D4B56A5D6BD7A5690482D</OBJKEY>
      </TEXTS_ROW>
    </TEXTS>
    <KEY_TRANSLATIONS>
      <KEY_TRANSLATIONS_ROW>
        <ID>1</ID>
        <SOURCE_KEY_NAME>PROJECT_ID</SOURCE_KEY_NAME>
        <DEST_KEY_NAME>PROJECT_ID</DEST_KEY_NAME>
        <OBJKEY>03E9821F9C5D4FF5BB6D21AAF1B45351</OBJKEY>
      </KEY_TRANSLATIONS_ROW>
      <KEY_TRANSLATIONS_ROW>
        <ID>2</ID>
        <SOURCE_KEY_NAME>COMPANY</SOURCE_KEY_NAME>
        <DEST_KEY_NAME>COMPANY</DEST_KEY_NAME>
        <OBJKEY>C680C0F130024B87B3F26FAF16089C57</OBJKEY>
      </KEY_TRANSLATIONS_ROW>
    </KEY_TRANSLATIONS>
    <EXPANDABLE_PARAMETERS>
  </EXPANDABLE_PARAMETERS>
  </CUSTOM_MENU>
</CUSTOM_OBJECT>
