<?xml version="1.0"?>
<CUSTOM_OBJECT>
  <NAME>0^CUST_ORD_MANDATORY_PO_NO^CustomerOrder</NAME>
  <TYPE>CUSTOM_EVENT_ACTION</TYPE>
  <DESCRIPTION>Event Action warns the user when Customer Orders created from a Sales Quotation or a Business Opportunity being released without the Customer Po. No.

C0413</DESCRIPTION>
  <CUSTOM_EVENT_ACTION EXPORT_DEF_VERSION="2">
    <EVENT_LU_NAME>CustomerOrder</EVENT_LU_NAME>
    <EVENT_ID>CUST_ORD_MANDATORY_PO_NO</EVENT_ID>
    <ACTION_NUMBER>0</ACTION_NUMBER>
    <ACTION_ENABLE>TRUE</ACTION_ENABLE>
    <ACTION_PARAMETERS>!FNDSER.EVENT_ACTION_PARAM
$SQL=DECLARE
-   quotation_no_ VARCHAR2(20);
-   busi_opp_no_  VARCHAR2(20);
-   cust_po_no_   VARCHAR2(20);
-   contract_ VARCHAR2(20);
-BEGIN
-   quotation_no_  := &apos;&amp;NEW:QUOTATION_NO&apos;;
-   busi_opp_no_  := &apos;&amp;NEW:BUSINESS_OPPORTUNITY_NO&apos;;
-   cust_po_no_ := &apos;&amp;NEW:CUSTOMER_PO_NO&apos;;
-   contract_ := &apos;&amp;NEW:CONTRACT&apos;;
-
-   IF (quotation_no_ IS NOT NULL OR busi_opp_no_  IS NOT NULL) AND contract_ = &apos;2012&apos; THEN
-      IF cust_po_no_   IS NULL THEN
-         Error_SYS.Appl_General(&apos;CustomerOrder&apos;,&apos;CUST_PO_NO_MANDATORY: Customer PO Number is mandatory for customer orders originated via a Business Opportunity or a Sales Quotation&apos;);
-      END IF;
-   END IF;
-END; 
$ATTACH=!ATTACHMENTS
</ACTION_PARAMETERS>
    <FND_EVENT_ACTION_TYPE_DB>EXECUTEONLINESQL</FND_EVENT_ACTION_TYPE_DB>
    <CONDITION_TYPE>!EVENT_ACTION_COND_TYPE
$NEW:BUSINESS_OPPORTUNITY_NO=
$NEW:CONTRACT=
$NEW:CUSTOMER_PO_NO=
$NEW:QUOTATION_NO=
$NEW:ROWSTATE==
</CONDITION_TYPE>
    <CONDITION_VALUE>!EVENT_ACTION_COND_VALUE
$NEW:BUSINESS_OPPORTUNITY_NO=
$NEW:CONTRACT=
$NEW:CUSTOMER_PO_NO=
$NEW:QUOTATION_NO=
$NEW:ROWSTATE=Released
</CONDITION_VALUE>
    <DESCRIPTION>Event Action warns the user when Customer Orders created from a Sales Quotation or a Business Opportunity being released without the Customer Po. No.

C0413</DESCRIPTION>
    <SUBSCRIBABLE>FALSE</SUBSCRIBABLE>
    <SYSTEM_DEFINED>FALSE</SYSTEM_DEFINED>
    <ROLE/>
    <DEFINITION_MODIFIED_DATE>2021-05-13-04.10.58</DEFINITION_MODIFIED_DATE>
    <OBJKEY>9DDE132FB12B4DB6AAFED6E0126978BD</OBJKEY>
  </CUSTOM_EVENT_ACTION>
</CUSTOM_OBJECT>
