<?xml version="1.0"?>
<CUSTOM_OBJECT>
  <NAME>ClientMetadata.client:ManualSupplierInvoiceAssistant</NAME>
  <TYPE>AURENA_PAGE_GROUP</TYPE>
  <DESCRIPTION>DESCRIPTION value</DESCRIPTION>
  <WEB_PAGE_BUNDLE>
    <MODEL_ID>ClientMetadata.client:ManualSupplierInvoiceAssistant</MODEL_ID>
    <DESCRIPTION>List of values fragment defining view subval_invoice_lov</DESCRIPTION>
    <ARTIFACT>client</ARTIFACT>
    <NAME>ManualSupplierInvoiceAssistant</NAME>
    <KIND>ClientMetadata</KIND>
    <REFERENCE>ClientMetadata.projection:ManualSupplierInvoiceAssistantHandling</REFERENCE>
    <PROFILED>TRUE</PROFILED>
    <VERSION>2021-07-23-03.17.57</VERSION>
    <DATA>
      <DATA_ROW>
        <OBJKEY>B862BDDFF62F4C4AA72FE672369D43D9</OBJKEY>
        <SCOPE_ID>global</SCOPE_ID>
        <DATA_ID>list:ReceiptReferenceLovList</DATA_ID>
        <ARTIFACT>list</ARTIFACT>
        <NAME>ReceiptReferenceLovList</NAME>
        <LINE_NO>108</LINE_NO>
        <LAYER_NO>2</LAYER_NO>
        <VISIBILITY>Public</VISIBILITY>
        <REFERENCE/>
        <DEPENDENCIES/>
        <CONTENT>{&quot;name&quot;:&quot;ReceiptReferenceLovList&quot;,&quot;label&quot;:&quot;&quot;,&quot;entity&quot;:&quot;ReceiptReference&quot;,&quot;content&quot;:[{&quot;elementType&quot;:&quot;field&quot;,&quot;field&quot;:{&quot;name&quot;:&quot;ReceiptReference&quot;,&quot;attribute&quot;:&quot;ReceiptReference&quot;,&quot;control&quot;:&quot;static&quot;,&quot;entity&quot;:&quot;ReceiptReference&quot;,&quot;label&quot;:&quot;[#[translatesys:Data Field:ManualSupplierInvoiceAssistant.list.ReceiptReferenceLovList.listcontent.static.ReceiptReference:ReceiptReference:WEB:Receipt Ref]#]&quot;,&quot;translationKey&quot;:&quot;ManualSupplierInvoiceAssistant.list.ReceiptReferenceLovList.listcontent.static.ReceiptReference&quot;,&quot;datatype&quot;:&quot;Text&quot;,&quot;array&quot;:false,&quot;format&quot;:&quot;uppercase&quot;,&quot;editable&quot;:false,&quot;required&quot;:false}},{&quot;elementType&quot;:&quot;field&quot;,&quot;field&quot;:{&quot;name&quot;:&quot;SourceRef1&quot;,&quot;attribute&quot;:&quot;SourceRef1&quot;,&quot;control&quot;:&quot;static&quot;,&quot;entity&quot;:&quot;ReceiptReference&quot;,&quot;label&quot;:&quot;[#[translatesys:Data Field:ManualSupplierInvoiceAssistant.list.ReceiptReferenceLovList.listcontent.static.SourceRef1:SourceRef1:WEB:Source Ref 1]#]&quot;,&quot;translationKey&quot;:&quot;ManualSupplierInvoiceAssistant.list.ReceiptReferenceLovList.listcontent.static.SourceRef1&quot;,&quot;datatype&quot;:&quot;Text&quot;,&quot;array&quot;:false,&quot;editable&quot;:false,&quot;required&quot;:false}},{&quot;elementType&quot;:&quot;field&quot;,&quot;field&quot;:{&quot;name&quot;:&quot;ArrivalDate&quot;,&quot;attribute&quot;:&quot;ArrivalDate&quot;,&quot;control&quot;:&quot;static&quot;,&quot;entity&quot;:&quot;ReceiptReference&quot;,&quot;label&quot;:&quot;[#[translatesys:Data Field:ManualSupplierInvoiceAssistant.list.ReceiptReferenceLovList.listcontent.static.ArrivalDate:ArrivalDate:WEB:Arrival Date]#]&quot;,&quot;translationKey&quot;:&quot;ManualSupplierInvoiceAssistant.list.ReceiptReferenceLovList.listcontent.static.ArrivalDate&quot;,&quot;datatype&quot;:&quot;Timestamp&quot;,&quot;array&quot;:false,&quot;editable&quot;:false,&quot;required&quot;:false}},{&quot;elementType&quot;:&quot;field&quot;,&quot;field&quot;:{&quot;name&quot;:&quot;Cf_Part_No&quot;,&quot;entity&quot;:&quot;ReceiptReference&quot;,&quot;datatype&quot;:&quot;Text&quot;,&quot;required&quot;:false,&quot;control&quot;:&quot;field&quot;,&quot;label&quot;:&quot;[#[translatesys:Data Field:[global].ManualSupplierInvoiceAssistant.list.ReceiptReferenceLovList.content.field.Cf_Part_No:Cf_Part_No:CONFIGCLIENT:Part No]#]&quot;,&quot;attribute&quot;:&quot;Cf_Part_No&quot;,&quot;editable&quot;:false,&quot;maxlength&quot;:4000}},{&quot;elementType&quot;:&quot;field&quot;,&quot;field&quot;:{&quot;name&quot;:&quot;Cf_Part_Description&quot;,&quot;entity&quot;:&quot;ReceiptReference&quot;,&quot;datatype&quot;:&quot;Text&quot;,&quot;required&quot;:false,&quot;control&quot;:&quot;field&quot;,&quot;label&quot;:&quot;[#[translatesys:Data Field:[global].ManualSupplierInvoiceAssistant.list.ReceiptReferenceLovList.content.field.Cf_Part_Description:Cf_Part_Description:CONFIGCLIENT:Part Description]#]&quot;,&quot;attribute&quot;:&quot;Cf_Part_Description&quot;,&quot;editable&quot;:false,&quot;maxlength&quot;:4000}},{&quot;elementType&quot;:&quot;field&quot;,&quot;field&quot;:{&quot;name&quot;:&quot;Cf_Invoiced_Qty&quot;,&quot;entity&quot;:&quot;ReceiptReference&quot;,&quot;datatype&quot;:&quot;Number&quot;,&quot;required&quot;:false,&quot;control&quot;:&quot;field&quot;,&quot;label&quot;:&quot;[#[translatesys:Data Field:[global].ManualSupplierInvoiceAssistant.list.ReceiptReferenceLovList.content.field.Cf_Invoiced_Qty:Cf_Invoiced_Qty:CONFIGCLIENT:Invoiced Quantity]#]&quot;,&quot;attribute&quot;:&quot;Cf_Invoiced_Qty&quot;,&quot;editable&quot;:false}},{&quot;elementType&quot;:&quot;field&quot;,&quot;field&quot;:{&quot;name&quot;:&quot;Cf_Arrived_Qty&quot;,&quot;entity&quot;:&quot;ReceiptReference&quot;,&quot;datatype&quot;:&quot;Number&quot;,&quot;required&quot;:false,&quot;control&quot;:&quot;field&quot;,&quot;label&quot;:&quot;[#[translatesys:Data Field:[global].ManualSupplierInvoiceAssistant.list.ReceiptReferenceLovList.content.field.Cf_Arrived_Qty:Cf_Arrived_Qty:CONFIGCLIENT:Arrived Quantity]#]&quot;,&quot;attribute&quot;:&quot;Cf_Arrived_Qty&quot;,&quot;editable&quot;:false}},{&quot;elementType&quot;:&quot;field&quot;,&quot;field&quot;:{&quot;name&quot;:&quot;Cf_Order_Quantity&quot;,&quot;entity&quot;:&quot;ReceiptReference&quot;,&quot;datatype&quot;:&quot;Number&quot;,&quot;required&quot;:false,&quot;control&quot;:&quot;field&quot;,&quot;label&quot;:&quot;[#[translatesys:Data Field:[global].ManualSupplierInvoiceAssistant.list.ReceiptReferenceLovList.content.field.Cf_Order_Quantity:Cf_Order_Quantity:CONFIGCLIENT:Order Quantity]#]&quot;,&quot;attribute&quot;:&quot;Cf_Order_Quantity&quot;,&quot;editable&quot;:false}},{&quot;elementType&quot;:&quot;field&quot;,&quot;field&quot;:{&quot;name&quot;:&quot;Cf_Remaining_Qty_Invoiced&quot;,&quot;entity&quot;:&quot;ReceiptReference&quot;,&quot;datatype&quot;:&quot;Number&quot;,&quot;required&quot;:false,&quot;control&quot;:&quot;field&quot;,&quot;label&quot;:&quot;[#[translatesys:Data Field:[global].ManualSupplierInvoiceAssistant.list.ReceiptReferenceLovList.content.field.Cf_Remaining_Qty_Invoiced:Cf_Remaining_Qty_Invoiced:CONFIGCLIENT:Remaining Quantity to be Invoiced]#]&quot;,&quot;attribute&quot;:&quot;Cf_Remaining_Qty_Invoiced&quot;,&quot;editable&quot;:false}}],&quot;@[DIFF]PACKED&quot;:{&quot;content&quot;:{&quot;0&quot;:{&quot;@[DIFF]ID&quot;:&quot;2f635dbf6c3970acfc6f47f39ce22b6a8dbd1883&quot;},&quot;1&quot;:{&quot;@[DIFF]ID&quot;:&quot;47ece547d4bddb746f635d6143afeb60454d88f6&quot;},&quot;2&quot;:{&quot;@[DIFF]ID&quot;:&quot;8838ab1fca9c8f5a4de5fb71ce3fc69fc87f0df3&quot;},&quot;3&quot;:{&quot;@[DIFF]ID&quot;:&quot;faf47b2a7742e475d08da149d8d9675dfbf21993&quot;},&quot;4&quot;:{&quot;@[DIFF]ID&quot;:&quot;dd6f2bf3ae35d60113a8ba850b613d756416912a&quot;},&quot;5&quot;:{&quot;@[DIFF]ID&quot;:&quot;f395257a6e3080ae17c9d1531bfda58aa3085951&quot;},&quot;6&quot;:{&quot;@[DIFF]ID&quot;:&quot;d82aa3dd3c4a8d34d0c56716357e5176073d1c95&quot;},&quot;7&quot;:{&quot;@[DIFF]ID&quot;:&quot;b8578b67073edb370cb075d4c6ad0823935b8593&quot;},&quot;8&quot;:{&quot;@[DIFF]ID&quot;:&quot;bcf71526f674a2ab8b7edd7a199f258f5210cc60&quot;}}}}</CONTENT>
      </DATA_ROW>
    </DATA>
  </WEB_PAGE_BUNDLE>
</CUSTOM_OBJECT>
