<?xml version="1.0"?>
<CUSTOM_OBJECT>
  <NAME/>
  <TYPE>CUSTOM_MENU</TYPE>
  <DESCRIPTION/>
  <CUSTOM_MENU EXPORT_DEF_VERSION="1">
    <MENU_ID>867389</MENU_ID>
    <DESCRIPTION/>
    <WINDOW>frmCustomerAnalysis.tblCustomerDetails</WINDOW>
    <PROCESS>NONE</PROCESS>
    <ORDERING>6</ORDERING>
    <PARAMETER/>
    <CUSTOM_MENU_TYPE_DB>6</CUSTOM_MENU_TYPE_DB>
    <BUNDLE_EXECUTION_DB>FALSE</BUNDLE_EXECUTION_DB>
    <PO_ID/>
    <ENABLED_WHEN/>
    <REFRESH_UI/>
    <EXPORT_DATE>2021-08-13-04.16.35</EXPORT_DATE>
    <DEFINITION_MODIFIED_DATE>2021-04-22-14.14.35</DEFINITION_MODIFIED_DATE>
    <OBJVERSION>20210618122932</OBJVERSION>
    <OBJKEY>E08D7C4F6AD84802A067937DCD99874C</OBJKEY>
    <TEXTS>
  </TEXTS>
    <KEY_TRANSLATIONS>
  </KEY_TRANSLATIONS>
    <EXPANDABLE_PARAMETERS>
  </EXPANDABLE_PARAMETERS>
  </CUSTOM_MENU>
</CUSTOM_OBJECT>
