<?xml version="1.0"?>
<CUSTOM_OBJECT>
  <NAME>Views -Man Supp Invoice</NAME>
  <TYPE>CF_VIEWS</TYPE>
  <DESCRIPTION>Custom Field Views of Logical Unit Man Supp Invoice</DESCRIPTION>
  <CUSTOM_FIELD_VIEWS EXPORT_DEF_VERSION="1">
    <LU>ManSuppInvoice</LU>
    <TABLE_NAME>MAN_SUPP_INVOICE_CFT</TABLE_NAME>
    <VIEW_NAME>MAN_SUPP_INVOICE_CFV</VIEW_NAME>
    <PACKAGE_NAME>MAN_SUPP_INVOICE_CFP</PACKAGE_NAME>
    <DEFINITION_MODIFIED_DATE>2021-07-02-13.56.49</DEFINITION_MODIFIED_DATE>
    <EXPORT_DATE>2021-08-19-10.08.25</EXPORT_DATE>
    <USED_DB>TRUE</USED_DB>
    <ROWKEY>F2410C56A6B84313AAB2281FA82CD588</ROWKEY>
    <CUSTOM_FIELD_VIEW>
      <CUSTOM_FIELD_VIEW_ROW>
        <VIEW_NAME>ALLOWED_TO_VIEW_MAN_SUPP_INV</VIEW_NAME>
        <CF_VIEW_NAME>ALLOWED_TO_VIEW_1798607133_CFV</CF_VIEW_NAME>
        <USED_DB>TRUE</USED_DB>
        <ROWKEY>EF220A7AF8E042168B7BF3C161A511D0</ROWKEY>
      </CUSTOM_FIELD_VIEW_ROW>
      <CUSTOM_FIELD_VIEW_ROW>
        <VIEW_NAME>MANAGE_SUPPLIER_INVOICE</VIEW_NAME>
        <CF_VIEW_NAME>MANAGE_SUPPLIER_INVOICE_CFV</CF_VIEW_NAME>
        <USED_DB>TRUE</USED_DB>
        <ROWKEY>366EF51BD9B9449E9DCB3A201285F7CA</ROWKEY>
      </CUSTOM_FIELD_VIEW_ROW>
      <CUSTOM_FIELD_VIEW_ROW>
        <VIEW_NAME>POSTING_PROPOSAL_INVOICE</VIEW_NAME>
        <CF_VIEW_NAME>POSTING_PROPOSAL_INVOICE_CFV</CF_VIEW_NAME>
        <USED_DB>TRUE</USED_DB>
        <ROWKEY>401904F43A504017A40E6219B4BDB302</ROWKEY>
      </CUSTOM_FIELD_VIEW_ROW>
      <CUSTOM_FIELD_VIEW_ROW>
        <VIEW_NAME>POSTING_PROPOSAL_INVOICE_QRY</VIEW_NAME>
        <CF_VIEW_NAME>POSTING_PROPOSAL4141051185_CFV</CF_VIEW_NAME>
        <USED_DB>TRUE</USED_DB>
        <ROWKEY>3DE438A328DA49448DF851593D20750E</ROWKEY>
      </CUSTOM_FIELD_VIEW_ROW>
      <CUSTOM_FIELD_VIEW_ROW>
        <VIEW_NAME>POSTING_PROPOSAL_PP_SUPER</VIEW_NAME>
        <CF_VIEW_NAME>POSTING_PROPOSAL_PP_SUPER_CFV</CF_VIEW_NAME>
        <USED_DB>TRUE</USED_DB>
        <ROWKEY>38F796722C774C6EBF2BF929C7D7D83D</ROWKEY>
      </CUSTOM_FIELD_VIEW_ROW>
    </CUSTOM_FIELD_VIEW>
  </CUSTOM_FIELD_VIEWS>
</CUSTOM_OBJECT>
