<?xml version="1.0"?>
<CUSTOM_OBJECT>
  <NAME>CUST_ORD_MANDATORY_PO_NO</NAME>
  <TYPE>CUSTOM_EVENT</TYPE>
  <DESCRIPTION>Event to warn the user when Customer Orders created from a Sales Quotation or a Business Opportunity being released without the Customer Po. No.
C0413</DESCRIPTION>
  <CUSTOM_EVENT EXPORT_DEF_VERSION="1">
    <EVENT_LU_NAME>CustomerOrder</EVENT_LU_NAME>
    <EVENT_ID>CUST_ORD_MANDATORY_PO_NO</EVENT_ID>
    <EVENT_DESCRIPTION>Event to warn the user when Customer Orders created from a Sales Quotation or a Business Opportunity being released without the Customer Po. No.
C0413</EVENT_DESCRIPTION>
    <EVENT_ENABLE>TRUE</EVENT_ENABLE>
    <EVENT_TABLE_NAME>CUSTOMER_ORDER_TAB</EVENT_TABLE_NAME>
    <MODIFIED_ATTRIBUTES>ROWSTATE</MODIFIED_ATTRIBUTES>
    <EVENT_TYPE_DB>CUSTOM</EVENT_TYPE_DB>
    <NEW_ROW_DB>FALSE</NEW_ROW_DB>
    <MODIFY_ROW_DB>TRUE</MODIFY_ROW_DB>
    <REMOVE_ROW_DB>FALSE</REMOVE_ROW_DB>
    <EVENT_TRIGGER_TYPE_DB>AFTER</EVENT_TRIGGER_TYPE_DB>
    <DEFINITION_MODIFIED_DATE>2021-05-13-04.10.46</DEFINITION_MODIFIED_DATE>
    <OBJKEY>6B755E5A7C4A4794B417C070DFD629F6</OBJKEY>
    <EVENT_PARAMETERS>
      <EVENT_PARAMETERS_ROW>
        <ID>BUSINESS_OPPORTUNITY_NO</ID>
        <ID_TYPE>STRING</ID_TYPE>
        <PLSQL_METHOD/>
        <CURRENT_VALUE_DB>FALSE</CURRENT_VALUE_DB>
        <NEW_VALUE_DB>TRUE</NEW_VALUE_DB>
      </EVENT_PARAMETERS_ROW>
      <EVENT_PARAMETERS_ROW>
        <ID>CONTRACT</ID>
        <ID_TYPE>STRING</ID_TYPE>
        <PLSQL_METHOD/>
        <CURRENT_VALUE_DB>FALSE</CURRENT_VALUE_DB>
        <NEW_VALUE_DB>TRUE</NEW_VALUE_DB>
      </EVENT_PARAMETERS_ROW>
      <EVENT_PARAMETERS_ROW>
        <ID>CUSTOMER_PO_NO</ID>
        <ID_TYPE>STRING</ID_TYPE>
        <PLSQL_METHOD/>
        <CURRENT_VALUE_DB>FALSE</CURRENT_VALUE_DB>
        <NEW_VALUE_DB>TRUE</NEW_VALUE_DB>
      </EVENT_PARAMETERS_ROW>
      <EVENT_PARAMETERS_ROW>
        <ID>QUOTATION_NO</ID>
        <ID_TYPE>STRING</ID_TYPE>
        <PLSQL_METHOD/>
        <CURRENT_VALUE_DB>FALSE</CURRENT_VALUE_DB>
        <NEW_VALUE_DB>TRUE</NEW_VALUE_DB>
      </EVENT_PARAMETERS_ROW>
      <EVENT_PARAMETERS_ROW>
        <ID>ROWSTATE</ID>
        <ID_TYPE>STRING</ID_TYPE>
        <PLSQL_METHOD/>
        <CURRENT_VALUE_DB>FALSE</CURRENT_VALUE_DB>
        <NEW_VALUE_DB>TRUE</NEW_VALUE_DB>
      </EVENT_PARAMETERS_ROW>
    </EVENT_PARAMETERS>
  </CUSTOM_EVENT>
</CUSTOM_OBJECT>
