<?xml version="1.0"?>
<CUSTOM_OBJECT>
  <NAME>Period Allocation</NAME>
  <TYPE>CF_READ_ONLY</TYPE>
  <DESCRIPTION>EA - CRIM 580</DESCRIPTION>
  <CUSTOM_FIELD EXPORT_DEF_VERSION="1">
    <LU>GenLedVoucherRow</LU>
    <TABLE_NAME>GEN_LED_VOUCHER_ROW_CFT</TABLE_NAME>
    <VIEW_NAME>GEN_LED_VOUCHER_ROW_CFV</VIEW_NAME>
    <PACKAGE_NAME>GEN_LED_VOUCHER_ROW_CFP</PACKAGE_NAME>
    <DEFINITION_MODIFIED_DATE>2021-04-19-13.14.10</DEFINITION_MODIFIED_DATE>
    <EXPORT_DATE>2021-06-18-12.21.26</EXPORT_DATE>
    <USED_DB>TRUE</USED_DB>
    <ROWKEY>26079087F6DA4D1F9A69520DC2027544</ROWKEY>
    <CUSTOM_FIELD_ATTRIBUTE>
      <CUSTOM_FIELD_ATTRIBUTE_ROW>
        <ATTRIBUTE_NAME>PERIOD_ALLOCATION</ATTRIBUTE_NAME>
        <DATA_TYPE_DB>ENUMERATION</DATA_TYPE_DB>
        <FORMAT_DB>UNFORMATTED</FORMAT_DB>
        <DATA_LENGTH>20</DATA_LENGTH>
        <DEFAULT_VALUE_TYPE_DB>ENUMERATION_VALUE</DEFAULT_VALUE_TYPE_DB>
        <DEFAULT_VALUE>Y</DEFAULT_VALUE>
        <MANDATORY_DB>FALSE</MANDATORY_DB>
        <INSERTABLE_DB>FALSE</INSERTABLE_DB>
        <UPDATEABLE_DB>FALSE</UPDATEABLE_DB>
        <QUERYABLE_DB>TRUE</QUERYABLE_DB>
        <PRIVATE_DB>FALSE</PRIVATE_DB>
        <LOV_DB>FALSE</LOV_DB>
        <INDEXED_DB>FALSE</INDEXED_DB>
        <PROMPT>Period Allocation</PROMPT>
        <DEFINITION_MODIFIED_DATE>2021-04-19-12.57.46</DEFINITION_MODIFIED_DATE>
        <CUSTOM_FIELD_TYPE_DB>READ_ONLY_FIELD</CUSTOM_FIELD_TYPE_DB>
        <CUSTOM_FIELD_IMPL_TYPE_DB>SELECT_STATEMENT</CUSTOM_FIELD_IMPL_TYPE_DB>
        <EXPRESSION>Gen_Led_Voucher_Row_Cfp.Get_Cf$_Period_Allocation(v.voucher_type, v.voucher_no, v.company, v.row_no)</EXPRESSION>
        <METADATA>Select CF$_period_allocation From E_A_PERIOD_ALLOCATION_CLV where CF$_VOUCHER_TYPE = :voucher_type and CF$_VOUCHER_NO = :voucher_no and CF$_COMPANY = :company and CF$_ROW_NO = :row_no</METADATA>
        <LU_REFERENCE>EAYorN</LU_REFERENCE>
        <UI_OBJECT_DB>CHECKBOX</UI_OBJECT_DB>
        <USED_DB>TRUE</USED_DB>
        <READ_ONLY_EXPRESSION_DB>FALSE</READ_ONLY_EXPRESSION_DB>
        <NOTE>EA - CRIM 580</NOTE>
        <ENABLED_ON_REPORTS_DB>TRUE</ENABLED_ON_REPORTS_DB>
        <CONSTRAINT_TYPE_DB>RESTRICTED</CONSTRAINT_TYPE_DB>
        <LOV_VIEW/>
        <ALTERNATE_KEY_DB>FALSE</ALTERNATE_KEY_DB>
        <ROWKEY>F1E107A59BA54EA79082E08BF8F219EF</ROWKEY>
      </CUSTOM_FIELD_ATTRIBUTE_ROW>
    </CUSTOM_FIELD_ATTRIBUTE>
    <TRANSLATIONS>
      <TRANSLATIONS_ROW LANG_CODE="gb">
        <NAME>CF$_PERIOD_ALLOCATION</NAME>
        <LAST_UPDATE>2021-05-27-04.15.59</LAST_UPDATE>
        <PROG_TEXT>Period Allocation</PROG_TEXT>
        <TEXT>Period Allocation</TEXT>
      </TRANSLATIONS_ROW>
    </TRANSLATIONS>
    <CUSTOM_FIELD_VIEW>
      <CUSTOM_FIELD_VIEW_ROW>
        <VIEW_NAME>ACCOUNT_MATCHING_QUERY</VIEW_NAME>
        <CF_VIEW_NAME>ACCOUNT_MATCHING_QUERY_CFV</CF_VIEW_NAME>
        <USED_DB>FALSE</USED_DB>
        <ROWKEY>BBF7E403D7524F9DAF3834E64B3D3097</ROWKEY>
      </CUSTOM_FIELD_VIEW_ROW>
      <CUSTOM_FIELD_VIEW_ROW>
        <VIEW_NAME>GEN_LED_AVGTRANS_NAVG_REP</VIEW_NAME>
        <CF_VIEW_NAME>GEN_LED_AVGTRANS_NAVG_REP_CFV</CF_VIEW_NAME>
        <USED_DB>FALSE</USED_DB>
        <ROWKEY>71E56DC02AA4437DB4109F8EECDFE524</ROWKEY>
      </CUSTOM_FIELD_VIEW_ROW>
      <CUSTOM_FIELD_VIEW_ROW>
        <VIEW_NAME>GEN_LED_VOUCHER_ROW2</VIEW_NAME>
        <CF_VIEW_NAME>GEN_LED_VOUCHER_ROW2_CFV</CF_VIEW_NAME>
        <USED_DB>FALSE</USED_DB>
        <ROWKEY>FBD3B6F14A744325B1E80F277493F828</ROWKEY>
      </CUSTOM_FIELD_VIEW_ROW>
      <CUSTOM_FIELD_VIEW_ROW>
        <VIEW_NAME>GEN_LED_VOUCHER_ROW_ACC_MATCH</VIEW_NAME>
        <CF_VIEW_NAME>GEN_LED_VOUCHER_2499394839_CFV</CF_VIEW_NAME>
        <USED_DB>FALSE</USED_DB>
        <ROWKEY>7B008E223C6847ABA1E9B44821EFD815</ROWKEY>
      </CUSTOM_FIELD_VIEW_ROW>
      <CUSTOM_FIELD_VIEW_ROW>
        <VIEW_NAME>GEN_LED_VOUCHER_ROW_AV</VIEW_NAME>
        <CF_VIEW_NAME>GEN_LED_VOUCHER_ROW_AV_CFV</CF_VIEW_NAME>
        <USED_DB>FALSE</USED_DB>
        <ROWKEY>12EE11630D794074B4CFF7C63EC93821</ROWKEY>
      </CUSTOM_FIELD_VIEW_ROW>
      <CUSTOM_FIELD_VIEW_ROW>
        <VIEW_NAME>GEN_LED_VOUCHER_ROW_FINREP</VIEW_NAME>
        <CF_VIEW_NAME>GEN_LED_VOUCHER_ROW_FINREP_CFV</CF_VIEW_NAME>
        <USED_DB>FALSE</USED_DB>
        <ROWKEY>B982BFBBE3E6422DAE24A0ABCF3BD7A4</ROWKEY>
      </CUSTOM_FIELD_VIEW_ROW>
      <CUSTOM_FIELD_VIEW_ROW>
        <VIEW_NAME>GEN_LED_VOUCHER_ROW_MC_QRY</VIEW_NAME>
        <CF_VIEW_NAME>GEN_LED_VOUCHER_ROW_MC_QRY_CFV</CF_VIEW_NAME>
        <USED_DB>FALSE</USED_DB>
        <ROWKEY>EAE87EACFFF34017BFE3E338028EADB0</ROWKEY>
      </CUSTOM_FIELD_VIEW_ROW>
      <CUSTOM_FIELD_VIEW_ROW>
        <VIEW_NAME>GEN_LED_VOUCHER_ROW_MC_QUERY</VIEW_NAME>
        <CF_VIEW_NAME>GEN_LED_VOUCHER_4196946375_CFV</CF_VIEW_NAME>
        <USED_DB>FALSE</USED_DB>
        <ROWKEY>D800C47DAB1748EFA4BB96C389E127C3</ROWKEY>
      </CUSTOM_FIELD_VIEW_ROW>
      <CUSTOM_FIELD_VIEW_ROW>
        <VIEW_NAME>GEN_LED_VOUCHER_ROW_PID_FINREP</VIEW_NAME>
        <CF_VIEW_NAME>GEN_LED_VOUCHER_1036235679_CFV</CF_VIEW_NAME>
        <USED_DB>FALSE</USED_DB>
        <ROWKEY>205C437680FA43EE948C8C154A1EDD69</ROWKEY>
      </CUSTOM_FIELD_VIEW_ROW>
      <CUSTOM_FIELD_VIEW_ROW>
        <VIEW_NAME>GEN_LED_VOUCHER_ROW_UNION_QRY</VIEW_NAME>
        <CF_VIEW_NAME>GEN_LED_VOUCHER_4204506834_CFV</CF_VIEW_NAME>
        <USED_DB>TRUE</USED_DB>
        <ROWKEY>B0624D329C71422F8D98D23DF3EDCEAF</ROWKEY>
      </CUSTOM_FIELD_VIEW_ROW>
      <CUSTOM_FIELD_VIEW_ROW>
        <VIEW_NAME>GL_AND_HOLD_VOU_ROW</VIEW_NAME>
        <CF_VIEW_NAME>GL_AND_HOLD_VOU_ROW_CFV</CF_VIEW_NAME>
        <USED_DB>FALSE</USED_DB>
        <ROWKEY>94822F136C89441BA8D30822F6EE78F4</ROWKEY>
      </CUSTOM_FIELD_VIEW_ROW>
      <CUSTOM_FIELD_VIEW_ROW>
        <VIEW_NAME>GL_AND_HOLD_VOU_ROW_FINREP</VIEW_NAME>
        <CF_VIEW_NAME>GL_AND_HOLD_VOU_ROW_FINREP_CFV</CF_VIEW_NAME>
        <USED_DB>FALSE</USED_DB>
        <ROWKEY>265E5CC8178A44A2879E14A9D03BBE83</ROWKEY>
      </CUSTOM_FIELD_VIEW_ROW>
      <CUSTOM_FIELD_VIEW_ROW>
        <VIEW_NAME>GL_AND_HOLD_VOU_ROW_PID_FINREP</VIEW_NAME>
        <CF_VIEW_NAME>GL_AND_HOLD_VOU_1982017521_CFV</CF_VIEW_NAME>
        <USED_DB>FALSE</USED_DB>
        <ROWKEY>7E643DB8AF864B2392AD8670BFE0CE35</ROWKEY>
      </CUSTOM_FIELD_VIEW_ROW>
      <CUSTOM_FIELD_VIEW_ROW>
        <VIEW_NAME>GL_AND_HOLD_VOU_ROW_QRY</VIEW_NAME>
        <CF_VIEW_NAME>GL_AND_HOLD_VOU_ROW_QRY_CFV</CF_VIEW_NAME>
        <USED_DB>FALSE</USED_DB>
        <ROWKEY>1D2BC937B64A455A96F75D059B538546</ROWKEY>
      </CUSTOM_FIELD_VIEW_ROW>
      <CUSTOM_FIELD_VIEW_ROW>
        <VIEW_NAME>GL_TAX_RECON_ACC_REP</VIEW_NAME>
        <CF_VIEW_NAME>GL_TAX_RECON_ACC_REP_CFV</CF_VIEW_NAME>
        <USED_DB>FALSE</USED_DB>
        <ROWKEY>BC8BD6767DAF4773B519B9E9991AABF9</ROWKEY>
      </CUSTOM_FIELD_VIEW_ROW>
      <CUSTOM_FIELD_VIEW_ROW>
        <VIEW_NAME>UNMATCHED_TRANS_REP</VIEW_NAME>
        <CF_VIEW_NAME>UNMATCHED_TRANS_REP_CFV</CF_VIEW_NAME>
        <USED_DB>FALSE</USED_DB>
        <ROWKEY>24CA052D8A0D4A12BC6AE9F453C6D0A7</ROWKEY>
      </CUSTOM_FIELD_VIEW_ROW>
    </CUSTOM_FIELD_VIEW>
  </CUSTOM_FIELD>
</CUSTOM_OBJECT>
