<?xml version="1.0"?>
<CUSTOM_OBJECT>
  <NAME>CHECK_PERIOD_ALLOCATION</NAME>
  <TYPE>CUSTOM_EVENT</TYPE>
  <DESCRIPTION>C580 - Checking period Allocation</DESCRIPTION>
  <CUSTOM_EVENT EXPORT_DEF_VERSION="1">
    <EVENT_LU_NAME>PeriodAllocation</EVENT_LU_NAME>
    <EVENT_ID>CHECK_PERIOD_ALLOCATION</EVENT_ID>
    <EVENT_DESCRIPTION>C580 - Checking period Allocation</EVENT_DESCRIPTION>
    <EVENT_ENABLE>TRUE</EVENT_ENABLE>
    <EVENT_TABLE_NAME>PERIOD_ALLOCATION_TAB</EVENT_TABLE_NAME>
    <MODIFIED_ATTRIBUTES/>
    <EVENT_TYPE_DB>CUSTOM</EVENT_TYPE_DB>
    <NEW_ROW_DB>TRUE</NEW_ROW_DB>
    <MODIFY_ROW_DB>FALSE</MODIFY_ROW_DB>
    <REMOVE_ROW_DB>FALSE</REMOVE_ROW_DB>
    <EVENT_TRIGGER_TYPE_DB>AFTER</EVENT_TRIGGER_TYPE_DB>
    <DEFINITION_MODIFIED_DATE>2021-05-27-05.08.10</DEFINITION_MODIFIED_DATE>
    <OBJKEY>217689D50778418F8CC8A70D28C5D43E</OBJKEY>
    <EVENT_PARAMETERS>
      <EVENT_PARAMETERS_ROW>
        <ID>ACCOUNTING_YEAR</ID>
        <ID_TYPE>NUMBER</ID_TYPE>
        <PLSQL_METHOD/>
        <CURRENT_VALUE_DB>FALSE</CURRENT_VALUE_DB>
        <NEW_VALUE_DB>TRUE</NEW_VALUE_DB>
      </EVENT_PARAMETERS_ROW>
      <EVENT_PARAMETERS_ROW>
        <ID>ALLOC_PERIOD</ID>
        <ID_TYPE>NUMBER</ID_TYPE>
        <PLSQL_METHOD/>
        <CURRENT_VALUE_DB>FALSE</CURRENT_VALUE_DB>
        <NEW_VALUE_DB>TRUE</NEW_VALUE_DB>
      </EVENT_PARAMETERS_ROW>
      <EVENT_PARAMETERS_ROW>
        <ID>ALLOC_YEAR</ID>
        <ID_TYPE>NUMBER</ID_TYPE>
        <PLSQL_METHOD/>
        <CURRENT_VALUE_DB>FALSE</CURRENT_VALUE_DB>
        <NEW_VALUE_DB>TRUE</NEW_VALUE_DB>
      </EVENT_PARAMETERS_ROW>
      <EVENT_PARAMETERS_ROW>
        <ID>COMPANY</ID>
        <ID_TYPE>STRING</ID_TYPE>
        <PLSQL_METHOD/>
        <CURRENT_VALUE_DB>FALSE</CURRENT_VALUE_DB>
        <NEW_VALUE_DB>TRUE</NEW_VALUE_DB>
      </EVENT_PARAMETERS_ROW>
      <EVENT_PARAMETERS_ROW>
        <ID>ROW_NO</ID>
        <ID_TYPE>NUMBER</ID_TYPE>
        <PLSQL_METHOD/>
        <CURRENT_VALUE_DB>FALSE</CURRENT_VALUE_DB>
        <NEW_VALUE_DB>TRUE</NEW_VALUE_DB>
      </EVENT_PARAMETERS_ROW>
      <EVENT_PARAMETERS_ROW>
        <ID>VOUCHER_NO</ID>
        <ID_TYPE>NUMBER</ID_TYPE>
        <PLSQL_METHOD/>
        <CURRENT_VALUE_DB>FALSE</CURRENT_VALUE_DB>
        <NEW_VALUE_DB>TRUE</NEW_VALUE_DB>
      </EVENT_PARAMETERS_ROW>
      <EVENT_PARAMETERS_ROW>
        <ID>VOUCHER_TYPE</ID>
        <ID_TYPE>STRING</ID_TYPE>
        <PLSQL_METHOD/>
        <CURRENT_VALUE_DB>FALSE</CURRENT_VALUE_DB>
        <NEW_VALUE_DB>TRUE</NEW_VALUE_DB>
      </EVENT_PARAMETERS_ROW>
    </EVENT_PARAMETERS>
  </CUSTOM_EVENT>
</CUSTOM_OBJECT>
