<?xml version="1.0"?>
<CUSTOM_OBJECT>
  <NAME>ClientMetadata.client:Supplier</NAME>
  <TYPE>AURENA_PAGE_GROUP</TYPE>
  <DESCRIPTION>DESCRIPTION value</DESCRIPTION>
  <WEB_PAGE_BUNDLE>
    <MODEL_ID>ClientMetadata.client:Supplier</MODEL_ID>
    <DESCRIPTION>SRM Info tab</DESCRIPTION>
    <ARTIFACT>client</ARTIFACT>
    <NAME>Supplier</NAME>
    <KIND>ClientMetadata</KIND>
    <REFERENCE>ClientMetadata.projection:SupplierHandling</REFERENCE>
    <PROFILED>TRUE</PROFILED>
    <VERSION>2021-07-23-04.33.10</VERSION>
    <DATA>
      <DATA_ROW>
        <OBJKEY>988F7847CFE04299BFAA92DB87B469E9</OBJKEY>
        <SCOPE_ID>UK_Service_Mob</SCOPE_ID>
        <DATA_ID>group:SupplierInvoiceGeneralGroup</DATA_ID>
        <ARTIFACT>group</ARTIFACT>
        <NAME>SupplierInvoiceGeneralGroup</NAME>
        <LINE_NO>99999</LINE_NO>
        <LAYER_NO>2</LAYER_NO>
        <VISIBILITY>Public</VISIBILITY>
        <REFERENCE/>
        <DEPENDENCIES/>
        <CONTENT>{&quot;name&quot;:&quot;SupplierInvoiceGeneralGroup&quot;,&quot;label&quot;:&quot;&quot;,&quot;entity&quot;:&quot;IdentityInvoiceInfo&quot;,&quot;content&quot;:[{&quot;elementType&quot;:&quot;field&quot;,&quot;field&quot;:{&quot;name&quot;:&quot;CompanyInvoiceInfoRef&quot;,&quot;selectAttributes&quot;:[&quot;Company&quot;,&quot;Identity&quot;],&quot;attribute&quot;:&quot;Company&quot;,&quot;control&quot;:&quot;lookup&quot;,&quot;entity&quot;:&quot;IdentityInvoiceInfo&quot;,&quot;label&quot;:&quot;[#[translatesys:Data Field:Supplier.group.SupplierInvoiceGeneralGroup.groupcontent.lookup.CompanyInvoiceInfoRef:CompanyInvoiceInfoRef:WEB:Company]#]&quot;,&quot;translationKey&quot;:&quot;Supplier.group.SupplierInvoiceGeneralGroup.groupcontent.lookup.CompanyInvoiceInfoRef&quot;,&quot;datatype&quot;:&quot;Text&quot;,&quot;reference&quot;:&quot;CompanyInvoiceInfoRef&quot;,&quot;lov&quot;:{&quot;selector&quot;:&quot;ReferenceCompanyInvoiceInfo2Selector&quot;,&quot;advancedview&quot;:&quot;CompanyInvoiceInfo2LovList&quot;,&quot;datasourceProjection&quot;:&quot;SupplierHandling&quot;,&quot;datasourceEntitySet&quot;:&quot;Reference_CompanyInvoiceInfo2&quot;},&quot;update&quot;:{&quot;datasourceProjection&quot;:&quot;SupplierHandling&quot;,&quot;datasourceEntitySet&quot;:&quot;Reference_CompanyInvoiceInfo2&quot;,&quot;datasourceAggregateRefs&quot;:{&quot;Company&quot;:&quot;${Company}&quot;},&quot;copy&quot;:{&quot;Company&quot;:&quot;Company&quot;},&quot;fetch&quot;:{},&quot;item&quot;:&quot;CompanyInvoiceInfoRef&quot;},&quot;array&quot;:false,&quot;maxlength&quot;:20,&quot;editable&quot;:{&quot;==&quot;:[{&quot;var&quot;:&quot;record.etag&quot;},null]},&quot;required&quot;:true,&quot;visible&quot;:{&quot;method&quot;:[&quot;record.isNew&quot;]},&quot;validateCommand&quot;:{&quot;name&quot;:&quot;SupplierInvoiceGeneralGroup_CompanyInvoiceInfoRef_validateCommand&quot;,&quot;entity&quot;:&quot;IdentityInvoiceInfo&quot;,&quot;grants&quot;:{&quot;or&quot;:[{&quot;==&quot;:[{&quot;var&quot;:&quot;record.Objgrants&quot;},null]},{&quot;method&quot;:[&quot;api.contains&quot;,[&quot;FetchCompanyInfo&quot;,{&quot;var&quot;:&quot;record.Objgrants&quot;}]]}]},&quot;enabled&quot;:true,&quot;vars&quot;:{&quot;CompanyInfoVar&quot;:{&quot;datatype&quot;:&quot;Structure(CompanyInfoStructure)&quot;}},&quot;execute&quot;:[{&quot;call&quot;:{&quot;method&quot;:&quot;function&quot;,&quot;args&quot;:{&quot;name&quot;:&quot;FetchCompanyInfo(Company=$[Company],Identity=$[Identity])&quot;,&quot;projection&quot;:&quot;SupplierHandling&quot;,&quot;bound&quot;:false}},&quot;assign&quot;:&quot;CompanyInfoVar&quot;},{&quot;call&quot;:{&quot;method&quot;:&quot;copy&quot;,&quot;args&quot;:{&quot;from&quot;:&quot;CompanyInfoVar&quot;,&quot;to&quot;:&quot;this&quot;,&quot;skipNulls&quot;:false}}}]}}},{&quot;elementType&quot;:&quot;field&quot;,&quot;field&quot;:{&quot;name&quot;:&quot;IdentityType&quot;,&quot;attribute&quot;:&quot;IdentityType&quot;,&quot;control&quot;:&quot;field&quot;,&quot;entity&quot;:&quot;IdentityInvoiceInfo&quot;,&quot;label&quot;:&quot;[#[translatesys:Data Field:Supplier.group.SupplierInvoiceGeneralGroup.groupcontent.field.IdentityType:IdentityType:WEB:Supplier Type]#]&quot;,&quot;translationKey&quot;:&quot;Supplier.group.SupplierInvoiceGeneralGroup.groupcontent.field.IdentityType&quot;,&quot;datatype&quot;:&quot;Enumeration&quot;,&quot;enumeration&quot;:&quot;IdentityType&quot;,&quot;array&quot;:false,&quot;editable&quot;:true,&quot;required&quot;:true}},{&quot;elementType&quot;:&quot;field&quot;,&quot;field&quot;:{&quot;name&quot;:&quot;GroupIdRef&quot;,&quot;selectAttributes&quot;:[&quot;Company&quot;,&quot;GroupId&quot;,&quot;InvoicePartyTypeGroupRef.Description&quot;],&quot;attribute&quot;:&quot;GroupId&quot;,&quot;control&quot;:&quot;lookup&quot;,&quot;entity&quot;:&quot;IdentityInvoiceInfo&quot;,&quot;label&quot;:&quot;[#[translatesys:Data Field:Supplier.group.SupplierInvoiceGeneralGroup.groupcontent.lookup.GroupIdRef:GroupIdRef:WEB:Supplier Group]#]&quot;,&quot;translationKey&quot;:&quot;Supplier.group.SupplierInvoiceGeneralGroup.groupcontent.lookup.GroupIdRef&quot;,&quot;datatype&quot;:&quot;Text&quot;,&quot;reference&quot;:&quot;GroupIdRef&quot;,&quot;view&quot;:{&quot;description&quot;:&quot;${InvoicePartyTypeGroupRef.Description}&quot;,&quot;descriptionLabel&quot;:&quot;Description&quot;,&quot;template&quot;:&quot;address&quot;},&quot;lov&quot;:{&quot;selector&quot;:&quot;ReferenceInvoiceSupplierTypeGroupSelector&quot;,&quot;advancedview&quot;:&quot;InvoiceSupplierTypeGroupLovList&quot;,&quot;datasourceProjection&quot;:&quot;SupplierHandling&quot;,&quot;datasourceEntitySet&quot;:&quot;Reference_InvoiceSupplierTypeGroup&quot;,&quot;search&quot;:[&quot;GroupId&quot;,&quot;Description&quot;]},&quot;update&quot;:{&quot;datasourceProjection&quot;:&quot;SupplierHandling&quot;,&quot;datasourceEntitySet&quot;:&quot;Reference_InvoiceSupplierTypeGroup&quot;,&quot;datasourceAggregateRefs&quot;:{&quot;Company&quot;:&quot;${Company}&quot;,&quot;GroupId&quot;:&quot;${GroupId}&quot;},&quot;copy&quot;:{&quot;Company&quot;:&quot;Company&quot;,&quot;GroupId&quot;:&quot;GroupId&quot;},&quot;fetch&quot;:{},&quot;item&quot;:&quot;GroupIdRef&quot;},&quot;array&quot;:false,&quot;maxlength&quot;:20,&quot;editable&quot;:true,&quot;required&quot;:true}},{&quot;elementType&quot;:&quot;field&quot;,&quot;field&quot;:{&quot;name&quot;:&quot;DefCurrencyRef&quot;,&quot;selectAttributes&quot;:[&quot;DefCurrency&quot;],&quot;attribute&quot;:&quot;DefCurrency&quot;,&quot;control&quot;:&quot;lookup&quot;,&quot;entity&quot;:&quot;IdentityInvoiceInfo&quot;,&quot;label&quot;:&quot;[#[translatesys:Data Field:Supplier.group.SupplierInvoiceGeneralGroup.groupcontent.lookup.DefCurrencyRef:DefCurrencyRef:WEB:Currency]#]&quot;,&quot;translationKey&quot;:&quot;Supplier.group.SupplierInvoiceGeneralGroup.groupcontent.lookup.DefCurrencyRef&quot;,&quot;datatype&quot;:&quot;Text&quot;,&quot;reference&quot;:&quot;DefCurrencyRef&quot;,&quot;lov&quot;:{&quot;selector&quot;:&quot;ReferenceIsoCurrencySelector&quot;,&quot;advancedview&quot;:&quot;IsoCurrencyLovList&quot;,&quot;datasourceProjection&quot;:&quot;SupplierHandling&quot;,&quot;datasourceEntitySet&quot;:&quot;Reference_IsoCurrency&quot;},&quot;update&quot;:{&quot;datasourceProjection&quot;:&quot;SupplierHandling&quot;,&quot;datasourceEntitySet&quot;:&quot;Reference_IsoCurrency&quot;,&quot;datasourceAggregateRefs&quot;:{&quot;CurrencyCode&quot;:&quot;${DefCurrency}&quot;},&quot;copy&quot;:{&quot;DefCurrency&quot;:&quot;CurrencyCode&quot;},&quot;fetch&quot;:{},&quot;item&quot;:&quot;DefCurrencyRef&quot;},&quot;array&quot;:false,&quot;maxlength&quot;:3,&quot;editable&quot;:true,&quot;required&quot;:true}},{&quot;elementType&quot;:&quot;field&quot;,&quot;field&quot;:{&quot;name&quot;:&quot;DefaultCurrencyRateType&quot;,&quot;selectAttributes&quot;:[&quot;DefaultCurrencyRateTypeRef.Description&quot;,&quot;EmuCurrency&quot;],&quot;attribute&quot;:&quot;DefaultCurrencyRateType&quot;,&quot;control&quot;:&quot;lovswitch&quot;,&quot;entity&quot;:&quot;IdentityInvoiceInfo&quot;,&quot;label&quot;:&quot;[#[translatesys:Data Field:Supplier.group.SupplierInvoiceGeneralGroup.groupcontent.field.DefaultCurrencyRateType:DefaultCurrencyRateType:WEB:Default Currency Rate Type]#]&quot;,&quot;translationKey&quot;:&quot;Supplier.group.SupplierInvoiceGeneralGroup.groupcontent.field.DefaultCurrencyRateType&quot;,&quot;datatype&quot;:&quot;Text&quot;,&quot;array&quot;:false,&quot;maxlength&quot;:10,&quot;format&quot;:&quot;uppercase&quot;,&quot;editable&quot;:true,&quot;required&quot;:false,&quot;lovswitch&quot;:[{&quot;case&quot;:{&quot;==&quot;:[{&quot;var&quot;:&quot;record.EmuCurrency&quot;},&quot;TRUE&quot;]},&quot;reference&quot;:&quot;DefaultCurrencyRateTypeRef&quot;,&quot;view&quot;:{&quot;description&quot;:&quot;${DefaultCurrencyRateTypeRef.Description}&quot;,&quot;descriptionLabel&quot;:&quot;Description&quot;,&quot;template&quot;:&quot;address&quot;},&quot;lov&quot;:{&quot;selector&quot;:&quot;ReferenceCurrencyTypeSelector&quot;,&quot;advancedview&quot;:&quot;CurrencyTypeLovList&quot;,&quot;datasourceProjection&quot;:&quot;SupplierHandling&quot;,&quot;datasourceFunction&quot;:&quot;DefCurrRateTypesEmu&quot;,&quot;datasourceFunctionParams&quot;:{&quot;AccCurr&quot;:&quot;AccCurrency&quot;,&quot;Eur&quot;:&quot;RefCurrCodeEur&quot;},&quot;search&quot;:[&quot;CurrencyType&quot;,&quot;Description&quot;]},&quot;update&quot;:{&quot;datasourceProjection&quot;:&quot;SupplierHandling&quot;,&quot;datasourceFunction&quot;:&quot;DefCurrRateTypesEmu&quot;,&quot;datasourceFunctionParams&quot;:{&quot;AccCurr&quot;:&quot;AccCurrency&quot;,&quot;Eur&quot;:&quot;RefCurrCodeEur&quot;},&quot;datasourceAggregateRefs&quot;:{&quot;Company&quot;:&quot;${Company}&quot;,&quot;CurrencyType&quot;:&quot;${DefaultCurrencyRateType}&quot;},&quot;copy&quot;:{&quot;Company&quot;:&quot;Company&quot;,&quot;DefaultCurrencyRateType&quot;:&quot;CurrencyType&quot;},&quot;fetch&quot;:{},&quot;item&quot;:&quot;DefaultCurrencyRateTypeRef&quot;}},{&quot;case&quot;:true,&quot;reference&quot;:&quot;DefaultCurrencyRateTypeRef&quot;,&quot;view&quot;:{&quot;description&quot;:&quot;${DefaultCurrencyRateTypeRef.Description}&quot;,&quot;descriptionLabel&quot;:&quot;Description&quot;,&quot;template&quot;:&quot;address&quot;},&quot;lov&quot;:{&quot;selector&quot;:&quot;ReferenceCurrencyTypeSelector&quot;,&quot;advancedview&quot;:&quot;CurrencyTypeLovList&quot;,&quot;datasourceProjection&quot;:&quot;SupplierHandling&quot;,&quot;datasourceFunction&quot;:&quot;DefCurrRateTypes&quot;,&quot;datasourceFunctionParams&quot;:{&quot;AccCurr&quot;:&quot;AccCurrency&quot;},&quot;search&quot;:[&quot;CurrencyType&quot;,&quot;Description&quot;]},&quot;update&quot;:{&quot;datasourceProjection&quot;:&quot;SupplierHandling&quot;,&quot;datasourceFunction&quot;:&quot;DefCurrRateTypes&quot;,&quot;datasourceFunctionParams&quot;:{&quot;AccCurr&quot;:&quot;AccCurrency&quot;},&quot;datasourceAggregateRefs&quot;:{&quot;Company&quot;:&quot;${Company}&quot;,&quot;CurrencyType&quot;:&quot;${DefaultCurrencyRateType}&quot;},&quot;copy&quot;:{&quot;Company&quot;:&quot;Company&quot;,&quot;DefaultCurrencyRateType&quot;:&quot;CurrencyType&quot;},&quot;fetch&quot;:{},&quot;item&quot;:&quot;DefaultCurrencyRateTypeRef&quot;}}]}},{&quot;elementType&quot;:&quot;field&quot;,&quot;field&quot;:{&quot;name&quot;:&quot;PaymDevDays&quot;,&quot;attribute&quot;:&quot;PaymDevDays&quot;,&quot;control&quot;:&quot;field&quot;,&quot;entity&quot;:&quot;IdentityInvoiceInfo&quot;,&quot;label&quot;:&quot;[#[translatesys:Data Field:Supplier.group.SupplierInvoiceGeneralGroup.groupcontent.field.PaymDevDays:PaymDevDays:WEB:Plan Paym Delay]#]&quot;,&quot;translationKey&quot;:&quot;Supplier.group.SupplierInvoiceGeneralGroup.groupcontent.field.PaymDevDays&quot;,&quot;datatype&quot;:&quot;Number&quot;,&quot;array&quot;:false,&quot;editable&quot;:true,&quot;required&quot;:false}},{&quot;elementType&quot;:&quot;field&quot;,&quot;field&quot;:{&quot;name&quot;:&quot;PayTermIdRef&quot;,&quot;selectAttributes&quot;:[&quot;Company&quot;,&quot;PayTermId&quot;,&quot;PayTermIdRef.Description&quot;],&quot;attribute&quot;:&quot;PayTermId&quot;,&quot;control&quot;:&quot;lookup&quot;,&quot;entity&quot;:&quot;IdentityInvoiceInfo&quot;,&quot;label&quot;:&quot;[#[translatesys:Data Field:Supplier.group.SupplierInvoiceGeneralGroup.groupcontent.lookup.PayTermIdRef:PayTermIdRef:WEB:Payment Term]#]&quot;,&quot;translationKey&quot;:&quot;Supplier.group.SupplierInvoiceGeneralGroup.groupcontent.lookup.PayTermIdRef&quot;,&quot;datatype&quot;:&quot;Text&quot;,&quot;reference&quot;:&quot;PayTermIdRef&quot;,&quot;view&quot;:{&quot;description&quot;:&quot;${PayTermIdRef.Description}&quot;,&quot;descriptionLabel&quot;:&quot;Description&quot;,&quot;template&quot;:&quot;address&quot;},&quot;lov&quot;:{&quot;selector&quot;:&quot;ReferencePaymentTermSelector&quot;,&quot;advancedview&quot;:&quot;PaymentTermLovList&quot;,&quot;datasourceProjection&quot;:&quot;SupplierHandling&quot;,&quot;datasourceEntitySet&quot;:&quot;Reference_PaymentTerm&quot;,&quot;search&quot;:[&quot;PayTermId&quot;,&quot;Description&quot;]},&quot;update&quot;:{&quot;datasourceProjection&quot;:&quot;SupplierHandling&quot;,&quot;datasourceEntitySet&quot;:&quot;Reference_PaymentTerm&quot;,&quot;datasourceAggregateRefs&quot;:{&quot;Company&quot;:&quot;${Company}&quot;,&quot;PayTermId&quot;:&quot;${PayTermId}&quot;},&quot;copy&quot;:{&quot;Company&quot;:&quot;Company&quot;,&quot;PayTermId&quot;:&quot;PayTermId&quot;},&quot;fetch&quot;:{},&quot;item&quot;:&quot;PayTermIdRef&quot;},&quot;array&quot;:false,&quot;maxlength&quot;:20,&quot;editable&quot;:true,&quot;required&quot;:true}},{&quot;elementType&quot;:&quot;field&quot;,&quot;field&quot;:{&quot;name&quot;:&quot;AutomaticPayAuthFlag&quot;,&quot;attribute&quot;:&quot;AutomaticPayAuthFlag&quot;,&quot;control&quot;:&quot;field&quot;,&quot;entity&quot;:&quot;IdentityInvoiceInfo&quot;,&quot;label&quot;:&quot;[#[translatesys:Data Field:Supplier.group.SupplierInvoiceGeneralGroup.groupcontent.field.AutomaticPayAuthFlag:AutomaticPayAuthFlag:WEB:Automatic Payment Authorization]#]&quot;,&quot;translationKey&quot;:&quot;Supplier.group.SupplierInvoiceGeneralGroup.groupcontent.field.AutomaticPayAuthFlag&quot;,&quot;datatype&quot;:&quot;Enumeration&quot;,&quot;enumeration&quot;:&quot;AutoPayAuthorization&quot;,&quot;array&quot;:false,&quot;editable&quot;:true,&quot;required&quot;:true}},{&quot;elementType&quot;:&quot;field&quot;,&quot;field&quot;:{&quot;name&quot;:&quot;InvoiceAuthorizerRef&quot;,&quot;selectAttributes&quot;:[&quot;Company&quot;,&quot;DefAuthorizer&quot;,&quot;InvoiceAuthorizerRef.Name&quot;],&quot;attribute&quot;:&quot;DefAuthorizer&quot;,&quot;control&quot;:&quot;lookup&quot;,&quot;entity&quot;:&quot;IdentityInvoiceInfo&quot;,&quot;label&quot;:&quot;[#[translatesys:Data Field:Supplier.group.SupplierInvoiceGeneralGroup.groupcontent.lookup.InvoiceAuthorizerRef:InvoiceAuthorizerRef:WEB:Payment Authorizer]#]&quot;,&quot;translationKey&quot;:&quot;Supplier.group.SupplierInvoiceGeneralGroup.groupcontent.lookup.InvoiceAuthorizerRef&quot;,&quot;datatype&quot;:&quot;Text&quot;,&quot;reference&quot;:&quot;InvoiceAuthorizerRef&quot;,&quot;view&quot;:{&quot;description&quot;:&quot;${InvoiceAuthorizerRef.Name}&quot;,&quot;descriptionLabel&quot;:&quot;Name&quot;,&quot;template&quot;:&quot;address&quot;},&quot;lov&quot;:{&quot;selector&quot;:&quot;ReferenceInvoiceAuthorizerSelector&quot;,&quot;advancedview&quot;:&quot;InvoiceAuthorizerLovList&quot;,&quot;datasourceProjection&quot;:&quot;SupplierHandling&quot;,&quot;datasourceEntitySet&quot;:&quot;Reference_InvoiceAuthorizer&quot;,&quot;search&quot;:[&quot;AuthId&quot;,&quot;Name&quot;]},&quot;update&quot;:{&quot;datasourceProjection&quot;:&quot;SupplierHandling&quot;,&quot;datasourceEntitySet&quot;:&quot;Reference_InvoiceAuthorizer&quot;,&quot;datasourceAggregateRefs&quot;:{&quot;Company&quot;:&quot;${Company}&quot;,&quot;AuthId&quot;:&quot;${DefAuthorizer}&quot;},&quot;copy&quot;:{&quot;Company&quot;:&quot;Company&quot;,&quot;DefAuthorizer&quot;:&quot;AuthId&quot;},&quot;fetch&quot;:{},&quot;item&quot;:&quot;InvoiceAuthorizerRef&quot;},&quot;array&quot;:false,&quot;maxlength&quot;:20,&quot;editable&quot;:true,&quot;required&quot;:false}},{&quot;elementType&quot;:&quot;field&quot;,&quot;field&quot;:{&quot;name&quot;:&quot;PreliminaryCodeRef&quot;,&quot;selectAttributes&quot;:[&quot;Company&quot;,&quot;DefPreliminaryCode&quot;,&quot;PreliminaryCodeRef.Description&quot;],&quot;attribute&quot;:&quot;DefPreliminaryCode&quot;,&quot;control&quot;:&quot;lookup&quot;,&quot;entity&quot;:&quot;IdentityInvoiceInfo&quot;,&quot;label&quot;:&quot;[#[translatesys:Data Field:Supplier.group.SupplierInvoiceGeneralGroup.groupcontent.lookup.PreliminaryCodeRef:PreliminaryCodeRef:WEB:Preliminary Code]#]&quot;,&quot;translationKey&quot;:&quot;Supplier.group.SupplierInvoiceGeneralGroup.groupcontent.lookup.PreliminaryCodeRef&quot;,&quot;datatype&quot;:&quot;Text&quot;,&quot;reference&quot;:&quot;PreliminaryCodeRef&quot;,&quot;view&quot;:{&quot;description&quot;:&quot;${PreliminaryCodeRef.Description}&quot;,&quot;descriptionLabel&quot;:&quot;Description&quot;,&quot;template&quot;:&quot;address&quot;},&quot;lov&quot;:{&quot;selector&quot;:&quot;ReferencePreliminaryCodeSelector&quot;,&quot;advancedview&quot;:&quot;PreliminaryCodeLovList&quot;,&quot;datasourceProjection&quot;:&quot;SupplierHandling&quot;,&quot;datasourceEntitySet&quot;:&quot;Reference_PreliminaryCode&quot;,&quot;search&quot;:[&quot;PrelimCode&quot;,&quot;Description&quot;]},&quot;update&quot;:{&quot;datasourceProjection&quot;:&quot;SupplierHandling&quot;,&quot;datasourceEntitySet&quot;:&quot;Reference_PreliminaryCode&quot;,&quot;datasourceAggregateRefs&quot;:{&quot;Company&quot;:&quot;${Company}&quot;,&quot;PrelimCode&quot;:&quot;${DefPreliminaryCode}&quot;},&quot;copy&quot;:{&quot;Company&quot;:&quot;Company&quot;,&quot;DefPreliminaryCode&quot;:&quot;PrelimCode&quot;},&quot;fetch&quot;:{},&quot;item&quot;:&quot;PreliminaryCodeRef&quot;},&quot;array&quot;:false,&quot;maxlength&quot;:20,&quot;editable&quot;:true,&quot;required&quot;:false}},{&quot;elementType&quot;:&quot;field&quot;,&quot;field&quot;:{&quot;name&quot;:&quot;InvoiceRecipientRef&quot;,&quot;selectAttributes&quot;:[&quot;Company&quot;,&quot;InvoiceRecipient&quot;,&quot;InvoiceRecipientRef.Name&quot;],&quot;attribute&quot;:&quot;InvoiceRecipient&quot;,&quot;control&quot;:&quot;lookup&quot;,&quot;entity&quot;:&quot;IdentityInvoiceInfo&quot;,&quot;label&quot;:&quot;[#[translatesys:Data Field:Supplier.group.SupplierInvoiceGeneralGroup.groupcontent.lookup.InvoiceRecipientRef:InvoiceRecipientRef:WEB:Invoice Recipient]#]&quot;,&quot;translationKey&quot;:&quot;Supplier.group.SupplierInvoiceGeneralGroup.groupcontent.lookup.InvoiceRecipientRef&quot;,&quot;datatype&quot;:&quot;Text&quot;,&quot;reference&quot;:&quot;InvoiceRecipientRef&quot;,&quot;view&quot;:{&quot;description&quot;:&quot;${InvoiceRecipientRef.Name}&quot;,&quot;descriptionLabel&quot;:&quot;Name&quot;,&quot;template&quot;:&quot;address&quot;},&quot;lov&quot;:{&quot;selector&quot;:&quot;ReferencePersonInfoLovSelector&quot;,&quot;advancedview&quot;:&quot;PersonInfoLovLovList&quot;,&quot;datasourceProjection&quot;:&quot;SupplierHandling&quot;,&quot;datasourceFunction&quot;:&quot;InvoiceRecipientUserFin&quot;,&quot;datasourceFunctionParams&quot;:{&quot;Company&quot;:&quot;Company&quot;},&quot;search&quot;:[&quot;PersonId&quot;,&quot;Name&quot;]},&quot;update&quot;:{&quot;datasourceProjection&quot;:&quot;SupplierHandling&quot;,&quot;datasourceFunction&quot;:&quot;InvoiceRecipientUserFin&quot;,&quot;datasourceFunctionParams&quot;:{&quot;Company&quot;:&quot;Company&quot;},&quot;datasourceAggregateRefs&quot;:{&quot;PersonId&quot;:&quot;${InvoiceRecipient}&quot;},&quot;copy&quot;:{&quot;InvoiceRecipient&quot;:&quot;PersonId&quot;},&quot;fetch&quot;:{},&quot;item&quot;:&quot;InvoiceRecipientRef&quot;},&quot;array&quot;:false,&quot;maxlength&quot;:20,&quot;editable&quot;:true,&quot;required&quot;:false,&quot;contactWidget&quot;:{&quot;enabled&quot;:true,&quot;source&quot;:{&quot;Person&quot;:true},&quot;key&quot;:&quot;InvoiceRecipient&quot;}}},{&quot;elementType&quot;:&quot;field&quot;,&quot;field&quot;:{&quot;name&quot;:&quot;InvoiceRecipientFrom&quot;,&quot;attribute&quot;:&quot;InvoiceRecipientFrom&quot;,&quot;control&quot;:&quot;field&quot;,&quot;entity&quot;:&quot;IdentityInvoiceInfo&quot;,&quot;label&quot;:&quot;[#[translatesys:Data Field:Supplier.group.SupplierInvoiceGeneralGroup.groupcontent.field.InvoiceRecipientFrom:InvoiceRecipientFrom:WEB:Use Invoice Recipient From]#]&quot;,&quot;translationKey&quot;:&quot;Supplier.group.SupplierInvoiceGeneralGroup.groupcontent.field.InvoiceRecipientFrom&quot;,&quot;datatype&quot;:&quot;Enumeration&quot;,&quot;enumeration&quot;:&quot;InvoiceRecipientFrom&quot;,&quot;array&quot;:false,&quot;editable&quot;:true,&quot;required&quot;:true}},{&quot;elementType&quot;:&quot;field&quot;,&quot;field&quot;:{&quot;name&quot;:&quot;InvoicingSupplierRef&quot;,&quot;selectAttributes&quot;:[&quot;Company&quot;,&quot;InvoicingSupplier&quot;,&quot;SupplierInfoRef.Name&quot;],&quot;attribute&quot;:&quot;InvoicingSupplier&quot;,&quot;control&quot;:&quot;lookup&quot;,&quot;entity&quot;:&quot;IdentityInvoiceInfo&quot;,&quot;label&quot;:&quot;[#[translatesys:Data Field:Supplier.group.SupplierInvoiceGeneralGroup.groupcontent.lookup.InvoicingSupplierRef:InvoicingSupplierRef:WEB:Invoicing Supplier]#]&quot;,&quot;translationKey&quot;:&quot;Supplier.group.SupplierInvoiceGeneralGroup.groupcontent.lookup.InvoicingSupplierRef&quot;,&quot;datatype&quot;:&quot;Text&quot;,&quot;reference&quot;:&quot;InvoicingSupplierRef&quot;,&quot;view&quot;:{&quot;description&quot;:&quot;${SupplierInfoRef.Name}&quot;,&quot;descriptionLabel&quot;:&quot;Name&quot;,&quot;template&quot;:&quot;address&quot;},&quot;lov&quot;:{&quot;selector&quot;:&quot;ReferenceIdentityInvoiceInfoSuppSelector&quot;,&quot;advancedview&quot;:&quot;IdentityInvoiceInfoSuppLovList&quot;,&quot;datasourceProjection&quot;:&quot;SupplierHandling&quot;,&quot;datasourceEntitySet&quot;:&quot;Reference_IdentityInvoiceInfoSupp&quot;,&quot;search&quot;:[&quot;Identity&quot;,&quot;Name&quot;],&quot;freeinput&quot;:true},&quot;update&quot;:{&quot;datasourceProjection&quot;:&quot;SupplierHandling&quot;,&quot;datasourceEntitySet&quot;:&quot;Reference_IdentityInvoiceInfoSupp&quot;,&quot;datasourceAggregateRefs&quot;:{&quot;Company&quot;:&quot;${Company}&quot;,&quot;Identity&quot;:&quot;${InvoicingSupplier}&quot;},&quot;copy&quot;:{&quot;Company&quot;:&quot;Company&quot;,&quot;InvoicingSupplier&quot;:&quot;Identity&quot;},&quot;fetch&quot;:{},&quot;item&quot;:&quot;InvoicingSupplierRef&quot;},&quot;array&quot;:false,&quot;maxlength&quot;:20,&quot;editable&quot;:true,&quot;required&quot;:true,&quot;freeinput&quot;:true,&quot;contactWidget&quot;:{&quot;enabled&quot;:true,&quot;source&quot;:{&quot;Supplier&quot;:true},&quot;key&quot;:&quot;InvoicingSupplier&quot;}}},{&quot;elementType&quot;:&quot;field&quot;,&quot;field&quot;:{&quot;name&quot;:&quot;NationalBankCodeRef&quot;,&quot;selectAttributes&quot;:[&quot;Company&quot;,&quot;NationalBankCode&quot;,&quot;NationalBankCodeRef.Description&quot;],&quot;attribute&quot;:&quot;NationalBankCode&quot;,&quot;control&quot;:&quot;lookup&quot;,&quot;entity&quot;:&quot;IdentityInvoiceInfo&quot;,&quot;label&quot;:&quot;[#[translatesys:Data Field:Supplier.group.SupplierInvoiceGeneralGroup.groupcontent.lookup.NationalBankCodeRef:NationalBankCodeRef:WEB:National Bank Code]#]&quot;,&quot;translationKey&quot;:&quot;Supplier.group.SupplierInvoiceGeneralGroup.groupcontent.lookup.NationalBankCodeRef&quot;,&quot;datatype&quot;:&quot;Text&quot;,&quot;reference&quot;:&quot;NationalBankCodeRef&quot;,&quot;view&quot;:{&quot;description&quot;:&quot;${NationalBankCodeRef.Description}&quot;,&quot;descriptionLabel&quot;:&quot;Description&quot;,&quot;template&quot;:&quot;address&quot;},&quot;lov&quot;:{&quot;selector&quot;:&quot;ReferenceNationalBankCodesLovSelector&quot;,&quot;advancedview&quot;:&quot;NationalBankCodesLovLovList&quot;,&quot;datasourceProjection&quot;:&quot;SupplierHandling&quot;,&quot;datasourceEntitySet&quot;:&quot;Reference_NationalBankCodesLov&quot;,&quot;search&quot;:[&quot;NationalBankCode&quot;,&quot;Description&quot;]},&quot;update&quot;:{&quot;datasourceProjection&quot;:&quot;SupplierHandling&quot;,&quot;datasourceEntitySet&quot;:&quot;Reference_NationalBankCodesLov&quot;,&quot;datasourceAggregateRefs&quot;:{&quot;Company&quot;:&quot;${Company}&quot;,&quot;NationalBankCode&quot;:&quot;${NationalBankCode}&quot;},&quot;copy&quot;:{&quot;Company&quot;:&quot;Company&quot;,&quot;NationalBankCode&quot;:&quot;NationalBankCode&quot;},&quot;fetch&quot;:{},&quot;item&quot;:&quot;NationalBankCodeRef&quot;},&quot;array&quot;:false,&quot;maxlength&quot;:20,&quot;editable&quot;:true,&quot;required&quot;:false}},{&quot;elementType&quot;:&quot;field&quot;,&quot;field&quot;:{&quot;name&quot;:&quot;ExpireDate&quot;,&quot;attribute&quot;:&quot;ExpireDate&quot;,&quot;control&quot;:&quot;field&quot;,&quot;entity&quot;:&quot;IdentityInvoiceInfo&quot;,&quot;label&quot;:&quot;[#[translatesys:Data Field:Supplier.group.SupplierInvoiceGeneralGroup.groupcontent.field.ExpireDate:ExpireDate:WEB:Inactive Date]#]&quot;,&quot;translationKey&quot;:&quot;Supplier.group.SupplierInvoiceGeneralGroup.groupcontent.field.ExpireDate&quot;,&quot;datatype&quot;:&quot;Date&quot;,&quot;array&quot;:false,&quot;editable&quot;:true,&quot;required&quot;:false}},{&quot;elementType&quot;:&quot;fieldset&quot;,&quot;isReference&quot;:true,&quot;fieldset&quot;:&quot;InactiveReasonCommonFieldSet&quot;,&quot;id&quot;:&quot;InactiveReasonCommonFieldSet&quot;},{&quot;elementType&quot;:&quot;field&quot;,&quot;field&quot;:{&quot;name&quot;:&quot;PostingTemplateIdRef&quot;,&quot;selectAttributes&quot;:[&quot;Company&quot;,&quot;PostingTemplateId&quot;,&quot;PostingTemplateRef.Description&quot;],&quot;attribute&quot;:&quot;PostingTemplateId&quot;,&quot;control&quot;:&quot;lookup&quot;,&quot;entity&quot;:&quot;IdentityInvoiceInfo&quot;,&quot;label&quot;:&quot;[#[translatesys:Data Field:Supplier.group.SupplierInvoiceGeneralGroup.groupcontent.lookup.PostingTemplateIdRef:PostingTemplateIdRef:WEB:Posting Template Identity]#]&quot;,&quot;translationKey&quot;:&quot;Supplier.group.SupplierInvoiceGeneralGroup.groupcontent.lookup.PostingTemplateIdRef&quot;,&quot;datatype&quot;:&quot;Text&quot;,&quot;reference&quot;:&quot;PostingTemplateIdRef&quot;,&quot;view&quot;:{&quot;description&quot;:&quot;${PostingTemplateRef.Description}&quot;,&quot;descriptionLabel&quot;:&quot;Description&quot;,&quot;template&quot;:&quot;address&quot;},&quot;lov&quot;:{&quot;selector&quot;:&quot;ReferencePostingTemplateSelector&quot;,&quot;advancedview&quot;:&quot;PostingTemplateLovList&quot;,&quot;datasourceProjection&quot;:&quot;SupplierHandling&quot;,&quot;datasourceEntitySet&quot;:&quot;Reference_PostingTemplate&quot;,&quot;search&quot;:[&quot;Template&quot;,&quot;Description&quot;]},&quot;update&quot;:{&quot;datasourceProjection&quot;:&quot;SupplierHandling&quot;,&quot;datasourceEntitySet&quot;:&quot;Reference_PostingTemplate&quot;,&quot;datasourceAggregateRefs&quot;:{&quot;Company&quot;:&quot;${Company}&quot;,&quot;Template&quot;:&quot;${PostingTemplateId}&quot;},&quot;copy&quot;:{&quot;Company&quot;:&quot;Company&quot;,&quot;PostingTemplateId&quot;:&quot;Template&quot;},&quot;fetch&quot;:{},&quot;item&quot;:&quot;PostingTemplateIdRef&quot;},&quot;array&quot;:false,&quot;maxlength&quot;:10,&quot;editable&quot;:true,&quot;required&quot;:false}},{&quot;elementType&quot;:&quot;field&quot;,&quot;field&quot;:{&quot;name&quot;:&quot;NcfReferenceCheck&quot;,&quot;attribute&quot;:&quot;NcfReferenceCheck&quot;,&quot;control&quot;:&quot;field&quot;,&quot;entity&quot;:&quot;IdentityInvoiceInfo&quot;,&quot;label&quot;:&quot;[#[translatesys:Data Field:Supplier.group.SupplierInvoiceGeneralGroup.groupcontent.field.NcfReferenceCheck:NcfReferenceCheck:WEB:Mandatory to enter Payment Reference at Invoice Entry]#]&quot;,&quot;translationKey&quot;:&quot;Supplier.group.SupplierInvoiceGeneralGroup.groupcontent.field.NcfReferenceCheck&quot;,&quot;datatype&quot;:&quot;Boolean&quot;,&quot;controlsize&quot;:&quot;small&quot;,&quot;array&quot;:false,&quot;editable&quot;:true,&quot;required&quot;:true}},{&quot;elementType&quot;:&quot;field&quot;,&quot;field&quot;:{&quot;name&quot;:&quot;IsNote&quot;,&quot;attribute&quot;:&quot;IsNote&quot;,&quot;control&quot;:&quot;field&quot;,&quot;entity&quot;:&quot;IdentityInvoiceInfo&quot;,&quot;label&quot;:&quot;[#[translatesys:Data Field:Supplier.group.SupplierInvoiceGeneralGroup.groupcontent.field.IsNote:IsNote:WEB:Notes]#]&quot;,&quot;translationKey&quot;:&quot;Supplier.group.SupplierInvoiceGeneralGroup.groupcontent.field.IsNote&quot;,&quot;datatype&quot;:&quot;Boolean&quot;,&quot;controlsize&quot;:&quot;small&quot;,&quot;array&quot;:false,&quot;maxlength&quot;:5,&quot;format&quot;:&quot;uppercase&quot;,&quot;editable&quot;:false,&quot;required&quot;:false}},{&quot;elementType&quot;:&quot;field&quot;,&quot;field&quot;:{&quot;name&quot;:&quot;Cf_Cis_Supplier&quot;,&quot;entity&quot;:&quot;IdentityInvoiceInfo&quot;,&quot;datatype&quot;:&quot;Boolean&quot;,&quot;required&quot;:true,&quot;control&quot;:&quot;field&quot;,&quot;label&quot;:&quot;[#[translatesys:Data Field:[UK_Service_Mob].Supplier.group.SupplierInvoiceGeneralGroup.content.field.Cf_Cis_Supplier:Cf_Cis_Supplier:CONFIGCLIENT:Cis Supplier]#]&quot;,&quot;attribute&quot;:&quot;Cf_Cis_Supplier&quot;,&quot;editable&quot;:true,&quot;maxlength&quot;:20}}],&quot;@[DIFF]PACKED&quot;:{&quot;content&quot;:{&quot;0&quot;:{&quot;field&quot;:{&quot;editable&quot;:{&quot;==&quot;:{&quot;0&quot;:{&quot;@[DIFF]ID&quot;:&quot;63e3577c6274b7d76bb3bca8dcb5628772fff3e4&quot;}}},&quot;validateCommand&quot;:{&quot;grants&quot;:{&quot;or&quot;:{&quot;0&quot;:{&quot;==&quot;:{&quot;0&quot;:{&quot;@[DIFF]ID&quot;:&quot;8c59d13076f528a338fb516d9f5b5f6e5f902853&quot;}},&quot;@[DIFF]ID&quot;:&quot;a1461ef14c537bd8c41037522f6ffddd32c553c1&quot;},&quot;1&quot;:{&quot;method&quot;:{&quot;1&quot;:{&quot;1&quot;:{&quot;@[DIFF]ID&quot;:&quot;8c59d13076f528a338fb516d9f5b5f6e5f902853&quot;},&quot;@[DIFF]ID&quot;:&quot;d03a061d209a302570f6c718a7e222ccb3622543&quot;}},&quot;@[DIFF]ID&quot;:&quot;10f24603af09d6da680eea126e285ae8b416ac90&quot;}}},&quot;execute&quot;:{&quot;0&quot;:{&quot;@[DIFF]ID&quot;:&quot;b6d3750679ee80a4d4d9998f5c978112989a645a&quot;},&quot;1&quot;:{&quot;@[DIFF]ID&quot;:&quot;6179e1967f625c1523fa956df9f8cfdc6af062ba&quot;}}}},&quot;@[DIFF]ID&quot;:&quot;334690a0f7cf553a16fb53eda8597eeba3c19b44&quot;},&quot;1&quot;:{&quot;@[DIFF]ID&quot;:&quot;58f00b9938b7e86a5a348c6384eb1da2ec6d7c95&quot;},&quot;2&quot;:{&quot;@[DIFF]ID&quot;:&quot;a4ebdefddc139441cdafe115b5351d869f2a1117&quot;},&quot;3&quot;:{&quot;@[DIFF]ID&quot;:&quot;29768f58ce58a604012d3f33f7dccc21136fd59e&quot;},&quot;4&quot;:{&quot;field&quot;:{&quot;lovswitch&quot;:{&quot;0&quot;:{&quot;case&quot;:{&quot;==&quot;:{&quot;0&quot;:{&quot;@[DIFF]ID&quot;:&quot;1a6fdbeb580193c08e499bf0d940c99e2cf40627&quot;}}},&quot;@[DIFF]ID&quot;:&quot;b68e30b706a5d03ed16f1b28528d98e71375914b&quot;},&quot;1&quot;:{&quot;@[DIFF]ID&quot;:&quot;05f0bb3874d0fd08751ea787c2cc73bbd5e562f6&quot;}}},&quot;@[DIFF]ID&quot;:&quot;033926e0c3646470db1693912aa256415053b44a&quot;},&quot;5&quot;:{&quot;@[DIFF]ID&quot;:&quot;eb01f8eba10c131c4f7a995f0ac2c01218a8fcfa&quot;},&quot;6&quot;:{&quot;@[DIFF]ID&quot;:&quot;84950cf3246177d0bd00c410e58d076919ced8a7&quot;},&quot;7&quot;:{&quot;@[DIFF]ID&quot;:&quot;ac8cd6fc6f82035f696ca86491f5f89b599c2c4e&quot;},&quot;8&quot;:{&quot;@[DIFF]ID&quot;:&quot;72d40bd9bc635aa3e064ee523697a552905bbe61&quot;},&quot;9&quot;:{&quot;@[DIFF]ID&quot;:&quot;80c729c0c0d9511485697c513d64386034d8de40&quot;},&quot;10&quot;:{&quot;@[DIFF]ID&quot;:&quot;a8627a7321c2c92622462e987dea68f9b9a94ee0&quot;},&quot;11&quot;:{&quot;@[DIFF]ID&quot;:&quot;4c90f724f8eeaddd702c8189220bbbd84f5d4d06&quot;},&quot;12&quot;:{&quot;@[DIFF]ID&quot;:&quot;021975e0310349391a08d201cc5d935b820e7a54&quot;},&quot;13&quot;:{&quot;@[DIFF]ID&quot;:&quot;a5f958d358cd1ca681d0c897aa353a7a2aeb8e21&quot;},&quot;14&quot;:{&quot;@[DIFF]ID&quot;:&quot;fc9b8dacd4e18f18f8e83ce1d92bc9ca7fdf74ee&quot;},&quot;15&quot;:{&quot;@[DIFF]ID&quot;:&quot;efb9c51dcc5cdd20e18e60f026ac76956850da12&quot;},&quot;16&quot;:{&quot;@[DIFF]ID&quot;:&quot;58c93e57c9fd83e627e21bd943b6537e74df8a39&quot;},&quot;17&quot;:{&quot;@[DIFF]ID&quot;:&quot;f7673733a801dbeb5762277b844f7dd3022e6925&quot;},&quot;18&quot;:{&quot;@[DIFF]ID&quot;:&quot;55170d562ecf6de277efd48b6441d4cb1c3b8bab&quot;},&quot;19&quot;:{&quot;@[DIFF]ID&quot;:&quot;b4c2b389ca3e9a1cb416a20dc794ff9636391464&quot;}}}}</CONTENT>
      </DATA_ROW>
      <DATA_ROW>
        <OBJKEY>150F4BF679464C9BA03739D97126CDE6</OBJKEY>
        <SCOPE_ID>global</SCOPE_ID>
        <DATA_ID>group:SupplierInvoiceGeneralGroup</DATA_ID>
        <ARTIFACT>group</ARTIFACT>
        <NAME>SupplierInvoiceGeneralGroup</NAME>
        <LINE_NO>25</LINE_NO>
        <LAYER_NO>2</LAYER_NO>
        <VISIBILITY>Public</VISIBILITY>
        <REFERENCE/>
        <DEPENDENCIES/>
        <CONTENT>{&quot;name&quot;:&quot;SupplierInvoiceGeneralGroup&quot;,&quot;label&quot;:&quot;&quot;,&quot;entity&quot;:&quot;IdentityInvoiceInfo&quot;,&quot;content&quot;:[{&quot;elementType&quot;:&quot;field&quot;,&quot;field&quot;:{&quot;name&quot;:&quot;CompanyInvoiceInfoRef&quot;,&quot;selectAttributes&quot;:[&quot;Company&quot;,&quot;Identity&quot;],&quot;attribute&quot;:&quot;Company&quot;,&quot;control&quot;:&quot;lookup&quot;,&quot;entity&quot;:&quot;IdentityInvoiceInfo&quot;,&quot;label&quot;:&quot;[#[translatesys:Data Field:Supplier.group.SupplierInvoiceGeneralGroup.groupcontent.lookup.CompanyInvoiceInfoRef:CompanyInvoiceInfoRef:WEB:Company]#]&quot;,&quot;translationKey&quot;:&quot;Supplier.group.SupplierInvoiceGeneralGroup.groupcontent.lookup.CompanyInvoiceInfoRef&quot;,&quot;datatype&quot;:&quot;Text&quot;,&quot;reference&quot;:&quot;CompanyInvoiceInfoRef&quot;,&quot;lov&quot;:{&quot;selector&quot;:&quot;ReferenceCompanyInvoiceInfo2Selector&quot;,&quot;advancedview&quot;:&quot;CompanyInvoiceInfo2LovList&quot;,&quot;datasourceProjection&quot;:&quot;SupplierHandling&quot;,&quot;datasourceEntitySet&quot;:&quot;Reference_CompanyInvoiceInfo2&quot;},&quot;update&quot;:{&quot;datasourceProjection&quot;:&quot;SupplierHandling&quot;,&quot;datasourceEntitySet&quot;:&quot;Reference_CompanyInvoiceInfo2&quot;,&quot;datasourceAggregateRefs&quot;:{&quot;Company&quot;:&quot;${Company}&quot;},&quot;copy&quot;:{&quot;Company&quot;:&quot;Company&quot;},&quot;fetch&quot;:{},&quot;item&quot;:&quot;CompanyInvoiceInfoRef&quot;},&quot;array&quot;:false,&quot;maxlength&quot;:20,&quot;editable&quot;:{&quot;==&quot;:[{&quot;var&quot;:&quot;record.etag&quot;},null]},&quot;required&quot;:true,&quot;visible&quot;:{&quot;method&quot;:[&quot;record.isNew&quot;]},&quot;validateCommand&quot;:{&quot;name&quot;:&quot;SupplierInvoiceGeneralGroup_CompanyInvoiceInfoRef_validateCommand&quot;,&quot;entity&quot;:&quot;IdentityInvoiceInfo&quot;,&quot;grants&quot;:{&quot;or&quot;:[{&quot;==&quot;:[{&quot;var&quot;:&quot;record.Objgrants&quot;},null]},{&quot;method&quot;:[&quot;api.contains&quot;,[&quot;FetchCompanyInfo&quot;,{&quot;var&quot;:&quot;record.Objgrants&quot;}]]}]},&quot;enabled&quot;:true,&quot;vars&quot;:{&quot;CompanyInfoVar&quot;:{&quot;datatype&quot;:&quot;Structure(CompanyInfoStructure)&quot;}},&quot;execute&quot;:[{&quot;call&quot;:{&quot;method&quot;:&quot;function&quot;,&quot;args&quot;:{&quot;name&quot;:&quot;FetchCompanyInfo(Company=$[Company],Identity=$[Identity])&quot;,&quot;projection&quot;:&quot;SupplierHandling&quot;,&quot;bound&quot;:false}},&quot;assign&quot;:&quot;CompanyInfoVar&quot;},{&quot;call&quot;:{&quot;method&quot;:&quot;copy&quot;,&quot;args&quot;:{&quot;from&quot;:&quot;CompanyInfoVar&quot;,&quot;to&quot;:&quot;this&quot;,&quot;skipNulls&quot;:false}}}]}}},{&quot;elementType&quot;:&quot;field&quot;,&quot;field&quot;:{&quot;name&quot;:&quot;IdentityType&quot;,&quot;attribute&quot;:&quot;IdentityType&quot;,&quot;control&quot;:&quot;field&quot;,&quot;entity&quot;:&quot;IdentityInvoiceInfo&quot;,&quot;label&quot;:&quot;[#[translatesys:Data Field:Supplier.group.SupplierInvoiceGeneralGroup.groupcontent.field.IdentityType:IdentityType:WEB:Supplier Type]#]&quot;,&quot;translationKey&quot;:&quot;Supplier.group.SupplierInvoiceGeneralGroup.groupcontent.field.IdentityType&quot;,&quot;datatype&quot;:&quot;Enumeration&quot;,&quot;enumeration&quot;:&quot;IdentityType&quot;,&quot;array&quot;:false,&quot;editable&quot;:true,&quot;required&quot;:true}},{&quot;elementType&quot;:&quot;field&quot;,&quot;field&quot;:{&quot;name&quot;:&quot;GroupIdRef&quot;,&quot;selectAttributes&quot;:[&quot;Company&quot;,&quot;GroupId&quot;,&quot;InvoicePartyTypeGroupRef.Description&quot;],&quot;attribute&quot;:&quot;GroupId&quot;,&quot;control&quot;:&quot;lookup&quot;,&quot;entity&quot;:&quot;IdentityInvoiceInfo&quot;,&quot;label&quot;:&quot;[#[translatesys:Data Field:Supplier.group.SupplierInvoiceGeneralGroup.groupcontent.lookup.GroupIdRef:GroupIdRef:WEB:Supplier Group]#]&quot;,&quot;translationKey&quot;:&quot;Supplier.group.SupplierInvoiceGeneralGroup.groupcontent.lookup.GroupIdRef&quot;,&quot;datatype&quot;:&quot;Text&quot;,&quot;reference&quot;:&quot;GroupIdRef&quot;,&quot;view&quot;:{&quot;description&quot;:&quot;${InvoicePartyTypeGroupRef.Description}&quot;,&quot;descriptionLabel&quot;:&quot;Description&quot;,&quot;template&quot;:&quot;address&quot;},&quot;lov&quot;:{&quot;selector&quot;:&quot;ReferenceInvoiceSupplierTypeGroupSelector&quot;,&quot;advancedview&quot;:&quot;InvoiceSupplierTypeGroupLovList&quot;,&quot;datasourceProjection&quot;:&quot;SupplierHandling&quot;,&quot;datasourceEntitySet&quot;:&quot;Reference_InvoiceSupplierTypeGroup&quot;,&quot;search&quot;:[&quot;GroupId&quot;,&quot;Description&quot;]},&quot;update&quot;:{&quot;datasourceProjection&quot;:&quot;SupplierHandling&quot;,&quot;datasourceEntitySet&quot;:&quot;Reference_InvoiceSupplierTypeGroup&quot;,&quot;datasourceAggregateRefs&quot;:{&quot;Company&quot;:&quot;${Company}&quot;,&quot;GroupId&quot;:&quot;${GroupId}&quot;},&quot;copy&quot;:{&quot;Company&quot;:&quot;Company&quot;,&quot;GroupId&quot;:&quot;GroupId&quot;},&quot;fetch&quot;:{},&quot;item&quot;:&quot;GroupIdRef&quot;},&quot;array&quot;:false,&quot;maxlength&quot;:20,&quot;editable&quot;:true,&quot;required&quot;:true}},{&quot;elementType&quot;:&quot;field&quot;,&quot;field&quot;:{&quot;name&quot;:&quot;DefCurrencyRef&quot;,&quot;selectAttributes&quot;:[&quot;DefCurrency&quot;],&quot;attribute&quot;:&quot;DefCurrency&quot;,&quot;control&quot;:&quot;lookup&quot;,&quot;entity&quot;:&quot;IdentityInvoiceInfo&quot;,&quot;label&quot;:&quot;[#[translatesys:Data Field:Supplier.group.SupplierInvoiceGeneralGroup.groupcontent.lookup.DefCurrencyRef:DefCurrencyRef:WEB:Currency]#]&quot;,&quot;translationKey&quot;:&quot;Supplier.group.SupplierInvoiceGeneralGroup.groupcontent.lookup.DefCurrencyRef&quot;,&quot;datatype&quot;:&quot;Text&quot;,&quot;reference&quot;:&quot;DefCurrencyRef&quot;,&quot;lov&quot;:{&quot;selector&quot;:&quot;ReferenceIsoCurrencySelector&quot;,&quot;advancedview&quot;:&quot;IsoCurrencyLovList&quot;,&quot;datasourceProjection&quot;:&quot;SupplierHandling&quot;,&quot;datasourceEntitySet&quot;:&quot;Reference_IsoCurrency&quot;},&quot;update&quot;:{&quot;datasourceProjection&quot;:&quot;SupplierHandling&quot;,&quot;datasourceEntitySet&quot;:&quot;Reference_IsoCurrency&quot;,&quot;datasourceAggregateRefs&quot;:{&quot;CurrencyCode&quot;:&quot;${DefCurrency}&quot;},&quot;copy&quot;:{&quot;DefCurrency&quot;:&quot;CurrencyCode&quot;},&quot;fetch&quot;:{},&quot;item&quot;:&quot;DefCurrencyRef&quot;},&quot;array&quot;:false,&quot;maxlength&quot;:3,&quot;editable&quot;:true,&quot;required&quot;:true}},{&quot;elementType&quot;:&quot;field&quot;,&quot;field&quot;:{&quot;name&quot;:&quot;DefaultCurrencyRateType&quot;,&quot;selectAttributes&quot;:[&quot;DefaultCurrencyRateTypeRef.Description&quot;,&quot;EmuCurrency&quot;],&quot;attribute&quot;:&quot;DefaultCurrencyRateType&quot;,&quot;control&quot;:&quot;lovswitch&quot;,&quot;entity&quot;:&quot;IdentityInvoiceInfo&quot;,&quot;label&quot;:&quot;[#[translatesys:Data Field:Supplier.group.SupplierInvoiceGeneralGroup.groupcontent.field.DefaultCurrencyRateType:DefaultCurrencyRateType:WEB:Default Currency Rate Type]#]&quot;,&quot;translationKey&quot;:&quot;Supplier.group.SupplierInvoiceGeneralGroup.groupcontent.field.DefaultCurrencyRateType&quot;,&quot;datatype&quot;:&quot;Text&quot;,&quot;array&quot;:false,&quot;maxlength&quot;:10,&quot;format&quot;:&quot;uppercase&quot;,&quot;editable&quot;:true,&quot;required&quot;:false,&quot;lovswitch&quot;:[{&quot;case&quot;:{&quot;==&quot;:[{&quot;var&quot;:&quot;record.EmuCurrency&quot;},&quot;TRUE&quot;]},&quot;reference&quot;:&quot;DefaultCurrencyRateTypeRef&quot;,&quot;view&quot;:{&quot;description&quot;:&quot;${DefaultCurrencyRateTypeRef.Description}&quot;,&quot;descriptionLabel&quot;:&quot;Description&quot;,&quot;template&quot;:&quot;address&quot;},&quot;lov&quot;:{&quot;selector&quot;:&quot;ReferenceCurrencyTypeSelector&quot;,&quot;advancedview&quot;:&quot;CurrencyTypeLovList&quot;,&quot;datasourceProjection&quot;:&quot;SupplierHandling&quot;,&quot;datasourceFunction&quot;:&quot;DefCurrRateTypesEmu&quot;,&quot;datasourceFunctionParams&quot;:{&quot;AccCurr&quot;:&quot;AccCurrency&quot;,&quot;Eur&quot;:&quot;RefCurrCodeEur&quot;},&quot;search&quot;:[&quot;CurrencyType&quot;,&quot;Description&quot;]},&quot;update&quot;:{&quot;datasourceProjection&quot;:&quot;SupplierHandling&quot;,&quot;datasourceFunction&quot;:&quot;DefCurrRateTypesEmu&quot;,&quot;datasourceFunctionParams&quot;:{&quot;AccCurr&quot;:&quot;AccCurrency&quot;,&quot;Eur&quot;:&quot;RefCurrCodeEur&quot;},&quot;datasourceAggregateRefs&quot;:{&quot;Company&quot;:&quot;${Company}&quot;,&quot;CurrencyType&quot;:&quot;${DefaultCurrencyRateType}&quot;},&quot;copy&quot;:{&quot;Company&quot;:&quot;Company&quot;,&quot;DefaultCurrencyRateType&quot;:&quot;CurrencyType&quot;},&quot;fetch&quot;:{},&quot;item&quot;:&quot;DefaultCurrencyRateTypeRef&quot;}},{&quot;case&quot;:true,&quot;reference&quot;:&quot;DefaultCurrencyRateTypeRef&quot;,&quot;view&quot;:{&quot;description&quot;:&quot;${DefaultCurrencyRateTypeRef.Description}&quot;,&quot;descriptionLabel&quot;:&quot;Description&quot;,&quot;template&quot;:&quot;address&quot;},&quot;lov&quot;:{&quot;selector&quot;:&quot;ReferenceCurrencyTypeSelector&quot;,&quot;advancedview&quot;:&quot;CurrencyTypeLovList&quot;,&quot;datasourceProjection&quot;:&quot;SupplierHandling&quot;,&quot;datasourceFunction&quot;:&quot;DefCurrRateTypes&quot;,&quot;datasourceFunctionParams&quot;:{&quot;AccCurr&quot;:&quot;AccCurrency&quot;},&quot;search&quot;:[&quot;CurrencyType&quot;,&quot;Description&quot;]},&quot;update&quot;:{&quot;datasourceProjection&quot;:&quot;SupplierHandling&quot;,&quot;datasourceFunction&quot;:&quot;DefCurrRateTypes&quot;,&quot;datasourceFunctionParams&quot;:{&quot;AccCurr&quot;:&quot;AccCurrency&quot;},&quot;datasourceAggregateRefs&quot;:{&quot;Company&quot;:&quot;${Company}&quot;,&quot;CurrencyType&quot;:&quot;${DefaultCurrencyRateType}&quot;},&quot;copy&quot;:{&quot;Company&quot;:&quot;Company&quot;,&quot;DefaultCurrencyRateType&quot;:&quot;CurrencyType&quot;},&quot;fetch&quot;:{},&quot;item&quot;:&quot;DefaultCurrencyRateTypeRef&quot;}}]}},{&quot;elementType&quot;:&quot;field&quot;,&quot;field&quot;:{&quot;name&quot;:&quot;PaymDevDays&quot;,&quot;attribute&quot;:&quot;PaymDevDays&quot;,&quot;control&quot;:&quot;field&quot;,&quot;entity&quot;:&quot;IdentityInvoiceInfo&quot;,&quot;label&quot;:&quot;[#[translatesys:Data Field:Supplier.group.SupplierInvoiceGeneralGroup.groupcontent.field.PaymDevDays:PaymDevDays:WEB:Plan Paym Delay]#]&quot;,&quot;translationKey&quot;:&quot;Supplier.group.SupplierInvoiceGeneralGroup.groupcontent.field.PaymDevDays&quot;,&quot;datatype&quot;:&quot;Number&quot;,&quot;array&quot;:false,&quot;editable&quot;:true,&quot;required&quot;:false}},{&quot;elementType&quot;:&quot;field&quot;,&quot;field&quot;:{&quot;name&quot;:&quot;PayTermIdRef&quot;,&quot;selectAttributes&quot;:[&quot;Company&quot;,&quot;PayTermId&quot;,&quot;PayTermIdRef.Description&quot;],&quot;attribute&quot;:&quot;PayTermId&quot;,&quot;control&quot;:&quot;lookup&quot;,&quot;entity&quot;:&quot;IdentityInvoiceInfo&quot;,&quot;label&quot;:&quot;[#[translatesys:Data Field:Supplier.group.SupplierInvoiceGeneralGroup.groupcontent.lookup.PayTermIdRef:PayTermIdRef:WEB:Payment Term]#]&quot;,&quot;translationKey&quot;:&quot;Supplier.group.SupplierInvoiceGeneralGroup.groupcontent.lookup.PayTermIdRef&quot;,&quot;datatype&quot;:&quot;Text&quot;,&quot;reference&quot;:&quot;PayTermIdRef&quot;,&quot;view&quot;:{&quot;description&quot;:&quot;${PayTermIdRef.Description}&quot;,&quot;descriptionLabel&quot;:&quot;Description&quot;,&quot;template&quot;:&quot;address&quot;},&quot;lov&quot;:{&quot;selector&quot;:&quot;ReferencePaymentTermSelector&quot;,&quot;advancedview&quot;:&quot;PaymentTermLovList&quot;,&quot;datasourceProjection&quot;:&quot;SupplierHandling&quot;,&quot;datasourceEntitySet&quot;:&quot;Reference_PaymentTerm&quot;,&quot;search&quot;:[&quot;PayTermId&quot;,&quot;Description&quot;]},&quot;update&quot;:{&quot;datasourceProjection&quot;:&quot;SupplierHandling&quot;,&quot;datasourceEntitySet&quot;:&quot;Reference_PaymentTerm&quot;,&quot;datasourceAggregateRefs&quot;:{&quot;Company&quot;:&quot;${Company}&quot;,&quot;PayTermId&quot;:&quot;${PayTermId}&quot;},&quot;copy&quot;:{&quot;Company&quot;:&quot;Company&quot;,&quot;PayTermId&quot;:&quot;PayTermId&quot;},&quot;fetch&quot;:{},&quot;item&quot;:&quot;PayTermIdRef&quot;},&quot;array&quot;:false,&quot;maxlength&quot;:20,&quot;editable&quot;:true,&quot;required&quot;:true}},{&quot;elementType&quot;:&quot;field&quot;,&quot;field&quot;:{&quot;name&quot;:&quot;AutomaticPayAuthFlag&quot;,&quot;attribute&quot;:&quot;AutomaticPayAuthFlag&quot;,&quot;control&quot;:&quot;field&quot;,&quot;entity&quot;:&quot;IdentityInvoiceInfo&quot;,&quot;label&quot;:&quot;[#[translatesys:Data Field:Supplier.group.SupplierInvoiceGeneralGroup.groupcontent.field.AutomaticPayAuthFlag:AutomaticPayAuthFlag:WEB:Automatic Payment Authorization]#]&quot;,&quot;translationKey&quot;:&quot;Supplier.group.SupplierInvoiceGeneralGroup.groupcontent.field.AutomaticPayAuthFlag&quot;,&quot;datatype&quot;:&quot;Enumeration&quot;,&quot;enumeration&quot;:&quot;AutoPayAuthorization&quot;,&quot;array&quot;:false,&quot;editable&quot;:true,&quot;required&quot;:true}},{&quot;elementType&quot;:&quot;field&quot;,&quot;field&quot;:{&quot;name&quot;:&quot;InvoiceAuthorizerRef&quot;,&quot;selectAttributes&quot;:[&quot;Company&quot;,&quot;DefAuthorizer&quot;,&quot;InvoiceAuthorizerRef.Name&quot;],&quot;attribute&quot;:&quot;DefAuthorizer&quot;,&quot;control&quot;:&quot;lookup&quot;,&quot;entity&quot;:&quot;IdentityInvoiceInfo&quot;,&quot;label&quot;:&quot;[#[translatesys:Data Field:Supplier.group.SupplierInvoiceGeneralGroup.groupcontent.lookup.InvoiceAuthorizerRef:InvoiceAuthorizerRef:WEB:Payment Authorizer]#]&quot;,&quot;translationKey&quot;:&quot;Supplier.group.SupplierInvoiceGeneralGroup.groupcontent.lookup.InvoiceAuthorizerRef&quot;,&quot;datatype&quot;:&quot;Text&quot;,&quot;reference&quot;:&quot;InvoiceAuthorizerRef&quot;,&quot;view&quot;:{&quot;description&quot;:&quot;${InvoiceAuthorizerRef.Name}&quot;,&quot;descriptionLabel&quot;:&quot;Name&quot;,&quot;template&quot;:&quot;address&quot;},&quot;lov&quot;:{&quot;selector&quot;:&quot;ReferenceInvoiceAuthorizerSelector&quot;,&quot;advancedview&quot;:&quot;InvoiceAuthorizerLovList&quot;,&quot;datasourceProjection&quot;:&quot;SupplierHandling&quot;,&quot;datasourceEntitySet&quot;:&quot;Reference_InvoiceAuthorizer&quot;,&quot;search&quot;:[&quot;AuthId&quot;,&quot;Name&quot;]},&quot;update&quot;:{&quot;datasourceProjection&quot;:&quot;SupplierHandling&quot;,&quot;datasourceEntitySet&quot;:&quot;Reference_InvoiceAuthorizer&quot;,&quot;datasourceAggregateRefs&quot;:{&quot;Company&quot;:&quot;${Company}&quot;,&quot;AuthId&quot;:&quot;${DefAuthorizer}&quot;},&quot;copy&quot;:{&quot;Company&quot;:&quot;Company&quot;,&quot;DefAuthorizer&quot;:&quot;AuthId&quot;},&quot;fetch&quot;:{},&quot;item&quot;:&quot;InvoiceAuthorizerRef&quot;},&quot;array&quot;:false,&quot;maxlength&quot;:20,&quot;editable&quot;:true,&quot;required&quot;:false}},{&quot;elementType&quot;:&quot;field&quot;,&quot;field&quot;:{&quot;name&quot;:&quot;PreliminaryCodeRef&quot;,&quot;selectAttributes&quot;:[&quot;Company&quot;,&quot;DefPreliminaryCode&quot;,&quot;PreliminaryCodeRef.Description&quot;],&quot;attribute&quot;:&quot;DefPreliminaryCode&quot;,&quot;control&quot;:&quot;lookup&quot;,&quot;entity&quot;:&quot;IdentityInvoiceInfo&quot;,&quot;label&quot;:&quot;[#[translatesys:Data Field:Supplier.group.SupplierInvoiceGeneralGroup.groupcontent.lookup.PreliminaryCodeRef:PreliminaryCodeRef:WEB:Preliminary Code]#]&quot;,&quot;translationKey&quot;:&quot;Supplier.group.SupplierInvoiceGeneralGroup.groupcontent.lookup.PreliminaryCodeRef&quot;,&quot;datatype&quot;:&quot;Text&quot;,&quot;reference&quot;:&quot;PreliminaryCodeRef&quot;,&quot;view&quot;:{&quot;description&quot;:&quot;${PreliminaryCodeRef.Description}&quot;,&quot;descriptionLabel&quot;:&quot;Description&quot;,&quot;template&quot;:&quot;address&quot;},&quot;lov&quot;:{&quot;selector&quot;:&quot;ReferencePreliminaryCodeSelector&quot;,&quot;advancedview&quot;:&quot;PreliminaryCodeLovList&quot;,&quot;datasourceProjection&quot;:&quot;SupplierHandling&quot;,&quot;datasourceEntitySet&quot;:&quot;Reference_PreliminaryCode&quot;,&quot;search&quot;:[&quot;PrelimCode&quot;,&quot;Description&quot;]},&quot;update&quot;:{&quot;datasourceProjection&quot;:&quot;SupplierHandling&quot;,&quot;datasourceEntitySet&quot;:&quot;Reference_PreliminaryCode&quot;,&quot;datasourceAggregateRefs&quot;:{&quot;Company&quot;:&quot;${Company}&quot;,&quot;PrelimCode&quot;:&quot;${DefPreliminaryCode}&quot;},&quot;copy&quot;:{&quot;Company&quot;:&quot;Company&quot;,&quot;DefPreliminaryCode&quot;:&quot;PrelimCode&quot;},&quot;fetch&quot;:{},&quot;item&quot;:&quot;PreliminaryCodeRef&quot;},&quot;array&quot;:false,&quot;maxlength&quot;:20,&quot;editable&quot;:true,&quot;required&quot;:false}},{&quot;elementType&quot;:&quot;field&quot;,&quot;field&quot;:{&quot;name&quot;:&quot;InvoiceRecipientRef&quot;,&quot;selectAttributes&quot;:[&quot;Company&quot;,&quot;InvoiceRecipient&quot;,&quot;InvoiceRecipientRef.Name&quot;],&quot;attribute&quot;:&quot;InvoiceRecipient&quot;,&quot;control&quot;:&quot;lookup&quot;,&quot;entity&quot;:&quot;IdentityInvoiceInfo&quot;,&quot;label&quot;:&quot;[#[translatesys:Data Field:Supplier.group.SupplierInvoiceGeneralGroup.groupcontent.lookup.InvoiceRecipientRef:InvoiceRecipientRef:WEB:Invoice Recipient]#]&quot;,&quot;translationKey&quot;:&quot;Supplier.group.SupplierInvoiceGeneralGroup.groupcontent.lookup.InvoiceRecipientRef&quot;,&quot;datatype&quot;:&quot;Text&quot;,&quot;reference&quot;:&quot;InvoiceRecipientRef&quot;,&quot;view&quot;:{&quot;description&quot;:&quot;${InvoiceRecipientRef.Name}&quot;,&quot;descriptionLabel&quot;:&quot;Name&quot;,&quot;template&quot;:&quot;address&quot;},&quot;lov&quot;:{&quot;selector&quot;:&quot;ReferencePersonInfoLovSelector&quot;,&quot;advancedview&quot;:&quot;PersonInfoLovLovList&quot;,&quot;datasourceProjection&quot;:&quot;SupplierHandling&quot;,&quot;datasourceFunction&quot;:&quot;InvoiceRecipientUserFin&quot;,&quot;datasourceFunctionParams&quot;:{&quot;Company&quot;:&quot;Company&quot;},&quot;search&quot;:[&quot;PersonId&quot;,&quot;Name&quot;]},&quot;update&quot;:{&quot;datasourceProjection&quot;:&quot;SupplierHandling&quot;,&quot;datasourceFunction&quot;:&quot;InvoiceRecipientUserFin&quot;,&quot;datasourceFunctionParams&quot;:{&quot;Company&quot;:&quot;Company&quot;},&quot;datasourceAggregateRefs&quot;:{&quot;PersonId&quot;:&quot;${InvoiceRecipient}&quot;},&quot;copy&quot;:{&quot;InvoiceRecipient&quot;:&quot;PersonId&quot;},&quot;fetch&quot;:{},&quot;item&quot;:&quot;InvoiceRecipientRef&quot;},&quot;array&quot;:false,&quot;maxlength&quot;:20,&quot;editable&quot;:true,&quot;required&quot;:false,&quot;contactWidget&quot;:{&quot;enabled&quot;:true,&quot;source&quot;:{&quot;Person&quot;:true},&quot;key&quot;:&quot;InvoiceRecipient&quot;}}},{&quot;elementType&quot;:&quot;field&quot;,&quot;field&quot;:{&quot;name&quot;:&quot;InvoiceRecipientFrom&quot;,&quot;attribute&quot;:&quot;InvoiceRecipientFrom&quot;,&quot;control&quot;:&quot;field&quot;,&quot;entity&quot;:&quot;IdentityInvoiceInfo&quot;,&quot;label&quot;:&quot;[#[translatesys:Data Field:Supplier.group.SupplierInvoiceGeneralGroup.groupcontent.field.InvoiceRecipientFrom:InvoiceRecipientFrom:WEB:Use Invoice Recipient From]#]&quot;,&quot;translationKey&quot;:&quot;Supplier.group.SupplierInvoiceGeneralGroup.groupcontent.field.InvoiceRecipientFrom&quot;,&quot;datatype&quot;:&quot;Enumeration&quot;,&quot;enumeration&quot;:&quot;InvoiceRecipientFrom&quot;,&quot;array&quot;:false,&quot;editable&quot;:true,&quot;required&quot;:true}},{&quot;elementType&quot;:&quot;field&quot;,&quot;field&quot;:{&quot;name&quot;:&quot;InvoicingSupplierRef&quot;,&quot;selectAttributes&quot;:[&quot;Company&quot;,&quot;InvoicingSupplier&quot;,&quot;SupplierInfoRef.Name&quot;],&quot;attribute&quot;:&quot;InvoicingSupplier&quot;,&quot;control&quot;:&quot;lookup&quot;,&quot;entity&quot;:&quot;IdentityInvoiceInfo&quot;,&quot;label&quot;:&quot;[#[translatesys:Data Field:Supplier.group.SupplierInvoiceGeneralGroup.groupcontent.lookup.InvoicingSupplierRef:InvoicingSupplierRef:WEB:Invoicing Supplier]#]&quot;,&quot;translationKey&quot;:&quot;Supplier.group.SupplierInvoiceGeneralGroup.groupcontent.lookup.InvoicingSupplierRef&quot;,&quot;datatype&quot;:&quot;Text&quot;,&quot;reference&quot;:&quot;InvoicingSupplierRef&quot;,&quot;view&quot;:{&quot;description&quot;:&quot;${SupplierInfoRef.Name}&quot;,&quot;descriptionLabel&quot;:&quot;Name&quot;,&quot;template&quot;:&quot;address&quot;},&quot;lov&quot;:{&quot;selector&quot;:&quot;ReferenceIdentityInvoiceInfoSuppSelector&quot;,&quot;advancedview&quot;:&quot;IdentityInvoiceInfoSuppLovList&quot;,&quot;datasourceProjection&quot;:&quot;SupplierHandling&quot;,&quot;datasourceEntitySet&quot;:&quot;Reference_IdentityInvoiceInfoSupp&quot;,&quot;search&quot;:[&quot;Identity&quot;,&quot;Name&quot;],&quot;freeinput&quot;:true},&quot;update&quot;:{&quot;datasourceProjection&quot;:&quot;SupplierHandling&quot;,&quot;datasourceEntitySet&quot;:&quot;Reference_IdentityInvoiceInfoSupp&quot;,&quot;datasourceAggregateRefs&quot;:{&quot;Company&quot;:&quot;${Company}&quot;,&quot;Identity&quot;:&quot;${InvoicingSupplier}&quot;},&quot;copy&quot;:{&quot;Company&quot;:&quot;Company&quot;,&quot;InvoicingSupplier&quot;:&quot;Identity&quot;},&quot;fetch&quot;:{},&quot;item&quot;:&quot;InvoicingSupplierRef&quot;},&quot;array&quot;:false,&quot;maxlength&quot;:20,&quot;editable&quot;:true,&quot;required&quot;:true,&quot;freeinput&quot;:true,&quot;contactWidget&quot;:{&quot;enabled&quot;:true,&quot;source&quot;:{&quot;Supplier&quot;:true},&quot;key&quot;:&quot;InvoicingSupplier&quot;}}},{&quot;elementType&quot;:&quot;field&quot;,&quot;field&quot;:{&quot;name&quot;:&quot;NationalBankCodeRef&quot;,&quot;selectAttributes&quot;:[&quot;Company&quot;,&quot;NationalBankCode&quot;,&quot;NationalBankCodeRef.Description&quot;],&quot;attribute&quot;:&quot;NationalBankCode&quot;,&quot;control&quot;:&quot;lookup&quot;,&quot;entity&quot;:&quot;IdentityInvoiceInfo&quot;,&quot;label&quot;:&quot;[#[translatesys:Data Field:Supplier.group.SupplierInvoiceGeneralGroup.groupcontent.lookup.NationalBankCodeRef:NationalBankCodeRef:WEB:National Bank Code]#]&quot;,&quot;translationKey&quot;:&quot;Supplier.group.SupplierInvoiceGeneralGroup.groupcontent.lookup.NationalBankCodeRef&quot;,&quot;datatype&quot;:&quot;Text&quot;,&quot;reference&quot;:&quot;NationalBankCodeRef&quot;,&quot;view&quot;:{&quot;description&quot;:&quot;${NationalBankCodeRef.Description}&quot;,&quot;descriptionLabel&quot;:&quot;Description&quot;,&quot;template&quot;:&quot;address&quot;},&quot;lov&quot;:{&quot;selector&quot;:&quot;ReferenceNationalBankCodesLovSelector&quot;,&quot;advancedview&quot;:&quot;NationalBankCodesLovLovList&quot;,&quot;datasourceProjection&quot;:&quot;SupplierHandling&quot;,&quot;datasourceEntitySet&quot;:&quot;Reference_NationalBankCodesLov&quot;,&quot;search&quot;:[&quot;NationalBankCode&quot;,&quot;Description&quot;]},&quot;update&quot;:{&quot;datasourceProjection&quot;:&quot;SupplierHandling&quot;,&quot;datasourceEntitySet&quot;:&quot;Reference_NationalBankCodesLov&quot;,&quot;datasourceAggregateRefs&quot;:{&quot;Company&quot;:&quot;${Company}&quot;,&quot;NationalBankCode&quot;:&quot;${NationalBankCode}&quot;},&quot;copy&quot;:{&quot;Company&quot;:&quot;Company&quot;,&quot;NationalBankCode&quot;:&quot;NationalBankCode&quot;},&quot;fetch&quot;:{},&quot;item&quot;:&quot;NationalBankCodeRef&quot;},&quot;array&quot;:false,&quot;maxlength&quot;:20,&quot;editable&quot;:true,&quot;required&quot;:false}},{&quot;elementType&quot;:&quot;field&quot;,&quot;field&quot;:{&quot;name&quot;:&quot;ExpireDate&quot;,&quot;attribute&quot;:&quot;ExpireDate&quot;,&quot;control&quot;:&quot;field&quot;,&quot;entity&quot;:&quot;IdentityInvoiceInfo&quot;,&quot;label&quot;:&quot;[#[translatesys:Data Field:Supplier.group.SupplierInvoiceGeneralGroup.groupcontent.field.ExpireDate:ExpireDate:WEB:Inactive Date]#]&quot;,&quot;translationKey&quot;:&quot;Supplier.group.SupplierInvoiceGeneralGroup.groupcontent.field.ExpireDate&quot;,&quot;datatype&quot;:&quot;Date&quot;,&quot;array&quot;:false,&quot;editable&quot;:true,&quot;required&quot;:false}},{&quot;elementType&quot;:&quot;fieldset&quot;,&quot;isReference&quot;:true,&quot;fieldset&quot;:&quot;InactiveReasonCommonFieldSet&quot;,&quot;id&quot;:&quot;InactiveReasonCommonFieldSet&quot;},{&quot;elementType&quot;:&quot;field&quot;,&quot;field&quot;:{&quot;name&quot;:&quot;PostingTemplateIdRef&quot;,&quot;selectAttributes&quot;:[&quot;Company&quot;,&quot;PostingTemplateId&quot;,&quot;PostingTemplateRef.Description&quot;],&quot;attribute&quot;:&quot;PostingTemplateId&quot;,&quot;control&quot;:&quot;lookup&quot;,&quot;entity&quot;:&quot;IdentityInvoiceInfo&quot;,&quot;label&quot;:&quot;[#[translatesys:Data Field:Supplier.group.SupplierInvoiceGeneralGroup.groupcontent.lookup.PostingTemplateIdRef:PostingTemplateIdRef:WEB:Posting Template Identity]#]&quot;,&quot;translationKey&quot;:&quot;Supplier.group.SupplierInvoiceGeneralGroup.groupcontent.lookup.PostingTemplateIdRef&quot;,&quot;datatype&quot;:&quot;Text&quot;,&quot;reference&quot;:&quot;PostingTemplateIdRef&quot;,&quot;view&quot;:{&quot;description&quot;:&quot;${PostingTemplateRef.Description}&quot;,&quot;descriptionLabel&quot;:&quot;Description&quot;,&quot;template&quot;:&quot;address&quot;},&quot;lov&quot;:{&quot;selector&quot;:&quot;ReferencePostingTemplateSelector&quot;,&quot;advancedview&quot;:&quot;PostingTemplateLovList&quot;,&quot;datasourceProjection&quot;:&quot;SupplierHandling&quot;,&quot;datasourceEntitySet&quot;:&quot;Reference_PostingTemplate&quot;,&quot;search&quot;:[&quot;Template&quot;,&quot;Description&quot;]},&quot;update&quot;:{&quot;datasourceProjection&quot;:&quot;SupplierHandling&quot;,&quot;datasourceEntitySet&quot;:&quot;Reference_PostingTemplate&quot;,&quot;datasourceAggregateRefs&quot;:{&quot;Company&quot;:&quot;${Company}&quot;,&quot;Template&quot;:&quot;${PostingTemplateId}&quot;},&quot;copy&quot;:{&quot;Company&quot;:&quot;Company&quot;,&quot;PostingTemplateId&quot;:&quot;Template&quot;},&quot;fetch&quot;:{},&quot;item&quot;:&quot;PostingTemplateIdRef&quot;},&quot;array&quot;:false,&quot;maxlength&quot;:10,&quot;editable&quot;:true,&quot;required&quot;:false}},{&quot;elementType&quot;:&quot;field&quot;,&quot;field&quot;:{&quot;name&quot;:&quot;NcfReferenceCheck&quot;,&quot;attribute&quot;:&quot;NcfReferenceCheck&quot;,&quot;control&quot;:&quot;field&quot;,&quot;entity&quot;:&quot;IdentityInvoiceInfo&quot;,&quot;label&quot;:&quot;[#[translatesys:Data Field:Supplier.group.SupplierInvoiceGeneralGroup.groupcontent.field.NcfReferenceCheck:NcfReferenceCheck:WEB:Mandatory to enter Payment Reference at Invoice Entry]#]&quot;,&quot;translationKey&quot;:&quot;Supplier.group.SupplierInvoiceGeneralGroup.groupcontent.field.NcfReferenceCheck&quot;,&quot;datatype&quot;:&quot;Boolean&quot;,&quot;controlsize&quot;:&quot;small&quot;,&quot;array&quot;:false,&quot;editable&quot;:true,&quot;required&quot;:true}},{&quot;elementType&quot;:&quot;field&quot;,&quot;field&quot;:{&quot;name&quot;:&quot;IsNote&quot;,&quot;attribute&quot;:&quot;IsNote&quot;,&quot;control&quot;:&quot;field&quot;,&quot;entity&quot;:&quot;IdentityInvoiceInfo&quot;,&quot;label&quot;:&quot;[#[translatesys:Data Field:Supplier.group.SupplierInvoiceGeneralGroup.groupcontent.field.IsNote:IsNote:WEB:Notes]#]&quot;,&quot;translationKey&quot;:&quot;Supplier.group.SupplierInvoiceGeneralGroup.groupcontent.field.IsNote&quot;,&quot;datatype&quot;:&quot;Boolean&quot;,&quot;controlsize&quot;:&quot;small&quot;,&quot;array&quot;:false,&quot;maxlength&quot;:5,&quot;format&quot;:&quot;uppercase&quot;,&quot;editable&quot;:false,&quot;required&quot;:false}},{&quot;elementType&quot;:&quot;field&quot;,&quot;field&quot;:{&quot;name&quot;:&quot;Cf_Cis_Supplier&quot;,&quot;entity&quot;:&quot;IdentityInvoiceInfo&quot;,&quot;datatype&quot;:&quot;Boolean&quot;,&quot;required&quot;:true,&quot;control&quot;:&quot;field&quot;,&quot;label&quot;:&quot;[#[translatesys:Data Field:[global].Supplier.group.SupplierInvoiceGeneralGroup.content.field.Cf_Cis_Supplier:Cf_Cis_Supplier:CONFIGCLIENT:Cis Supplier]#]&quot;,&quot;attribute&quot;:&quot;Cf_Cis_Supplier&quot;,&quot;editable&quot;:true,&quot;maxlength&quot;:20}}],&quot;@[DIFF]PACKED&quot;:{&quot;content&quot;:{&quot;0&quot;:{&quot;field&quot;:{&quot;editable&quot;:{&quot;==&quot;:{&quot;0&quot;:{&quot;@[DIFF]ID&quot;:&quot;63e3577c6274b7d76bb3bca8dcb5628772fff3e4&quot;}}},&quot;validateCommand&quot;:{&quot;grants&quot;:{&quot;or&quot;:{&quot;0&quot;:{&quot;==&quot;:{&quot;0&quot;:{&quot;@[DIFF]ID&quot;:&quot;8c59d13076f528a338fb516d9f5b5f6e5f902853&quot;}},&quot;@[DIFF]ID&quot;:&quot;a1461ef14c537bd8c41037522f6ffddd32c553c1&quot;},&quot;1&quot;:{&quot;method&quot;:{&quot;1&quot;:{&quot;1&quot;:{&quot;@[DIFF]ID&quot;:&quot;8c59d13076f528a338fb516d9f5b5f6e5f902853&quot;},&quot;@[DIFF]ID&quot;:&quot;d03a061d209a302570f6c718a7e222ccb3622543&quot;}},&quot;@[DIFF]ID&quot;:&quot;10f24603af09d6da680eea126e285ae8b416ac90&quot;}}},&quot;execute&quot;:{&quot;0&quot;:{&quot;@[DIFF]ID&quot;:&quot;b6d3750679ee80a4d4d9998f5c978112989a645a&quot;},&quot;1&quot;:{&quot;@[DIFF]ID&quot;:&quot;6179e1967f625c1523fa956df9f8cfdc6af062ba&quot;}}}},&quot;@[DIFF]ID&quot;:&quot;334690a0f7cf553a16fb53eda8597eeba3c19b44&quot;},&quot;1&quot;:{&quot;@[DIFF]ID&quot;:&quot;58f00b9938b7e86a5a348c6384eb1da2ec6d7c95&quot;},&quot;2&quot;:{&quot;@[DIFF]ID&quot;:&quot;a4ebdefddc139441cdafe115b5351d869f2a1117&quot;},&quot;3&quot;:{&quot;@[DIFF]ID&quot;:&quot;29768f58ce58a604012d3f33f7dccc21136fd59e&quot;},&quot;4&quot;:{&quot;field&quot;:{&quot;lovswitch&quot;:{&quot;0&quot;:{&quot;case&quot;:{&quot;==&quot;:{&quot;0&quot;:{&quot;@[DIFF]ID&quot;:&quot;1a6fdbeb580193c08e499bf0d940c99e2cf40627&quot;}}},&quot;@[DIFF]ID&quot;:&quot;b68e30b706a5d03ed16f1b28528d98e71375914b&quot;},&quot;1&quot;:{&quot;@[DIFF]ID&quot;:&quot;05f0bb3874d0fd08751ea787c2cc73bbd5e562f6&quot;}}},&quot;@[DIFF]ID&quot;:&quot;033926e0c3646470db1693912aa256415053b44a&quot;},&quot;5&quot;:{&quot;@[DIFF]ID&quot;:&quot;eb01f8eba10c131c4f7a995f0ac2c01218a8fcfa&quot;},&quot;6&quot;:{&quot;@[DIFF]ID&quot;:&quot;84950cf3246177d0bd00c410e58d076919ced8a7&quot;},&quot;7&quot;:{&quot;@[DIFF]ID&quot;:&quot;ac8cd6fc6f82035f696ca86491f5f89b599c2c4e&quot;},&quot;8&quot;:{&quot;@[DIFF]ID&quot;:&quot;72d40bd9bc635aa3e064ee523697a552905bbe61&quot;},&quot;9&quot;:{&quot;@[DIFF]ID&quot;:&quot;80c729c0c0d9511485697c513d64386034d8de40&quot;},&quot;10&quot;:{&quot;@[DIFF]ID&quot;:&quot;a8627a7321c2c92622462e987dea68f9b9a94ee0&quot;},&quot;11&quot;:{&quot;@[DIFF]ID&quot;:&quot;4c90f724f8eeaddd702c8189220bbbd84f5d4d06&quot;},&quot;12&quot;:{&quot;@[DIFF]ID&quot;:&quot;021975e0310349391a08d201cc5d935b820e7a54&quot;},&quot;13&quot;:{&quot;@[DIFF]ID&quot;:&quot;a5f958d358cd1ca681d0c897aa353a7a2aeb8e21&quot;},&quot;14&quot;:{&quot;@[DIFF]ID&quot;:&quot;fc9b8dacd4e18f18f8e83ce1d92bc9ca7fdf74ee&quot;},&quot;15&quot;:{&quot;@[DIFF]ID&quot;:&quot;efb9c51dcc5cdd20e18e60f026ac76956850da12&quot;},&quot;16&quot;:{&quot;@[DIFF]ID&quot;:&quot;58c93e57c9fd83e627e21bd943b6537e74df8a39&quot;},&quot;17&quot;:{&quot;@[DIFF]ID&quot;:&quot;f7673733a801dbeb5762277b844f7dd3022e6925&quot;},&quot;18&quot;:{&quot;@[DIFF]ID&quot;:&quot;55170d562ecf6de277efd48b6441d4cb1c3b8bab&quot;},&quot;19&quot;:{&quot;@[DIFF]ID&quot;:&quot;b4c2b389ca3e9a1cb416a20dc794ff9636391464&quot;}}}}</CONTENT>
      </DATA_ROW>
    </DATA>
  </WEB_PAGE_BUNDLE>
</CUSTOM_OBJECT>
