<?xml version="1.0"?>
<CUSTOM_OBJECT>
  <NAME>Bulk Update</NAME>
  <TYPE>CF_READ_ONLY</TYPE>
  <DESCRIPTION>C0343 - Prageeth Gangabada</DESCRIPTION>
  <CUSTOM_FIELD EXPORT_DEF_VERSION="1">
    <LU>LedgerItem</LU>
    <TABLE_NAME>LEDGER_ITEM_CFT</TABLE_NAME>
    <VIEW_NAME>LEDGER_ITEM_CFV</VIEW_NAME>
    <PACKAGE_NAME>LEDGER_ITEM_CFP</PACKAGE_NAME>
    <DEFINITION_MODIFIED_DATE>2021-02-15-09.41.04</DEFINITION_MODIFIED_DATE>
    <EXPORT_DATE>2021-05-24-09.41.08</EXPORT_DATE>
    <USED_DB>TRUE</USED_DB>
    <ROWKEY>9B81EE8B7A784E50898863A8221CB93A</ROWKEY>
    <CUSTOM_FIELD_ATTRIBUTE>
      <CUSTOM_FIELD_ATTRIBUTE_ROW>
        <ATTRIBUTE_NAME>BULK_UPDATE</ATTRIBUTE_NAME>
        <DATA_TYPE_DB>ENUMERATION</DATA_TYPE_DB>
        <FORMAT_DB>UNFORMATTED</FORMAT_DB>
        <DATA_LENGTH>20</DATA_LENGTH>
        <DEFAULT_VALUE_TYPE_DB>ENUMERATION_VALUE</DEFAULT_VALUE_TYPE_DB>
        <DEFAULT_VALUE>FALSE</DEFAULT_VALUE>
        <MANDATORY_DB>FALSE</MANDATORY_DB>
        <INSERTABLE_DB>FALSE</INSERTABLE_DB>
        <UPDATEABLE_DB>FALSE</UPDATEABLE_DB>
        <QUERYABLE_DB>TRUE</QUERYABLE_DB>
        <PRIVATE_DB>FALSE</PRIVATE_DB>
        <LOV_DB>FALSE</LOV_DB>
        <INDEXED_DB>FALSE</INDEXED_DB>
        <PROMPT>Bulk Update</PROMPT>
        <DEFINITION_MODIFIED_DATE>2021-02-17-05.04.21</DEFINITION_MODIFIED_DATE>
        <CUSTOM_FIELD_TYPE_DB>READ_ONLY_FIELD</CUSTOM_FIELD_TYPE_DB>
        <CUSTOM_FIELD_IMPL_TYPE_DB>SELECT_STATEMENT</CUSTOM_FIELD_IMPL_TYPE_DB>
        <EXPRESSION>Ledger_Item_Cfp.Get_Cf$_Bulk_Update(v.objid)</EXPRESSION>
        <METADATA>SELECT &apos;TRUE&apos; FROM ledger_item_Ext_clv WHERE cf$_ledger_item_objid = :objid</METADATA>
        <LU_REFERENCE>FndBoolean</LU_REFERENCE>
        <UI_OBJECT_DB>CHECKBOX_REVERSED</UI_OBJECT_DB>
        <USED_DB>TRUE</USED_DB>
        <READ_ONLY_EXPRESSION_DB>FALSE</READ_ONLY_EXPRESSION_DB>
        <NOTE>C0343 - Prageeth Gangabada</NOTE>
        <ENABLED_ON_REPORTS_DB>TRUE</ENABLED_ON_REPORTS_DB>
        <CONSTRAINT_TYPE_DB>RESTRICTED</CONSTRAINT_TYPE_DB>
        <LOV_VIEW/>
        <ALTERNATE_KEY_DB>FALSE</ALTERNATE_KEY_DB>
        <ROWKEY>8FEE2135FD2540218B45E4A07FDA6AC5</ROWKEY>
      </CUSTOM_FIELD_ATTRIBUTE_ROW>
    </CUSTOM_FIELD_ATTRIBUTE>
    <TRANSLATIONS>
  </TRANSLATIONS>
    <CUSTOM_FIELD_VIEW>
      <CUSTOM_FIELD_VIEW_ROW>
        <VIEW_NAME>LEDGER_ITEM11</VIEW_NAME>
        <CF_VIEW_NAME>LEDGER_ITEM11_CFV</CF_VIEW_NAME>
        <USED_DB>FALSE</USED_DB>
        <ROWKEY>5DEAC4D5E5904C01B79AA26B8701E8E5</ROWKEY>
      </CUSTOM_FIELD_VIEW_ROW>
      <CUSTOM_FIELD_VIEW_ROW>
        <VIEW_NAME>LEDGER_ITEM11_CASH_BOX</VIEW_NAME>
        <CF_VIEW_NAME>LEDGER_ITEM11_CASH_BOX_CFV</CF_VIEW_NAME>
        <USED_DB>FALSE</USED_DB>
        <ROWKEY>846C644D91F842798ADD99B1EE1153D6</ROWKEY>
      </CUSTOM_FIELD_VIEW_ROW>
      <CUSTOM_FIELD_VIEW_ROW>
        <VIEW_NAME>LEDGER_ITEM11_EMU</VIEW_NAME>
        <CF_VIEW_NAME>LEDGER_ITEM11_EMU_CFV</CF_VIEW_NAME>
        <USED_DB>FALSE</USED_DB>
        <ROWKEY>E091EA22754145B2B6DFF715F6C4DD3A</ROWKEY>
      </CUSTOM_FIELD_VIEW_ROW>
      <CUSTOM_FIELD_VIEW_ROW>
        <VIEW_NAME>LEDGER_ITEM16</VIEW_NAME>
        <CF_VIEW_NAME>LEDGER_ITEM16_CFV</CF_VIEW_NAME>
        <USED_DB>FALSE</USED_DB>
        <ROWKEY>292A5F7566EC49F6AF555EC253AEE718</ROWKEY>
      </CUSTOM_FIELD_VIEW_ROW>
      <CUSTOM_FIELD_VIEW_ROW>
        <VIEW_NAME>LEDGER_ITEM17</VIEW_NAME>
        <CF_VIEW_NAME>LEDGER_ITEM17_CFV</CF_VIEW_NAME>
        <USED_DB>FALSE</USED_DB>
        <ROWKEY>72C04CF6BFF34386BCF20F0296C2E8AD</ROWKEY>
      </CUSTOM_FIELD_VIEW_ROW>
      <CUSTOM_FIELD_VIEW_ROW>
        <VIEW_NAME>LEDGER_ITEM2</VIEW_NAME>
        <CF_VIEW_NAME>LEDGER_ITEM2_CFV</CF_VIEW_NAME>
        <USED_DB>FALSE</USED_DB>
        <ROWKEY>DE04E832781A4BD1A35A999FABC38121</ROWKEY>
      </CUSTOM_FIELD_VIEW_ROW>
      <CUSTOM_FIELD_VIEW_ROW>
        <VIEW_NAME>LEDGER_ITEM2_CUST</VIEW_NAME>
        <CF_VIEW_NAME>LEDGER_ITEM2_CUST_CFV</CF_VIEW_NAME>
        <USED_DB>FALSE</USED_DB>
        <ROWKEY>B7431DBCF00F42B38AB0CDA58E5CFF38</ROWKEY>
      </CUSTOM_FIELD_VIEW_ROW>
      <CUSTOM_FIELD_VIEW_ROW>
        <VIEW_NAME>LEDGER_ITEM2_SUPP</VIEW_NAME>
        <CF_VIEW_NAME>LEDGER_ITEM2_SUPP_CFV</CF_VIEW_NAME>
        <USED_DB>FALSE</USED_DB>
        <ROWKEY>3C8A3AF9E5954E4AA212187CAB400598</ROWKEY>
      </CUSTOM_FIELD_VIEW_ROW>
      <CUSTOM_FIELD_VIEW_ROW>
        <VIEW_NAME>LEDGER_ITEM3</VIEW_NAME>
        <CF_VIEW_NAME>LEDGER_ITEM3_CFV</CF_VIEW_NAME>
        <USED_DB>FALSE</USED_DB>
        <ROWKEY>60B4EE56691A42BD8CE9A4DC5A28B2FD</ROWKEY>
      </CUSTOM_FIELD_VIEW_ROW>
      <CUSTOM_FIELD_VIEW_ROW>
        <VIEW_NAME>LEDGER_ITEM3_EMU</VIEW_NAME>
        <CF_VIEW_NAME>LEDGER_ITEM3_EMU_CFV</CF_VIEW_NAME>
        <USED_DB>FALSE</USED_DB>
        <ROWKEY>C73025F422D64FA398E53763C838E4FE</ROWKEY>
      </CUSTOM_FIELD_VIEW_ROW>
      <CUSTOM_FIELD_VIEW_ROW>
        <VIEW_NAME>LEDGER_ITEM3_SELBA_OTHER_PAYEE</VIEW_NAME>
        <CF_VIEW_NAME>LEDGER_ITEM3_SEL1068614002_CFV</CF_VIEW_NAME>
        <USED_DB>FALSE</USED_DB>
        <ROWKEY>77C750201DFB473A9CB74310DE1CB4AA</ROWKEY>
      </CUSTOM_FIELD_VIEW_ROW>
      <CUSTOM_FIELD_VIEW_ROW>
        <VIEW_NAME>LEDGER_ITEM4</VIEW_NAME>
        <CF_VIEW_NAME>LEDGER_ITEM4_CFV</CF_VIEW_NAME>
        <USED_DB>FALSE</USED_DB>
        <ROWKEY>1DA918658828433CBE0EE440E257B386</ROWKEY>
      </CUSTOM_FIELD_VIEW_ROW>
      <CUSTOM_FIELD_VIEW_ROW>
        <VIEW_NAME>LEDGER_ITEM4_A</VIEW_NAME>
        <CF_VIEW_NAME>LEDGER_ITEM4_A_CFV</CF_VIEW_NAME>
        <USED_DB>FALSE</USED_DB>
        <ROWKEY>CF302E0063C9479C8C387B978F296CB2</ROWKEY>
      </CUSTOM_FIELD_VIEW_ROW>
      <CUSTOM_FIELD_VIEW_ROW>
        <VIEW_NAME>LEDGER_ITEM6</VIEW_NAME>
        <CF_VIEW_NAME>LEDGER_ITEM6_CFV</CF_VIEW_NAME>
        <USED_DB>FALSE</USED_DB>
        <ROWKEY>1B1A5787379A4F55ABC113D8239D47F4</ROWKEY>
      </CUSTOM_FIELD_VIEW_ROW>
      <CUSTOM_FIELD_VIEW_ROW>
        <VIEW_NAME>LEDGER_ITEM_AUTH</VIEW_NAME>
        <CF_VIEW_NAME>LEDGER_ITEM_AUTH_CFV</CF_VIEW_NAME>
        <USED_DB>FALSE</USED_DB>
        <ROWKEY>A9F6C4E0025F46CEA057C7089801C8D9</ROWKEY>
      </CUSTOM_FIELD_VIEW_ROW>
      <CUSTOM_FIELD_VIEW_ROW>
        <VIEW_NAME>LEDGER_ITEM_AUTH_PSTAT</VIEW_NAME>
        <CF_VIEW_NAME>LEDGER_ITEM_AUTH_PSTAT_CFV</CF_VIEW_NAME>
        <USED_DB>FALSE</USED_DB>
        <ROWKEY>3528D48330994FF89A4B7997FDF82ABE</ROWKEY>
      </CUSTOM_FIELD_VIEW_ROW>
      <CUSTOM_FIELD_VIEW_ROW>
        <VIEW_NAME>LEDGER_ITEM_AUTH_PSTAT_NB</VIEW_NAME>
        <CF_VIEW_NAME>LEDGER_ITEM_AUTH_PSTAT_NB_CFV</CF_VIEW_NAME>
        <USED_DB>FALSE</USED_DB>
        <ROWKEY>02AE10D058634AF19C1BF208063FD197</ROWKEY>
      </CUSTOM_FIELD_VIEW_ROW>
      <CUSTOM_FIELD_VIEW_ROW>
        <VIEW_NAME>LEDGER_ITEM_BOE</VIEW_NAME>
        <CF_VIEW_NAME>LEDGER_ITEM_BOE_CFV</CF_VIEW_NAME>
        <USED_DB>FALSE</USED_DB>
        <ROWKEY>7D93E6B222A3415685A0586CBA38087F</ROWKEY>
      </CUSTOM_FIELD_VIEW_ROW>
      <CUSTOM_FIELD_VIEW_ROW>
        <VIEW_NAME>LEDGER_ITEM_BOE_TRANS</VIEW_NAME>
        <CF_VIEW_NAME>LEDGER_ITEM_BOE_TRANS_CFV</CF_VIEW_NAME>
        <USED_DB>FALSE</USED_DB>
        <ROWKEY>744F1429E3FD405ABA9607F083AA73C3</ROWKEY>
      </CUSTOM_FIELD_VIEW_ROW>
      <CUSTOM_FIELD_VIEW_ROW>
        <VIEW_NAME>LEDGER_ITEM_BY_IDENTITY</VIEW_NAME>
        <CF_VIEW_NAME>LEDGER_ITEM_BY_IDENTITY_CFV</CF_VIEW_NAME>
        <USED_DB>FALSE</USED_DB>
        <ROWKEY>6B03472A773847C891714E79B9EC4435</ROWKEY>
      </CUSTOM_FIELD_VIEW_ROW>
      <CUSTOM_FIELD_VIEW_ROW>
        <VIEW_NAME>LEDGER_ITEM_CUST_PAY</VIEW_NAME>
        <CF_VIEW_NAME>LEDGER_ITEM_CUST_PAY_CFV</CF_VIEW_NAME>
        <USED_DB>FALSE</USED_DB>
        <ROWKEY>CACE6BBB97514A22A1841CE879C308D8</ROWKEY>
      </CUSTOM_FIELD_VIEW_ROW>
      <CUSTOM_FIELD_VIEW_ROW>
        <VIEW_NAME>LEDGER_ITEM_CU_CUR_BAL_QRY</VIEW_NAME>
        <CF_VIEW_NAME>LEDGER_ITEM_CU_CUR_BAL_QRY_CFV</CF_VIEW_NAME>
        <USED_DB>FALSE</USED_DB>
        <ROWKEY>A5FACAF12E0744C3884C8DCA44FD077F</ROWKEY>
      </CUSTOM_FIELD_VIEW_ROW>
      <CUSTOM_FIELD_VIEW_ROW>
        <VIEW_NAME>LEDGER_ITEM_CU_DET_QRY</VIEW_NAME>
        <CF_VIEW_NAME>LEDGER_ITEM_CU_DET_QRY_CFV</CF_VIEW_NAME>
        <USED_DB>TRUE</USED_DB>
        <ROWKEY>BE334A1EB1524FFEB20389BC3077A825</ROWKEY>
      </CUSTOM_FIELD_VIEW_ROW>
      <CUSTOM_FIELD_VIEW_ROW>
        <VIEW_NAME>LEDGER_ITEM_CU_PARK_QRY</VIEW_NAME>
        <CF_VIEW_NAME>LEDGER_ITEM_CU_PARK_QRY_CFV</CF_VIEW_NAME>
        <USED_DB>FALSE</USED_DB>
        <ROWKEY>515C0932296C42469278807636D1D9BF</ROWKEY>
      </CUSTOM_FIELD_VIEW_ROW>
      <CUSTOM_FIELD_VIEW_ROW>
        <VIEW_NAME>LEDGER_ITEM_CU_QRY</VIEW_NAME>
        <CF_VIEW_NAME>LEDGER_ITEM_CU_QRY_CFV</CF_VIEW_NAME>
        <USED_DB>FALSE</USED_DB>
        <ROWKEY>FBC621C8A0C5457FA2BC99A3F10093D3</ROWKEY>
      </CUSTOM_FIELD_VIEW_ROW>
      <CUSTOM_FIELD_VIEW_ROW>
        <VIEW_NAME>LEDGER_ITEM_INSTALLMENT_LOV</VIEW_NAME>
        <CF_VIEW_NAME>LEDGER_ITEM_INSTAL11098610_CFV</CF_VIEW_NAME>
        <USED_DB>FALSE</USED_DB>
        <ROWKEY>01F373CB025E445BAB93C285DE4518C7</ROWKEY>
      </CUSTOM_FIELD_VIEW_ROW>
      <CUSTOM_FIELD_VIEW_ROW>
        <VIEW_NAME>LEDGER_ITEM_QRY</VIEW_NAME>
        <CF_VIEW_NAME>LEDGER_ITEM_QRY_CFV</CF_VIEW_NAME>
        <USED_DB>FALSE</USED_DB>
        <ROWKEY>9A41F32751724B1381899DDE03873C0D</ROWKEY>
      </CUSTOM_FIELD_VIEW_ROW>
      <CUSTOM_FIELD_VIEW_ROW>
        <VIEW_NAME>LEDGER_ITEM_SELECT_BATCH</VIEW_NAME>
        <CF_VIEW_NAME>LEDGER_ITEM_SELECT_BATCH_CFV</CF_VIEW_NAME>
        <USED_DB>FALSE</USED_DB>
        <ROWKEY>5853204137DB4D42ABF2F21AD3C7C28B</ROWKEY>
      </CUSTOM_FIELD_VIEW_ROW>
      <CUSTOM_FIELD_VIEW_ROW>
        <VIEW_NAME>LEDGER_ITEM_STATE</VIEW_NAME>
        <CF_VIEW_NAME>LEDGER_ITEM_STATE_CFV</CF_VIEW_NAME>
        <USED_DB>FALSE</USED_DB>
        <ROWKEY>7CAB50AC8D8A42FCAF05E3DCA1E50405</ROWKEY>
      </CUSTOM_FIELD_VIEW_ROW>
      <CUSTOM_FIELD_VIEW_ROW>
        <VIEW_NAME>LEDGER_ITEM_SUP_PAY</VIEW_NAME>
        <CF_VIEW_NAME>LEDGER_ITEM_SUP_PAY_CFV</CF_VIEW_NAME>
        <USED_DB>FALSE</USED_DB>
        <ROWKEY>C98C2BA01E4E4CB6BCE3C6A15D668807</ROWKEY>
      </CUSTOM_FIELD_VIEW_ROW>
      <CUSTOM_FIELD_VIEW_ROW>
        <VIEW_NAME>LEDGER_ITEM_SU_CUR_BAL_QRY</VIEW_NAME>
        <CF_VIEW_NAME>LEDGER_ITEM_SU_CUR_BAL_QRY_CFV</CF_VIEW_NAME>
        <USED_DB>FALSE</USED_DB>
        <ROWKEY>FD0255ECE8404DB09455EC64F9D224FD</ROWKEY>
      </CUSTOM_FIELD_VIEW_ROW>
      <CUSTOM_FIELD_VIEW_ROW>
        <VIEW_NAME>LEDGER_ITEM_SU_PARK_QRY</VIEW_NAME>
        <CF_VIEW_NAME>LEDGER_ITEM_SU_PARK_QRY_CFV</CF_VIEW_NAME>
        <USED_DB>FALSE</USED_DB>
        <ROWKEY>8F68A1ACD270432A97163256F96F794E</ROWKEY>
      </CUSTOM_FIELD_VIEW_ROW>
      <CUSTOM_FIELD_VIEW_ROW>
        <VIEW_NAME>LEDGER_ITEM_SU_QRY</VIEW_NAME>
        <CF_VIEW_NAME>LEDGER_ITEM_SU_QRY_CFV</CF_VIEW_NAME>
        <USED_DB>FALSE</USED_DB>
        <ROWKEY>0E8291BB933F4B0781BAB15335256C3B</ROWKEY>
      </CUSTOM_FIELD_VIEW_ROW>
      <CUSTOM_FIELD_VIEW_ROW>
        <VIEW_NAME>LEDGITEM_CASHCHECK</VIEW_NAME>
        <CF_VIEW_NAME>LEDGITEM_CASHCHECK_CFV</CF_VIEW_NAME>
        <USED_DB>FALSE</USED_DB>
        <ROWKEY>1C3537EB6A9D473B8D7B526F9B16B6B8</ROWKEY>
      </CUSTOM_FIELD_VIEW_ROW>
      <CUSTOM_FIELD_VIEW_ROW>
        <VIEW_NAME>LEDGITEM_CUST</VIEW_NAME>
        <CF_VIEW_NAME>LEDGITEM_CUST_CFV</CF_VIEW_NAME>
        <USED_DB>FALSE</USED_DB>
        <ROWKEY>C23D9E8457F64BCD97A1F48C9CD036E2</ROWKEY>
      </CUSTOM_FIELD_VIEW_ROW>
      <CUSTOM_FIELD_VIEW_ROW>
        <VIEW_NAME>LEDGITEM_EXT_CASHCHECK</VIEW_NAME>
        <CF_VIEW_NAME>LEDGITEM_EXT_CASHCHECK_CFV</CF_VIEW_NAME>
        <USED_DB>FALSE</USED_DB>
        <ROWKEY>BC31BC4FCA8041F6AA1F294CD5A0BE35</ROWKEY>
      </CUSTOM_FIELD_VIEW_ROW>
      <CUSTOM_FIELD_VIEW_ROW>
        <VIEW_NAME>LEDGITEM_IDENTITY3</VIEW_NAME>
        <CF_VIEW_NAME>LEDGITEM_IDENTITY3_CFV</CF_VIEW_NAME>
        <USED_DB>FALSE</USED_DB>
        <ROWKEY>C8847D5E59D0446E991E9BEB23A17627</ROWKEY>
      </CUSTOM_FIELD_VIEW_ROW>
      <CUSTOM_FIELD_VIEW_ROW>
        <VIEW_NAME>LEDGITEM_MIX_PAY_CANCELCHECK</VIEW_NAME>
        <CF_VIEW_NAME>LEDGITEM_MIX_PAY1396182084_CFV</CF_VIEW_NAME>
        <USED_DB>FALSE</USED_DB>
        <ROWKEY>57DF650D31ED4169BC54B9D2074DE195</ROWKEY>
      </CUSTOM_FIELD_VIEW_ROW>
      <CUSTOM_FIELD_VIEW_ROW>
        <VIEW_NAME>LEDGITEM_NO3</VIEW_NAME>
        <CF_VIEW_NAME>LEDGITEM_NO3_CFV</CF_VIEW_NAME>
        <USED_DB>FALSE</USED_DB>
        <ROWKEY>24E09796999C4477AF0F3136984B2B95</ROWKEY>
      </CUSTOM_FIELD_VIEW_ROW>
      <CUSTOM_FIELD_VIEW_ROW>
        <VIEW_NAME>LEDGITEM_SERIES_ID3</VIEW_NAME>
        <CF_VIEW_NAME>LEDGITEM_SERIES_ID3_CFV</CF_VIEW_NAME>
        <USED_DB>FALSE</USED_DB>
        <ROWKEY>B3D14581F900406B840CF73F5449CB08</ROWKEY>
      </CUSTOM_FIELD_VIEW_ROW>
      <CUSTOM_FIELD_VIEW_ROW>
        <VIEW_NAME>LEDGITEM_SUPP</VIEW_NAME>
        <CF_VIEW_NAME>LEDGITEM_SUPP_CFV</CF_VIEW_NAME>
        <USED_DB>FALSE</USED_DB>
        <ROWKEY>E3AA618F6C93462D9B025F8F1DB2341D</ROWKEY>
      </CUSTOM_FIELD_VIEW_ROW>
      <CUSTOM_FIELD_VIEW_ROW>
        <VIEW_NAME>PAY_DOC_FOLLOWUP</VIEW_NAME>
        <CF_VIEW_NAME>PAY_DOC_FOLLOWUP_CFV</CF_VIEW_NAME>
        <USED_DB>FALSE</USED_DB>
        <ROWKEY>6CE1AD912B134CBDA4E9532EEC7C2493</ROWKEY>
      </CUSTOM_FIELD_VIEW_ROW>
      <CUSTOM_FIELD_VIEW_ROW>
        <VIEW_NAME>PAY_DOC_FOLLOWUP_QRY</VIEW_NAME>
        <CF_VIEW_NAME>PAY_DOC_FOLLOWUP_QRY_CFV</CF_VIEW_NAME>
        <USED_DB>FALSE</USED_DB>
        <ROWKEY>CAFB2EB4B5714C6D8E4206C4800F3322</ROWKEY>
      </CUSTOM_FIELD_VIEW_ROW>
    </CUSTOM_FIELD_VIEW>
  </CUSTOM_FIELD>
</CUSTOM_OBJECT>
