<?xml version="1.0"?>
<CUSTOM_OBJECT>
  <NAME>0^C_C0689_CHECK_PREPOST_PR^PurchaseRequisition</NAME>
  <TYPE>CUSTOM_EVENT_ACTION</TYPE>
  <DESCRIPTION>EA  - C0689 - Check PR lines for preposting</DESCRIPTION>
  <CUSTOM_EVENT_ACTION EXPORT_DEF_VERSION="2">
    <EVENT_LU_NAME>PurchaseRequisition</EVENT_LU_NAME>
    <EVENT_ID>C_C0689_CHECK_PREPOST_PR</EVENT_ID>
    <ACTION_NUMBER>0</ACTION_NUMBER>
    <ACTION_ENABLE>TRUE</ACTION_ENABLE>
    <ACTION_PARAMETERS>!FNDSER.EVENT_ACTION_PARAM
$SQL=DECLARE
-   CURSOR get_lines IS
-   SELECT *
-   FROM PURCHASE_REQ_LINE_TAB
-   WHERE requisition_no = &apos;&amp;NEW:REQUISITION_NO&apos;;
-
-   CURSOR check_group(group_ VARCHAR2) IS
-   SELECT *
-   FROM PURCHASE_PART_GROUP_CFV
-   WHERE stat_grp = group_;
-
-   CURSOR get_pre_accounting(pre_acc_id_ NUMBER) IS
-   SELECT *
-   FROM PRE_ACCOUNTING_TAB
-   WHERE pre_accounting_id = pre_acc_id_;
-   
-   grp_rec_       Purchase_Part_Group_cfv%ROWTYPE;
-   po_grp_        Purchase_Part_Group_Tab.stat_grp%TYPE;
-   stmt_          VARCHAR2(200);
-   pre_acc_id_    Purchase_Order_Line_Tab.pre_accounting_id%TYPE;
-   pre_rec_       Pre_Accounting_Tab%ROWTYPE;
-   pur_grp_exist_ VARCHAR2(5) := &apos;TRUE&apos;;
-   pre_acc_exist_ VARCHAR2(5) :=  &apos;TRUE&apos;;
-   msg_           VARCHAR2(2000) := NULL;
-   Error_msg_     VARCHAR2(3200);
-   sql_err_       VARCHAR2(2000);
-   inv_flag_      VARCHAR2(5);
-BEGIN
-   IF Dictionary_SYS.Package_Is_Installed(&apos;Purchase_Part_Group_Cfp&apos;) THEN  
-      FOR line_rec_ in get_lines LOOP
-         IF (line_rec_.part_no IS NOT NULL) THEN
-           inv_flag_   := Purchase_Part_Api.Get_Inventory_Flag_Db(line_rec_.contract, line_rec_.part_no);
-           po_grp_   := Purchase_Part_Api.Get_Stat_Grp(line_rec_.contract, line_rec_.part_no);
-         ELSE
-           po_grp_ := line_rec_.stat_grp;
-         END IF;
-         pre_acc_id_ := line_rec_.Pre_Accounting_Id;
-         
-         IF((line_rec_.part_no IS NULL OR inv_flag_ = &apos;N&apos;) AND po_grp_ IS NOT NULL AND pre_acc_id_ IS NOT NULL) THEN
-           msg_ := NULL;
-           pur_grp_exist_  := &apos;TRUE&apos;;
-           pre_acc_exist_  := &apos;TRUE&apos;;           
-           pre_rec_ := NULL;
-           grp_rec_ := NULL;
-           
-           OPEN get_pre_accounting(pre_acc_id_);
-           IF(get_pre_accounting%NOTFOUND) THEN
-              pre_acc_exist_ := &apos;FALSE&apos;;               
-           ELSE
-              FETCH get_pre_accounting INTO pre_rec_;
-           END IF;
-           CLOSE get_pre_accounting;                   
-
-           OPEN check_group(po_grp_);
-           IF(check_group%NOTFOUND) THEN
-              pur_grp_exist_ := &apos;FALSE&apos;;                   
-           ELSE
-              FETCH check_group INTO grp_rec_;
-           END IF;
-           CLOSE check_group;                       
-
-           IF(pur_grp_exist_ = &apos;TRUE&apos; AND grp_rec_.cf$_mandprepostpr = &apos;True&apos;)THEN
-               IF(grp_rec_.cf$_bproposition = &apos;True&apos; AND pre_rec_.codeno_b IS NULL) THEN
-                  msg_ := msg_ || &apos;, Proposition&apos;;
-               END IF;
-
-               IF(grp_rec_.cf$_cproject = &apos;True&apos; AND pre_rec_.codeno_c IS NULL) THEN
-                  msg_ := msg_ || &apos;, Project&apos;;
-               END IF;
-
-               IF(grp_rec_.cf$_dsite = &apos;True&apos; AND pre_rec_.codeno_d IS NULL) THEN
-                  msg_ := msg_ || &apos;, Site&apos;;
-               END IF;
-
-               IF(grp_rec_.cf$_ecostcenter = &apos;True&apos; AND pre_rec_.codeno_e IS NULL) THEN
-                  msg_ := msg_ || &apos;, Cost Center&apos;;
-               END IF;
-
-               IF(grp_rec_.cf$_fcontract = &apos;True&apos; AND pre_rec_.codeno_f IS NULL) THEN
-                  msg_ := msg_ || &apos;, Contract&apos;;
-               END IF;
-
-               IF(grp_rec_.cf$_gcodeg = &apos;True&apos; AND pre_rec_.codeno_g IS NULL) THEN
-                  msg_ := msg_ || &apos;, Code G&apos;;
-               END IF;
-
-               IF(grp_rec_.cf$_hinterco = &apos;True&apos; AND pre_rec_.codeno_h IS NULL) THEN
-                  msg_ := msg_ || &apos;, Inter Co&apos;;
-               END IF;
-
-               IF(grp_rec_.cf$_iasset = &apos;True&apos; AND pre_rec_.codeno_I IS NULL) THEN
-                  msg_ := msg_ || &apos;, Asset&apos;;
-               END IF;
-
-               IF(grp_rec_.cf$_jcurrency = &apos;True&apos; AND pre_rec_.codeno_j IS NULL) THEN
-                  msg_ := msg_ || &apos;, Currency&apos;;
-               END IF;
-           END IF;
-       
-          msg_ := substr(msg_, 3, length(msg_));
-
-           IF(msg_ IS NOT NULL) THEN
-              IF(Error_msg_ IS NULL) THEN
-                 IF(line_rec_.part_no IS NOT NULL) THEN
-                    Error_msg_ := &apos;Part Requisition Line &apos; || line_rec_.line_no || &apos;,&apos;  || line_rec_.release_no || &apos; Requires mandatory preposting values for &apos; || msg_;
-                 ELSE
-                    Error_msg_ := &apos;No Part Requisition Line &apos; || line_rec_.line_no || &apos;,&apos;  || line_rec_.release_no || &apos; Requires mandatory preposting values for &apos; || msg_;
-                 END IF;
-              ELSE
-                 IF(line_rec_.part_no IS NOT NULL) THEN
-                    Error_msg_ := Error_msg_ || chr(10) || &apos;Part Requisition Line &apos; || line_rec_.line_no ||  &apos;,&apos;  || line_rec_.release_no || &apos; Requires mandatory preposting values for &apos; || msg_;
-                 ELSE
-                    Error_msg_ := Error_msg_ || chr(10) || &apos;No Part Requisition Line &apos; || line_rec_.line_no ||  &apos;,&apos;  || line_rec_.release_no || &apos; Requires mandatory preposting values for &apos; || msg_;
-                 END IF;
-              END IF;
-           END IF;
-         END IF;  
-      END LOOP;
-      IF(Error_msg_ IS NOT NULL) THEN
-         Error_SYS.Record_General(&apos;Error: &apos;, Error_msg_);
-      END IF;
-   END IF;
-END; 
$ATTACH=!ATTACHMENTS
</ACTION_PARAMETERS>
    <FND_EVENT_ACTION_TYPE_DB>EXECUTEONLINESQL</FND_EVENT_ACTION_TYPE_DB>
    <CONDITION_TYPE>!EVENT_ACTION_COND_TYPE
$OLD:ROWSTATE=!=
$NEW:REQUISITION_NO=
$NEW:ROWSTATE==
</CONDITION_TYPE>
    <CONDITION_VALUE>!EVENT_ACTION_COND_VALUE
$OLD:ROWSTATE=Released
$NEW:REQUISITION_NO=
$NEW:ROWSTATE=Released
</CONDITION_VALUE>
    <DESCRIPTION>EA  - C0689 - Check PR lines for preposting</DESCRIPTION>
    <SUBSCRIBABLE>FALSE</SUBSCRIBABLE>
    <SYSTEM_DEFINED>FALSE</SYSTEM_DEFINED>
    <ROLE/>
    <DEFINITION_MODIFIED_DATE>2021-07-30-10.24.03</DEFINITION_MODIFIED_DATE>
    <OBJKEY>92329423953F4BAE80B9EEEE3EAA70BE</OBJKEY>
  </CUSTOM_EVENT_ACTION>
</CUSTOM_OBJECT>
