<?xml version="1.0"?>
<CUSTOM_OBJECT>
  <NAME>Query Reason</NAME>
  <TYPE>CUSTOM_PAGE</TYPE>
  <DESCRIPTION>C0392 - Prageeth Gangabada</DESCRIPTION>
  <CUSTOM_PAGE EXPORT_DEF_VERSION="1">
    <TYPE>CUSTOM_PAGE</TYPE>
    <PAGE_NAME>cpgQueryReason</PAGE_NAME>
    <LU>QueryReason</LU>
    <PACKAGE_NAME>QUERY_REASON_CLP</PACKAGE_NAME>
    <PAGE_TITLE>Query Reason</PAGE_TITLE>
    <XML_DATA>&lt;?xml version=&quot;1.0&quot; encoding=&quot;utf-16&quot;?&gt;
&lt;PageLayout xmlns:xsi=&quot;http://www.w3.org/2001/XMLSchema-instance&quot; xmlns:xsd=&quot;http://www.w3.org/2001/XMLSchema&quot;&gt;
  &lt;PageItems&gt;
    &lt;PageItem&gt;
      &lt;Name&gt;CF$_QUERY_ID&lt;/Name&gt;
      &lt;ControlType&gt;Column&lt;/ControlType&gt;
      &lt;Ordinal&gt;1&lt;/Ordinal&gt;
      &lt;Properties&gt;
        &lt;Property Name=&quot;SqlColumn&quot;&gt;
          &lt;Value&gt;CF$_QUERY_ID&lt;/Value&gt;
        &lt;/Property&gt;
        &lt;Property Name=&quot;Ordinal&quot;&gt;
          &lt;Value&gt;1&lt;/Value&gt;
        &lt;/Property&gt;
        &lt;Property Name=&quot;RecordSelectorItem&quot;&gt;
          &lt;Value&gt;True&lt;/Value&gt;
        &lt;/Property&gt;
        &lt;Property Name=&quot;Insertable&quot;&gt;
          &lt;Value&gt;True&lt;/Value&gt;
        &lt;/Property&gt;
        &lt;Property Name=&quot;UpdatePermissions&quot;&gt;
          &lt;Value&gt;UpdateAllowed&lt;/Value&gt;
        &lt;/Property&gt;
        &lt;Property Name=&quot;Queryable&quot;&gt;
          &lt;Value&gt;True&lt;/Value&gt;
        &lt;/Property&gt;
        &lt;Property Name=&quot;Visible&quot;&gt;
          &lt;Value&gt;True&lt;/Value&gt;
        &lt;/Property&gt;
        &lt;Property Name=&quot;Location&quot;&gt;
          &lt;Value&gt;0, 0&lt;/Value&gt;
        &lt;/Property&gt;
        &lt;Property Name=&quot;FieldDataType&quot;&gt;
          &lt;Value&gt;Number&lt;/Value&gt;
        &lt;/Property&gt;
        &lt;Property Name=&quot;FieldFormat&quot;&gt;
          &lt;Value&gt;Unformated&lt;/Value&gt;
        &lt;/Property&gt;
        &lt;Property Name=&quot;LogicalParent&quot;&gt;
          &lt;Value&gt;[NaturalParent]&lt;/Value&gt;
        &lt;/Property&gt;
        &lt;Property Name=&quot;Text&quot;&gt;
          &lt;Value&gt;Query ID&lt;/Value&gt;
        &lt;/Property&gt;
        &lt;Property Name=&quot;Width&quot;&gt;
          &lt;Value&gt;97&lt;/Value&gt;
        &lt;/Property&gt;
        &lt;Property Name=&quot;MultiLine&quot;&gt;
          &lt;Value&gt;False&lt;/Value&gt;
        &lt;/Property&gt;
        &lt;Property Name=&quot;FieldMaxLength&quot;&gt;
          &lt;Value&gt;0&lt;/Value&gt;
        &lt;/Property&gt;
        &lt;Property Name=&quot;CharacterCasing&quot;&gt;
          &lt;Value&gt;Normal&lt;/Value&gt;
        &lt;/Property&gt;
        &lt;Property Name=&quot;TextAlign&quot;&gt;
          &lt;Value&gt;Right&lt;/Value&gt;
        &lt;/Property&gt;
        &lt;Property Name=&quot;LinkAware&quot;&gt;
          &lt;Value&gt;False&lt;/Value&gt;
        &lt;/Property&gt;
        &lt;Property Name=&quot;TabIndex&quot;&gt;
          &lt;Value&gt;-1&lt;/Value&gt;
        &lt;/Property&gt;
      &lt;/Properties&gt;
    &lt;/PageItem&gt;
    &lt;PageItem&gt;
      &lt;Name&gt;CF$_QUERY_REASON&lt;/Name&gt;
      &lt;ControlType&gt;Column&lt;/ControlType&gt;
      &lt;Ordinal&gt;2&lt;/Ordinal&gt;
      &lt;Properties&gt;
        &lt;Property Name=&quot;SqlColumn&quot;&gt;
          &lt;Value&gt;CF$_QUERY_REASON&lt;/Value&gt;
        &lt;/Property&gt;
        &lt;Property Name=&quot;Ordinal&quot;&gt;
          &lt;Value&gt;2&lt;/Value&gt;
        &lt;/Property&gt;
        &lt;Property Name=&quot;RecordSelectorItem&quot;&gt;
          &lt;Value&gt;False&lt;/Value&gt;
        &lt;/Property&gt;
        &lt;Property Name=&quot;Insertable&quot;&gt;
          &lt;Value&gt;True&lt;/Value&gt;
        &lt;/Property&gt;
        &lt;Property Name=&quot;UpdatePermissions&quot;&gt;
          &lt;Value&gt;UpdateAllowed&lt;/Value&gt;
        &lt;/Property&gt;
        &lt;Property Name=&quot;Queryable&quot;&gt;
          &lt;Value&gt;True&lt;/Value&gt;
        &lt;/Property&gt;
        &lt;Property Name=&quot;Visible&quot;&gt;
          &lt;Value&gt;True&lt;/Value&gt;
        &lt;/Property&gt;
        &lt;Property Name=&quot;Location&quot;&gt;
          &lt;Value&gt;0, 0&lt;/Value&gt;
        &lt;/Property&gt;
        &lt;Property Name=&quot;FieldDataType&quot;&gt;
          &lt;Value&gt;String&lt;/Value&gt;
        &lt;/Property&gt;
        &lt;Property Name=&quot;FieldFormat&quot;&gt;
          &lt;Value&gt;Unformated&lt;/Value&gt;
        &lt;/Property&gt;
        &lt;Property Name=&quot;LogicalParent&quot;&gt;
          &lt;Value&gt;[NaturalParent]&lt;/Value&gt;
        &lt;/Property&gt;
        &lt;Property Name=&quot;Text&quot;&gt;
          &lt;Value&gt;Query Reason&lt;/Value&gt;
        &lt;/Property&gt;
        &lt;Property Name=&quot;Width&quot;&gt;
          &lt;Value&gt;194&lt;/Value&gt;
        &lt;/Property&gt;
        &lt;Property Name=&quot;MultiLine&quot;&gt;
          &lt;Value&gt;False&lt;/Value&gt;
        &lt;/Property&gt;
        &lt;Property Name=&quot;FieldMaxLength&quot;&gt;
          &lt;Value&gt;200&lt;/Value&gt;
        &lt;/Property&gt;
        &lt;Property Name=&quot;UseEditor&quot;&gt;
          &lt;Value&gt;True&lt;/Value&gt;
        &lt;/Property&gt;
        &lt;Property Name=&quot;CharacterCasing&quot;&gt;
          &lt;Value&gt;Normal&lt;/Value&gt;
        &lt;/Property&gt;
        &lt;Property Name=&quot;TextAlign&quot;&gt;
          &lt;Value&gt;Left&lt;/Value&gt;
        &lt;/Property&gt;
        &lt;Property Name=&quot;LinkAware&quot;&gt;
          &lt;Value&gt;False&lt;/Value&gt;
        &lt;/Property&gt;
        &lt;Property Name=&quot;TabIndex&quot;&gt;
          &lt;Value&gt;0&lt;/Value&gt;
        &lt;/Property&gt;
      &lt;/Properties&gt;
    &lt;/PageItem&gt;
    &lt;PageItem&gt;
      &lt;Name&gt;CF$_FOLLOW_UP_DAYS&lt;/Name&gt;
      &lt;ControlType&gt;Column&lt;/ControlType&gt;
      &lt;Ordinal&gt;3&lt;/Ordinal&gt;
      &lt;Properties&gt;
        &lt;Property Name=&quot;SqlColumn&quot;&gt;
          &lt;Value&gt;CF$_FOLLOW_UP_DAYS&lt;/Value&gt;
        &lt;/Property&gt;
        &lt;Property Name=&quot;Ordinal&quot;&gt;
          &lt;Value&gt;3&lt;/Value&gt;
        &lt;/Property&gt;
        &lt;Property Name=&quot;RecordSelectorItem&quot;&gt;
          &lt;Value&gt;False&lt;/Value&gt;
        &lt;/Property&gt;
        &lt;Property Name=&quot;Insertable&quot;&gt;
          &lt;Value&gt;True&lt;/Value&gt;
        &lt;/Property&gt;
        &lt;Property Name=&quot;UpdatePermissions&quot;&gt;
          &lt;Value&gt;UpdateAllowed&lt;/Value&gt;
        &lt;/Property&gt;
        &lt;Property Name=&quot;Queryable&quot;&gt;
          &lt;Value&gt;True&lt;/Value&gt;
        &lt;/Property&gt;
        &lt;Property Name=&quot;Visible&quot;&gt;
          &lt;Value&gt;True&lt;/Value&gt;
        &lt;/Property&gt;
        &lt;Property Name=&quot;Location&quot;&gt;
          &lt;Value&gt;0, 0&lt;/Value&gt;
        &lt;/Property&gt;
        &lt;Property Name=&quot;FieldDataType&quot;&gt;
          &lt;Value&gt;String&lt;/Value&gt;
        &lt;/Property&gt;
        &lt;Property Name=&quot;FieldFormat&quot;&gt;
          &lt;Value&gt;Unformated&lt;/Value&gt;
        &lt;/Property&gt;
        &lt;Property Name=&quot;LogicalParent&quot;&gt;
          &lt;Value&gt;[NaturalParent]&lt;/Value&gt;
        &lt;/Property&gt;
        &lt;Property Name=&quot;Text&quot;&gt;
          &lt;Value&gt;Follow Up Days (Working Days)&lt;/Value&gt;
        &lt;/Property&gt;
        &lt;Property Name=&quot;Width&quot;&gt;
          &lt;Value&gt;194&lt;/Value&gt;
        &lt;/Property&gt;
        &lt;Property Name=&quot;MultiLine&quot;&gt;
          &lt;Value&gt;False&lt;/Value&gt;
        &lt;/Property&gt;
        &lt;Property Name=&quot;FieldMaxLength&quot;&gt;
          &lt;Value&gt;100&lt;/Value&gt;
        &lt;/Property&gt;
        &lt;Property Name=&quot;UseEditor&quot;&gt;
          &lt;Value&gt;True&lt;/Value&gt;
        &lt;/Property&gt;
        &lt;Property Name=&quot;CharacterCasing&quot;&gt;
          &lt;Value&gt;Normal&lt;/Value&gt;
        &lt;/Property&gt;
        &lt;Property Name=&quot;TextAlign&quot;&gt;
          &lt;Value&gt;Left&lt;/Value&gt;
        &lt;/Property&gt;
        &lt;Property Name=&quot;LinkAware&quot;&gt;
          &lt;Value&gt;False&lt;/Value&gt;
        &lt;/Property&gt;
        &lt;Property Name=&quot;TabIndex&quot;&gt;
          &lt;Value&gt;2&lt;/Value&gt;
        &lt;/Property&gt;
      &lt;/Properties&gt;
    &lt;/PageItem&gt;
  &lt;/PageItems&gt;
&lt;/PageLayout&gt;</XML_DATA>
    <VIEW_NAME>QUERY_REASON_CLV</VIEW_NAME>
    <PAGE_TYPE_DB>TABLE_WINDOW</PAGE_TYPE_DB>
    <DEFINITION_MODIFIED_DATE>2021-02-08-11.29.30</DEFINITION_MODIFIED_DATE>
    <EXPORT_DATE>2021-06-18-12.21.25</EXPORT_DATE>
    <NOTES>C0392 - Prageeth Gangabada</NOTES>
    <PO_ID>cpgQueryReason</PO_ID>
    <TRANSLATION_ITEMS>QUERY_REASON_CLV.CF$_QUERY_ID^QUERY_REASON_CLV.CF$_QUERY_REASON^QUERY_REASON_CLV.CF$_FOLLOW_UP_DAYS</TRANSLATION_ITEMS>
    <DEFAULT_HOME_DB>TRUE</DEFAULT_HOME_DB>
    <ROWKEY>3BA77BB72B984B54A0751ED305814037</ROWKEY>
    <TRANSLATIONS>
  </TRANSLATIONS>
  </CUSTOM_PAGE>
</CUSTOM_OBJECT>
