<?xml version="1.0"?>
<CUSTOM_OBJECT>
  <NAME>0^INVOICE_HEADER_NOTE_DATE2^InvoiceHeaderNotes</NAME>
  <TYPE>CUSTOM_EVENT_ACTION</TYPE>
  <DESCRIPTION>This event action updates the &quot;Follow Up Date&quot; of invoice header notes depending on the selected &quot;Query Note&quot;</DESCRIPTION>
  <CUSTOM_EVENT_ACTION EXPORT_DEF_VERSION="2">
    <EVENT_LU_NAME>InvoiceHeaderNotes</EVENT_LU_NAME>
    <EVENT_ID>INVOICE_HEADER_NOTE_DATE2</EVENT_ID>
    <ACTION_NUMBER>0</ACTION_NUMBER>
    <ACTION_ENABLE>TRUE</ACTION_ENABLE>
    <ACTION_PARAMETERS>!FNDSER.EVENT_ACTION_PARAM
$SQL=DECLARE
-   objkey_ VARCHAR2(50);
-   query_reason_objkey_ VARCHAR2(50);
-   calendar_id_ VARCHAR2(20);
-   
-   query_reason_days_ VARCHAR2(20);
-   follow_up_date_ DATE;
-   
-   FUNCTION Extract_Number___(text_ VARCHAR2) RETURN VARCHAR2
-   IS
-   BEGIN
-      RETURN regexp_replace(text_, &apos;[^[:digit:]]&apos;, &apos;&apos;);
-   END Extract_Number___;
-   
-   FUNCTION Get_Query_Reason_Follow_Up_Days___ (
-     objkey_ IN VARCHAR2) RETURN VARCHAR2
-   IS
-      follow_up_days_ VARCHAR2(20);
-   BEGIN      
-      SELECT cf$_follow_up_days
-        INTO follow_up_days_
-        FROM query_reason_clv
-       WHERE objkey = objkey_;
-       RETURN follow_up_days_;
-   EXCEPTION
-        WHEN no_data_found THEN
-          RETURN NULL;
-   END Get_Query_Reason_Follow_Up_Days___; 
-
-   FUNCTION Get_Follow_Up_Time_Days___ (
-      query_reason_days_ IN VARCHAR2) RETURN NUMBER
-   IS
-      working_days_ NUMBER;
-   BEGIN     
-      working_days_ := NVL(extract_number___ (query_reason_days_),0);
-      RETURN working_days_;
-   END Get_Follow_Up_Time_Days___;
-   
-   FUNCTION Get_Follow_Up_Date___(
-      calendar_id_       IN VARCHAR2,
-      query_reason_days_ IN VARCHAR2) RETURN DATE
-   IS
-      follow_up_days_ NUMBER;
-      next_work_day_ date;
-   BEGIN
-      follow_up_days_ := Get_Follow_Up_Time_Days___(query_reason_days_);
-     
-      SELECT work_day
-         INTO  next_work_day_
-        FROM (  
-           SELECT work_day,counter
-             FROM work_time_counter
-            WHERE work_day &gt; SYSDATE
-              AND calendar_id =calendar_id_ 
-         ORDER BY counter)
-       WHERE counter = (SELECT counter  
-                    FROM work_time_counter 
-                   WHERE TO_CHAR(work_day,&apos;DD/MM/YYYY&apos;) = TO_CHAR(SYSDATE,&apos;DD/MM/YYYY&apos;) 
-                     AND calendar_id =calendar_id_ )+ follow_up_days_;
-   RETURN next_work_day_;
-   EXCEPTION
-     WHEN OTHERS THEN
-       RETURN SYSDATE;
-   END Get_Follow_Up_Date___;
-   
-PROCEDURE Update_Follow_Up_Date___ (
-     objkey_         VARCHAR2,
-     follow_up_date_ DATE)
-   IS
-      invoice_header_notes_rec_ Invoice_Header_Notes_API.Public_Rec;
-      attr_ VARCHAR2(32000);
-      info_ VARCHAR2(4000);
-      objid_      VARCHAR2(200);
-      objversion_ VARCHAR2(200);
-   BEGIN
-      invoice_header_notes_rec_ := Invoice_Header_Notes_API.Get_By_Rowkey(objkey_);
-      Client_SYS.Clear_Attr(attr_);
-      Client_SYS.Add_To_Attr(&apos;FOLLOW_UP_DATE&apos;, follow_up_date_ , attr_);
-      IF invoice_header_notes_rec_.note_id IS NOT NULL THEN
-         objversion_ := to_char(invoice_header_notes_rec_.rowversion,&apos;YYYYMMDDHH24MISS&apos;);
-         Invoice_Header_Notes_API.Modify__(info_, invoice_header_notes_rec_.&quot;rowid&quot;,objversion_ , attr_, &apos;DO&apos;);
-      END IF;
-   END Update_Follow_Up_Date___;
-BEGIN
-   calendar_id_ := &apos;WEEK40H&apos;;
-   query_reason_objkey_ := &apos;&amp;NEW:CF$_QUERY_ID&apos;;
-   objkey_ :=  &apos;&amp;NEW:ROWKEY&apos;;
-
-   query_reason_days_ := Get_Query_Reason_Follow_Up_Days___(query_reason_objkey_);
-   follow_up_date_ := Get_Follow_Up_Date___ (calendar_id_,query_reason_days_);
-   Transaction_SYS.Log_Progress_Info( follow_up_date_ );
-   Update_Follow_Up_Date___(objkey_,follow_up_date_);
-END;
$ATTACH=!ATTACHMENTS
</ACTION_PARAMETERS>
    <FND_EVENT_ACTION_TYPE_DB>EXECUTEONLINESQL</FND_EVENT_ACTION_TYPE_DB>
    <CONDITION_TYPE>!EVENT_ACTION_COND_TYPE
$NEW:CF$_QUERY_ID=
$NEW:ROWKEY=
</CONDITION_TYPE>
    <CONDITION_VALUE>!EVENT_ACTION_COND_VALUE
$NEW:CF$_QUERY_ID=
$NEW:ROWKEY=
</CONDITION_VALUE>
    <DESCRIPTION>This event action updates the &quot;Follow Up Date&quot; of invoice header notes depending on the selected &quot;Query Note&quot;</DESCRIPTION>
    <SUBSCRIBABLE>FALSE</SUBSCRIBABLE>
    <SYSTEM_DEFINED>FALSE</SYSTEM_DEFINED>
    <ROLE/>
    <DEFINITION_MODIFIED_DATE>2021-08-04-17.54.30</DEFINITION_MODIFIED_DATE>
    <OBJKEY>B1F2B18917064CB5A77C2980C716C927</OBJKEY>
  </CUSTOM_EVENT_ACTION>
</CUSTOM_OBJECT>
