<?xml version="1.0"?>
<CUSTOM_OBJECT>
  <NAME>Sales Contract</NAME>
  <TYPE>CUSTOM_MENU</TYPE>
  <DESCRIPTION>EA-0528</DESCRIPTION>
  <CUSTOM_MENU EXPORT_DEF_VERSION="1">
    <MENU_ID>849</MENU_ID>
    <DESCRIPTION>EA-0528</DESCRIPTION>
    <WINDOW>frmTabProjAcc</WINDOW>
    <PROCESS>NONE</PROCESS>
    <ORDERING>1</ORDERING>
    <PARAMETER>frmSalesContract_Ext</PARAMETER>
    <CUSTOM_MENU_TYPE_DB>2</CUSTOM_MENU_TYPE_DB>
    <BUNDLE_EXECUTION_DB>FALSE</BUNDLE_EXECUTION_DB>
    <PO_ID>frmSalesContract_Ext</PO_ID>
    <ENABLED_WHEN/>
    <REFRESH_UI>FALSE</REFRESH_UI>
    <EXPORT_DATE>2021-05-27-05.27.50</EXPORT_DATE>
    <DEFINITION_MODIFIED_DATE>2021-04-01-07.01.45</DEFINITION_MODIFIED_DATE>
    <OBJVERSION>20210413032434</OBJVERSION>
    <OBJKEY>E369CC7632E04C75BA94D71A6317E46B</OBJKEY>
    <TEXTS>
      <TEXTS_ROW>
        <LANGUAGE_CODE>en</LANGUAGE_CODE>
        <TITLE>Sales Contract</TITLE>
        <OBJKEY>6E2BF0696058411D968CA0FCF2FA16DA</OBJKEY>
      </TEXTS_ROW>
      <TEXTS_ROW>
        <LANGUAGE_CODE>gb</LANGUAGE_CODE>
        <TITLE>Sales Contract</TITLE>
        <OBJKEY>5A34EF5E90D04E4D8C1EEF3761CA870E</OBJKEY>
      </TEXTS_ROW>
    </TEXTS>
    <KEY_TRANSLATIONS>
      <KEY_TRANSLATIONS_ROW>
        <ID>1</ID>
        <SOURCE_KEY_NAME>COMPANY</SOURCE_KEY_NAME>
        <DEST_KEY_NAME>COMPANY</DEST_KEY_NAME>
        <OBJKEY>1D758BE1ECCB4204952D7201E671B62E</OBJKEY>
      </KEY_TRANSLATIONS_ROW>
      <KEY_TRANSLATIONS_ROW>
        <ID>2</ID>
        <SOURCE_KEY_NAME>PROJECT_ID</SOURCE_KEY_NAME>
        <DEST_KEY_NAME>CONTRACT_NO</DEST_KEY_NAME>
        <OBJKEY>1C4D682621B6424EB18489DD4E32691F</OBJKEY>
      </KEY_TRANSLATIONS_ROW>
    </KEY_TRANSLATIONS>
    <EXPANDABLE_PARAMETERS>
  </EXPANDABLE_PARAMETERS>
  </CUSTOM_MENU>
</CUSTOM_OBJECT>
