<?xml version="1.0"?>
<CUSTOM_OBJECT>
  <NAME>Bulk Update User</NAME>
  <TYPE>CF_READ_ONLY</TYPE>
  <DESCRIPTION>C0343 - Prageeth Gangabada</DESCRIPTION>
  <CUSTOM_FIELD EXPORT_DEF_VERSION="1">
    <LU>LedgerItem</LU>
    <TABLE_NAME>LEDGER_ITEM_CFT</TABLE_NAME>
    <VIEW_NAME>LEDGER_ITEM_CFV</VIEW_NAME>
    <PACKAGE_NAME>LEDGER_ITEM_CFP</PACKAGE_NAME>
    <DEFINITION_MODIFIED_DATE>2021-02-15-09.41.04</DEFINITION_MODIFIED_DATE>
    <EXPORT_DATE>2021-05-27-05.27.52</EXPORT_DATE>
    <USED_DB>TRUE</USED_DB>
    <ROWKEY>3F083F6203FC483098541D02E6F0FE09</ROWKEY>
    <CUSTOM_FIELD_ATTRIBUTE>
      <CUSTOM_FIELD_ATTRIBUTE_ROW>
        <ATTRIBUTE_NAME>BULK_UPDATE_USER</ATTRIBUTE_NAME>
        <DATA_TYPE_DB>STRING</DATA_TYPE_DB>
        <FORMAT_DB>UNFORMATTED</FORMAT_DB>
        <DATA_LENGTH>100</DATA_LENGTH>
        <DEFAULT_VALUE_TYPE_DB>NO_DEFAULT_VALUE</DEFAULT_VALUE_TYPE_DB>
        <DEFAULT_VALUE/>
        <MANDATORY_DB>FALSE</MANDATORY_DB>
        <INSERTABLE_DB>FALSE</INSERTABLE_DB>
        <UPDATEABLE_DB>FALSE</UPDATEABLE_DB>
        <QUERYABLE_DB>TRUE</QUERYABLE_DB>
        <PRIVATE_DB>FALSE</PRIVATE_DB>
        <LOV_DB>FALSE</LOV_DB>
        <INDEXED_DB>FALSE</INDEXED_DB>
        <PROMPT>Bulk Update User</PROMPT>
        <DEFINITION_MODIFIED_DATE>2021-02-17-05.04.36</DEFINITION_MODIFIED_DATE>
        <CUSTOM_FIELD_TYPE_DB>READ_ONLY_FIELD</CUSTOM_FIELD_TYPE_DB>
        <CUSTOM_FIELD_IMPL_TYPE_DB>SELECT_STATEMENT</CUSTOM_FIELD_IMPL_TYPE_DB>
        <EXPRESSION>Ledger_Item_Cfp.Get_Cf$_Bulk_Update_User(v.objid)</EXPRESSION>
        <METADATA>SELECT Cf$_bulk_update_user FROM ledger_item_Ext_clv WHERE cf$_ledger_item_objid = :objid</METADATA>
        <LU_REFERENCE/>
        <UI_OBJECT_DB>DEFAULT</UI_OBJECT_DB>
        <USED_DB>TRUE</USED_DB>
        <READ_ONLY_EXPRESSION_DB>FALSE</READ_ONLY_EXPRESSION_DB>
        <NOTE>C0343 - Prageeth Gangabada</NOTE>
        <ENABLED_ON_REPORTS_DB>TRUE</ENABLED_ON_REPORTS_DB>
        <CONSTRAINT_TYPE_DB>RESTRICTED</CONSTRAINT_TYPE_DB>
        <LOV_VIEW/>
        <ALTERNATE_KEY_DB>FALSE</ALTERNATE_KEY_DB>
        <ROWKEY>50E4992C35EF4B1887E8EED6D5153AA9</ROWKEY>
      </CUSTOM_FIELD_ATTRIBUTE_ROW>
    </CUSTOM_FIELD_ATTRIBUTE>
    <TRANSLATIONS>
  </TRANSLATIONS>
    <CUSTOM_FIELD_VIEW>
      <CUSTOM_FIELD_VIEW_ROW>
        <VIEW_NAME>LEDGER_ITEM11</VIEW_NAME>
        <CF_VIEW_NAME>LEDGER_ITEM11_CFV</CF_VIEW_NAME>
        <USED_DB>FALSE</USED_DB>
        <ROWKEY>BA0BB025ACFE483EA6E8645A240C61FD</ROWKEY>
      </CUSTOM_FIELD_VIEW_ROW>
      <CUSTOM_FIELD_VIEW_ROW>
        <VIEW_NAME>LEDGER_ITEM11_CASH_BOX</VIEW_NAME>
        <CF_VIEW_NAME>LEDGER_ITEM11_CASH_BOX_CFV</CF_VIEW_NAME>
        <USED_DB>FALSE</USED_DB>
        <ROWKEY>32C3065B68054B9B942F08BB8C981C46</ROWKEY>
      </CUSTOM_FIELD_VIEW_ROW>
      <CUSTOM_FIELD_VIEW_ROW>
        <VIEW_NAME>LEDGER_ITEM11_EMU</VIEW_NAME>
        <CF_VIEW_NAME>LEDGER_ITEM11_EMU_CFV</CF_VIEW_NAME>
        <USED_DB>FALSE</USED_DB>
        <ROWKEY>BD9F906EFF974E24BA372E64D25ABEA0</ROWKEY>
      </CUSTOM_FIELD_VIEW_ROW>
      <CUSTOM_FIELD_VIEW_ROW>
        <VIEW_NAME>LEDGER_ITEM16</VIEW_NAME>
        <CF_VIEW_NAME>LEDGER_ITEM16_CFV</CF_VIEW_NAME>
        <USED_DB>FALSE</USED_DB>
        <ROWKEY>66A00118203848C6AEA8B66D3596074C</ROWKEY>
      </CUSTOM_FIELD_VIEW_ROW>
      <CUSTOM_FIELD_VIEW_ROW>
        <VIEW_NAME>LEDGER_ITEM17</VIEW_NAME>
        <CF_VIEW_NAME>LEDGER_ITEM17_CFV</CF_VIEW_NAME>
        <USED_DB>FALSE</USED_DB>
        <ROWKEY>D9C5B5E156D9446FB4ED2CA6B2AF9A50</ROWKEY>
      </CUSTOM_FIELD_VIEW_ROW>
      <CUSTOM_FIELD_VIEW_ROW>
        <VIEW_NAME>LEDGER_ITEM2</VIEW_NAME>
        <CF_VIEW_NAME>LEDGER_ITEM2_CFV</CF_VIEW_NAME>
        <USED_DB>FALSE</USED_DB>
        <ROWKEY>ADE93112D7ED403592B391E39FD2A85C</ROWKEY>
      </CUSTOM_FIELD_VIEW_ROW>
      <CUSTOM_FIELD_VIEW_ROW>
        <VIEW_NAME>LEDGER_ITEM2_CUST</VIEW_NAME>
        <CF_VIEW_NAME>LEDGER_ITEM2_CUST_CFV</CF_VIEW_NAME>
        <USED_DB>FALSE</USED_DB>
        <ROWKEY>F3ECC0BDABAF499FA33435DA40C0AA16</ROWKEY>
      </CUSTOM_FIELD_VIEW_ROW>
      <CUSTOM_FIELD_VIEW_ROW>
        <VIEW_NAME>LEDGER_ITEM2_SUPP</VIEW_NAME>
        <CF_VIEW_NAME>LEDGER_ITEM2_SUPP_CFV</CF_VIEW_NAME>
        <USED_DB>FALSE</USED_DB>
        <ROWKEY>D37485A40E7C4531B0D8CF85A44F73DA</ROWKEY>
      </CUSTOM_FIELD_VIEW_ROW>
      <CUSTOM_FIELD_VIEW_ROW>
        <VIEW_NAME>LEDGER_ITEM3</VIEW_NAME>
        <CF_VIEW_NAME>LEDGER_ITEM3_CFV</CF_VIEW_NAME>
        <USED_DB>FALSE</USED_DB>
        <ROWKEY>8DAD3292D12D4B97ACABA15A7C914E69</ROWKEY>
      </CUSTOM_FIELD_VIEW_ROW>
      <CUSTOM_FIELD_VIEW_ROW>
        <VIEW_NAME>LEDGER_ITEM3_EMU</VIEW_NAME>
        <CF_VIEW_NAME>LEDGER_ITEM3_EMU_CFV</CF_VIEW_NAME>
        <USED_DB>FALSE</USED_DB>
        <ROWKEY>F1C41980535E455196A80CD00F494310</ROWKEY>
      </CUSTOM_FIELD_VIEW_ROW>
      <CUSTOM_FIELD_VIEW_ROW>
        <VIEW_NAME>LEDGER_ITEM3_SELBA_OTHER_PAYEE</VIEW_NAME>
        <CF_VIEW_NAME>LEDGER_ITEM3_SEL1068614002_CFV</CF_VIEW_NAME>
        <USED_DB>FALSE</USED_DB>
        <ROWKEY>C764B46AE7CC4B02B9D6BD1A8C612806</ROWKEY>
      </CUSTOM_FIELD_VIEW_ROW>
      <CUSTOM_FIELD_VIEW_ROW>
        <VIEW_NAME>LEDGER_ITEM4</VIEW_NAME>
        <CF_VIEW_NAME>LEDGER_ITEM4_CFV</CF_VIEW_NAME>
        <USED_DB>FALSE</USED_DB>
        <ROWKEY>1FC4D18865C0402BA3F407E4A59D7DBF</ROWKEY>
      </CUSTOM_FIELD_VIEW_ROW>
      <CUSTOM_FIELD_VIEW_ROW>
        <VIEW_NAME>LEDGER_ITEM4_A</VIEW_NAME>
        <CF_VIEW_NAME>LEDGER_ITEM4_A_CFV</CF_VIEW_NAME>
        <USED_DB>FALSE</USED_DB>
        <ROWKEY>3AC18ADD2DAE4FB0A46BE5051A8F0AF9</ROWKEY>
      </CUSTOM_FIELD_VIEW_ROW>
      <CUSTOM_FIELD_VIEW_ROW>
        <VIEW_NAME>LEDGER_ITEM6</VIEW_NAME>
        <CF_VIEW_NAME>LEDGER_ITEM6_CFV</CF_VIEW_NAME>
        <USED_DB>FALSE</USED_DB>
        <ROWKEY>19A36846563441A08C34A7BA5737BE60</ROWKEY>
      </CUSTOM_FIELD_VIEW_ROW>
      <CUSTOM_FIELD_VIEW_ROW>
        <VIEW_NAME>LEDGER_ITEM_AUTH</VIEW_NAME>
        <CF_VIEW_NAME>LEDGER_ITEM_AUTH_CFV</CF_VIEW_NAME>
        <USED_DB>FALSE</USED_DB>
        <ROWKEY>3A1E1C7BA0F542D292727B4D62E72D04</ROWKEY>
      </CUSTOM_FIELD_VIEW_ROW>
      <CUSTOM_FIELD_VIEW_ROW>
        <VIEW_NAME>LEDGER_ITEM_AUTH_PSTAT</VIEW_NAME>
        <CF_VIEW_NAME>LEDGER_ITEM_AUTH_PSTAT_CFV</CF_VIEW_NAME>
        <USED_DB>FALSE</USED_DB>
        <ROWKEY>E7DD4D8C13C842D9BDD1C339B57994E2</ROWKEY>
      </CUSTOM_FIELD_VIEW_ROW>
      <CUSTOM_FIELD_VIEW_ROW>
        <VIEW_NAME>LEDGER_ITEM_AUTH_PSTAT_NB</VIEW_NAME>
        <CF_VIEW_NAME>LEDGER_ITEM_AUTH_PSTAT_NB_CFV</CF_VIEW_NAME>
        <USED_DB>FALSE</USED_DB>
        <ROWKEY>E724A11BA0214D1FAEF17622E48619AA</ROWKEY>
      </CUSTOM_FIELD_VIEW_ROW>
      <CUSTOM_FIELD_VIEW_ROW>
        <VIEW_NAME>LEDGER_ITEM_BOE</VIEW_NAME>
        <CF_VIEW_NAME>LEDGER_ITEM_BOE_CFV</CF_VIEW_NAME>
        <USED_DB>FALSE</USED_DB>
        <ROWKEY>F2338E22DC0D41A8BEBB0DCFC0F209EF</ROWKEY>
      </CUSTOM_FIELD_VIEW_ROW>
      <CUSTOM_FIELD_VIEW_ROW>
        <VIEW_NAME>LEDGER_ITEM_BOE_TRANS</VIEW_NAME>
        <CF_VIEW_NAME>LEDGER_ITEM_BOE_TRANS_CFV</CF_VIEW_NAME>
        <USED_DB>FALSE</USED_DB>
        <ROWKEY>C8B7FA94926A497E837A93F7C0C6272D</ROWKEY>
      </CUSTOM_FIELD_VIEW_ROW>
      <CUSTOM_FIELD_VIEW_ROW>
        <VIEW_NAME>LEDGER_ITEM_BY_IDENTITY</VIEW_NAME>
        <CF_VIEW_NAME>LEDGER_ITEM_BY_IDENTITY_CFV</CF_VIEW_NAME>
        <USED_DB>FALSE</USED_DB>
        <ROWKEY>76C32C14C3E1448599A1E814AE75B4E8</ROWKEY>
      </CUSTOM_FIELD_VIEW_ROW>
      <CUSTOM_FIELD_VIEW_ROW>
        <VIEW_NAME>LEDGER_ITEM_CUST_PAY</VIEW_NAME>
        <CF_VIEW_NAME>LEDGER_ITEM_CUST_PAY_CFV</CF_VIEW_NAME>
        <USED_DB>FALSE</USED_DB>
        <ROWKEY>C7055E71E2BB49C7BEF08129ECDEB8A6</ROWKEY>
      </CUSTOM_FIELD_VIEW_ROW>
      <CUSTOM_FIELD_VIEW_ROW>
        <VIEW_NAME>LEDGER_ITEM_CU_CUR_BAL_QRY</VIEW_NAME>
        <CF_VIEW_NAME>LEDGER_ITEM_CU_CUR_BAL_QRY_CFV</CF_VIEW_NAME>
        <USED_DB>FALSE</USED_DB>
        <ROWKEY>88AE0930E5E445AFAFD7457151066672</ROWKEY>
      </CUSTOM_FIELD_VIEW_ROW>
      <CUSTOM_FIELD_VIEW_ROW>
        <VIEW_NAME>LEDGER_ITEM_CU_DET_QRY</VIEW_NAME>
        <CF_VIEW_NAME>LEDGER_ITEM_CU_DET_QRY_CFV</CF_VIEW_NAME>
        <USED_DB>TRUE</USED_DB>
        <ROWKEY>ACB66DD8F2F34294BC33419068B066C4</ROWKEY>
      </CUSTOM_FIELD_VIEW_ROW>
      <CUSTOM_FIELD_VIEW_ROW>
        <VIEW_NAME>LEDGER_ITEM_CU_PARK_QRY</VIEW_NAME>
        <CF_VIEW_NAME>LEDGER_ITEM_CU_PARK_QRY_CFV</CF_VIEW_NAME>
        <USED_DB>FALSE</USED_DB>
        <ROWKEY>422BB36E8C354ECF95B9C94393620BEC</ROWKEY>
      </CUSTOM_FIELD_VIEW_ROW>
      <CUSTOM_FIELD_VIEW_ROW>
        <VIEW_NAME>LEDGER_ITEM_CU_QRY</VIEW_NAME>
        <CF_VIEW_NAME>LEDGER_ITEM_CU_QRY_CFV</CF_VIEW_NAME>
        <USED_DB>FALSE</USED_DB>
        <ROWKEY>C7A10771012C41328386ECF3B77D40E4</ROWKEY>
      </CUSTOM_FIELD_VIEW_ROW>
      <CUSTOM_FIELD_VIEW_ROW>
        <VIEW_NAME>LEDGER_ITEM_INSTALLMENT_LOV</VIEW_NAME>
        <CF_VIEW_NAME>LEDGER_ITEM_INSTAL11098610_CFV</CF_VIEW_NAME>
        <USED_DB>FALSE</USED_DB>
        <ROWKEY>3D3E3E619DD941C4B28672AC64CE411C</ROWKEY>
      </CUSTOM_FIELD_VIEW_ROW>
      <CUSTOM_FIELD_VIEW_ROW>
        <VIEW_NAME>LEDGER_ITEM_QRY</VIEW_NAME>
        <CF_VIEW_NAME>LEDGER_ITEM_QRY_CFV</CF_VIEW_NAME>
        <USED_DB>FALSE</USED_DB>
        <ROWKEY>A3349A852B1C484CAB69313111E69981</ROWKEY>
      </CUSTOM_FIELD_VIEW_ROW>
      <CUSTOM_FIELD_VIEW_ROW>
        <VIEW_NAME>LEDGER_ITEM_SELECT_BATCH</VIEW_NAME>
        <CF_VIEW_NAME>LEDGER_ITEM_SELECT_BATCH_CFV</CF_VIEW_NAME>
        <USED_DB>FALSE</USED_DB>
        <ROWKEY>F1C1BCB2FBC149119C32BA3370A33BBD</ROWKEY>
      </CUSTOM_FIELD_VIEW_ROW>
      <CUSTOM_FIELD_VIEW_ROW>
        <VIEW_NAME>LEDGER_ITEM_STATE</VIEW_NAME>
        <CF_VIEW_NAME>LEDGER_ITEM_STATE_CFV</CF_VIEW_NAME>
        <USED_DB>FALSE</USED_DB>
        <ROWKEY>73FF292A571E4FD8A1E3C1C7FC667D97</ROWKEY>
      </CUSTOM_FIELD_VIEW_ROW>
      <CUSTOM_FIELD_VIEW_ROW>
        <VIEW_NAME>LEDGER_ITEM_SUP_PAY</VIEW_NAME>
        <CF_VIEW_NAME>LEDGER_ITEM_SUP_PAY_CFV</CF_VIEW_NAME>
        <USED_DB>FALSE</USED_DB>
        <ROWKEY>1140F49013AC40EDA61196CBECA95399</ROWKEY>
      </CUSTOM_FIELD_VIEW_ROW>
      <CUSTOM_FIELD_VIEW_ROW>
        <VIEW_NAME>LEDGER_ITEM_SU_CUR_BAL_QRY</VIEW_NAME>
        <CF_VIEW_NAME>LEDGER_ITEM_SU_CUR_BAL_QRY_CFV</CF_VIEW_NAME>
        <USED_DB>FALSE</USED_DB>
        <ROWKEY>6C821065476E4011AD51D29D8D3A942F</ROWKEY>
      </CUSTOM_FIELD_VIEW_ROW>
      <CUSTOM_FIELD_VIEW_ROW>
        <VIEW_NAME>LEDGER_ITEM_SU_PARK_QRY</VIEW_NAME>
        <CF_VIEW_NAME>LEDGER_ITEM_SU_PARK_QRY_CFV</CF_VIEW_NAME>
        <USED_DB>FALSE</USED_DB>
        <ROWKEY>EB106E4E28EA4C1B941CDDE73FD2C130</ROWKEY>
      </CUSTOM_FIELD_VIEW_ROW>
      <CUSTOM_FIELD_VIEW_ROW>
        <VIEW_NAME>LEDGER_ITEM_SU_QRY</VIEW_NAME>
        <CF_VIEW_NAME>LEDGER_ITEM_SU_QRY_CFV</CF_VIEW_NAME>
        <USED_DB>FALSE</USED_DB>
        <ROWKEY>1CC084F5717A4F2CA24E1114277BB9AC</ROWKEY>
      </CUSTOM_FIELD_VIEW_ROW>
      <CUSTOM_FIELD_VIEW_ROW>
        <VIEW_NAME>LEDGITEM_CASHCHECK</VIEW_NAME>
        <CF_VIEW_NAME>LEDGITEM_CASHCHECK_CFV</CF_VIEW_NAME>
        <USED_DB>FALSE</USED_DB>
        <ROWKEY>6A199E44732C4C3CBF50FE325B29F4A8</ROWKEY>
      </CUSTOM_FIELD_VIEW_ROW>
      <CUSTOM_FIELD_VIEW_ROW>
        <VIEW_NAME>LEDGITEM_CUST</VIEW_NAME>
        <CF_VIEW_NAME>LEDGITEM_CUST_CFV</CF_VIEW_NAME>
        <USED_DB>FALSE</USED_DB>
        <ROWKEY>C1625CE89EEB47548385E9ABBF150FFC</ROWKEY>
      </CUSTOM_FIELD_VIEW_ROW>
      <CUSTOM_FIELD_VIEW_ROW>
        <VIEW_NAME>LEDGITEM_EXT_CASHCHECK</VIEW_NAME>
        <CF_VIEW_NAME>LEDGITEM_EXT_CASHCHECK_CFV</CF_VIEW_NAME>
        <USED_DB>FALSE</USED_DB>
        <ROWKEY>9F6DC78636B04623A0CED33AC4185AFA</ROWKEY>
      </CUSTOM_FIELD_VIEW_ROW>
      <CUSTOM_FIELD_VIEW_ROW>
        <VIEW_NAME>LEDGITEM_IDENTITY3</VIEW_NAME>
        <CF_VIEW_NAME>LEDGITEM_IDENTITY3_CFV</CF_VIEW_NAME>
        <USED_DB>FALSE</USED_DB>
        <ROWKEY>BD8DB524BC2D4896AD3102CB818F08CC</ROWKEY>
      </CUSTOM_FIELD_VIEW_ROW>
      <CUSTOM_FIELD_VIEW_ROW>
        <VIEW_NAME>LEDGITEM_MIX_PAY_CANCELCHECK</VIEW_NAME>
        <CF_VIEW_NAME>LEDGITEM_MIX_PAY1396182084_CFV</CF_VIEW_NAME>
        <USED_DB>FALSE</USED_DB>
        <ROWKEY>E40AA366DBCD4FDA948CDC79E9D7AC52</ROWKEY>
      </CUSTOM_FIELD_VIEW_ROW>
      <CUSTOM_FIELD_VIEW_ROW>
        <VIEW_NAME>LEDGITEM_NO3</VIEW_NAME>
        <CF_VIEW_NAME>LEDGITEM_NO3_CFV</CF_VIEW_NAME>
        <USED_DB>FALSE</USED_DB>
        <ROWKEY>F801F146E8844111954F720241FE3F52</ROWKEY>
      </CUSTOM_FIELD_VIEW_ROW>
      <CUSTOM_FIELD_VIEW_ROW>
        <VIEW_NAME>LEDGITEM_SERIES_ID3</VIEW_NAME>
        <CF_VIEW_NAME>LEDGITEM_SERIES_ID3_CFV</CF_VIEW_NAME>
        <USED_DB>FALSE</USED_DB>
        <ROWKEY>46BCB099505642FFAC3F5ADF919A794C</ROWKEY>
      </CUSTOM_FIELD_VIEW_ROW>
      <CUSTOM_FIELD_VIEW_ROW>
        <VIEW_NAME>LEDGITEM_SUPP</VIEW_NAME>
        <CF_VIEW_NAME>LEDGITEM_SUPP_CFV</CF_VIEW_NAME>
        <USED_DB>FALSE</USED_DB>
        <ROWKEY>2CFE8D3D99F44623A4C7BF7A8805D13B</ROWKEY>
      </CUSTOM_FIELD_VIEW_ROW>
      <CUSTOM_FIELD_VIEW_ROW>
        <VIEW_NAME>PAY_DOC_FOLLOWUP</VIEW_NAME>
        <CF_VIEW_NAME>PAY_DOC_FOLLOWUP_CFV</CF_VIEW_NAME>
        <USED_DB>FALSE</USED_DB>
        <ROWKEY>6BDA7E8707DB4335969E83E0F7E6ACAD</ROWKEY>
      </CUSTOM_FIELD_VIEW_ROW>
      <CUSTOM_FIELD_VIEW_ROW>
        <VIEW_NAME>PAY_DOC_FOLLOWUP_QRY</VIEW_NAME>
        <CF_VIEW_NAME>PAY_DOC_FOLLOWUP_QRY_CFV</CF_VIEW_NAME>
        <USED_DB>FALSE</USED_DB>
        <ROWKEY>8B31F0A9F50D45A6A6800A00E8A7F707</ROWKEY>
      </CUSTOM_FIELD_VIEW_ROW>
    </CUSTOM_FIELD_VIEW>
  </CUSTOM_FIELD>
</CUSTOM_OBJECT>
