<?xml version="1.0"?>
<CUSTOM_OBJECT>
  <NAME>Views -Posting Proposal Head</NAME>
  <TYPE>CF_VIEWS</TYPE>
  <DESCRIPTION>Custom Field Views of Logical Unit Posting Proposal Head</DESCRIPTION>
  <CUSTOM_FIELD_VIEWS EXPORT_DEF_VERSION="1">
    <LU>PostingProposalHead</LU>
    <TABLE_NAME>POSTING_PROPOSAL_HEAD_CFT</TABLE_NAME>
    <VIEW_NAME>POSTING_PROPOSAL_HEAD_CFV</VIEW_NAME>
    <PACKAGE_NAME>POSTING_PROPOSAL_HEAD_CFP</PACKAGE_NAME>
    <DEFINITION_MODIFIED_DATE>2021-08-12-08.06.12</DEFINITION_MODIFIED_DATE>
    <EXPORT_DATE>2021-08-19-10.08.25</EXPORT_DATE>
    <USED_DB>TRUE</USED_DB>
    <ROWKEY>FE797B815CCF49A199D5075C1FB1DA49</ROWKEY>
    <CUSTOM_FIELD_VIEW>
      <CUSTOM_FIELD_VIEW_ROW>
        <VIEW_NAME>POSTING_PROPOSAL_INVOICE_FINAL</VIEW_NAME>
        <CF_VIEW_NAME>POSTING_PROPOSAL3790569436_CFV</CF_VIEW_NAME>
        <USED_DB>FALSE</USED_DB>
        <ROWKEY>ACC60704850247EAAA2602E7197EC70F</ROWKEY>
      </CUSTOM_FIELD_VIEW_ROW>
      <CUSTOM_FIELD_VIEW_ROW>
        <VIEW_NAME>POSTING_PROPOSAL_INVOICE_LOBBY</VIEW_NAME>
        <CF_VIEW_NAME>POSTING_PROPOSAL_627022287_CFV</CF_VIEW_NAME>
        <USED_DB>FALSE</USED_DB>
        <ROWKEY>F502C54D2D244E04BA0BBFF4DCE97194</ROWKEY>
      </CUSTOM_FIELD_VIEW_ROW>
      <CUSTOM_FIELD_VIEW_ROW>
        <VIEW_NAME>POSTING_PROPOSAL_INV_OVERVIEW</VIEW_NAME>
        <CF_VIEW_NAME>POSTING_PROPOSAL3937330607_CFV</CF_VIEW_NAME>
        <USED_DB>TRUE</USED_DB>
        <ROWKEY>62C04052436045669B7C0D9D9CC4A5F5</ROWKEY>
      </CUSTOM_FIELD_VIEW_ROW>
      <CUSTOM_FIELD_VIEW_ROW>
        <VIEW_NAME>POSTING_PROPOSAL_VOU_COMP_LOV</VIEW_NAME>
        <CF_VIEW_NAME>POSTING_PROPOSAL1398616025_CFV</CF_VIEW_NAME>
        <USED_DB>FALSE</USED_DB>
        <ROWKEY>4BE1D9F68F3D497FAEDA316FFF422454</ROWKEY>
      </CUSTOM_FIELD_VIEW_ROW>
      <CUSTOM_FIELD_VIEW_ROW>
        <VIEW_NAME>POSTING_PROP_HEAD_USER_ALLOWED</VIEW_NAME>
        <CF_VIEW_NAME>POSTING_PROP_HEA3015984455_CFV</CF_VIEW_NAME>
        <USED_DB>FALSE</USED_DB>
        <ROWKEY>DA7452F05E7D41AFBBD27C322D2C7744</ROWKEY>
      </CUSTOM_FIELD_VIEW_ROW>
    </CUSTOM_FIELD_VIEW>
  </CUSTOM_FIELD_VIEWS>
</CUSTOM_OBJECT>
