<?xml version="1.0"?>
<CUSTOM_OBJECT>
  <NAME>Views -Identity Pay Info</NAME>
  <TYPE>CF_VIEWS</TYPE>
  <DESCRIPTION>Custom Field Views of Logical Unit Identity Pay Info</DESCRIPTION>
  <CUSTOM_FIELD_VIEWS EXPORT_DEF_VERSION="1">
    <LU>IdentityPayInfo</LU>
    <TABLE_NAME>IDENTITY_PAY_INFO_CFT</TABLE_NAME>
    <VIEW_NAME>IDENTITY_PAY_INFO_CFV</VIEW_NAME>
    <PACKAGE_NAME>IDENTITY_PAY_INFO_CFP</PACKAGE_NAME>
    <DEFINITION_MODIFIED_DATE>2020-12-21-14.49.20</DEFINITION_MODIFIED_DATE>
    <EXPORT_DATE>2021-06-18-12.21.26</EXPORT_DATE>
    <USED_DB>TRUE</USED_DB>
    <ROWKEY>404F054D15444178B61D4D6A6B78A5DE</ROWKEY>
    <CUSTOM_FIELD_VIEW>
      <CUSTOM_FIELD_VIEW_ROW>
        <VIEW_NAME>BASIC_CUSTOMER_INFO_AV</VIEW_NAME>
        <CF_VIEW_NAME>BASIC_CUSTOMER_INFO_AV_CFV</CF_VIEW_NAME>
        <USED_DB>FALSE</USED_DB>
        <ROWKEY>5A04FA24B6DF4CDBA9B6B350F7C0C5DD</ROWKEY>
      </CUSTOM_FIELD_VIEW_ROW>
      <CUSTOM_FIELD_VIEW_ROW>
        <VIEW_NAME>BASIC_SUPPLIER_INFO_AV</VIEW_NAME>
        <CF_VIEW_NAME>BASIC_SUPPLIER_INFO_AV_CFV</CF_VIEW_NAME>
        <USED_DB>FALSE</USED_DB>
        <ROWKEY>276BE00452EA4558ADD495EC34605672</ROWKEY>
      </CUSTOM_FIELD_VIEW_ROW>
      <CUSTOM_FIELD_VIEW_ROW>
        <VIEW_NAME>IDENTITY_PAY_INFO_ALL</VIEW_NAME>
        <CF_VIEW_NAME>IDENTITY_PAY_INFO_ALL_CFV</CF_VIEW_NAME>
        <USED_DB>FALSE</USED_DB>
        <ROWKEY>029BBFA663DE4CD3AC01C569302ACC83</ROWKEY>
      </CUSTOM_FIELD_VIEW_ROW>
      <CUSTOM_FIELD_VIEW_ROW>
        <VIEW_NAME>IDENTITY_PAY_INFO_CUST</VIEW_NAME>
        <CF_VIEW_NAME>IDENTITY_PAY_INFO_CUST_CFV</CF_VIEW_NAME>
        <USED_DB>FALSE</USED_DB>
        <ROWKEY>0EF2EEE8264A47D3980EDC17EFA23F94</ROWKEY>
      </CUSTOM_FIELD_VIEW_ROW>
      <CUSTOM_FIELD_VIEW_ROW>
        <VIEW_NAME>IDENTITY_PAY_INFO_CUST_NETTING</VIEW_NAME>
        <CF_VIEW_NAME>IDENTITY_PAY_INFO_43278788_CFV</CF_VIEW_NAME>
        <USED_DB>FALSE</USED_DB>
        <ROWKEY>D6A14DF610554CF58E6F897BBB1B1D32</ROWKEY>
      </CUSTOM_FIELD_VIEW_ROW>
      <CUSTOM_FIELD_VIEW_ROW>
        <VIEW_NAME>IDENTITY_PAY_INFO_CU_QRY</VIEW_NAME>
        <CF_VIEW_NAME>IDENTITY_PAY_INFO_CU_QRY_CFV</CF_VIEW_NAME>
        <USED_DB>FALSE</USED_DB>
        <ROWKEY>D1643287CCF44D7B888F4F9A34744BE6</ROWKEY>
      </CUSTOM_FIELD_VIEW_ROW>
      <CUSTOM_FIELD_VIEW_ROW>
        <VIEW_NAME>IDENTITY_PAY_INFO_LOV</VIEW_NAME>
        <CF_VIEW_NAME>IDENTITY_PAY_INFO_LOV_CFV</CF_VIEW_NAME>
        <USED_DB>FALSE</USED_DB>
        <ROWKEY>BFED772A896F40009C2C282F60B99AD2</ROWKEY>
      </CUSTOM_FIELD_VIEW_ROW>
      <CUSTOM_FIELD_VIEW_ROW>
        <VIEW_NAME>IDENTITY_PAY_INFO_SUPP</VIEW_NAME>
        <CF_VIEW_NAME>IDENTITY_PAY_INFO_SUPP_CFV</CF_VIEW_NAME>
        <USED_DB>FALSE</USED_DB>
        <ROWKEY>D366F6CEA8A4478094DE89AF9FE04737</ROWKEY>
      </CUSTOM_FIELD_VIEW_ROW>
      <CUSTOM_FIELD_VIEW_ROW>
        <VIEW_NAME>IDENTITY_PAY_INFO_SU_QRY</VIEW_NAME>
        <CF_VIEW_NAME>IDENTITY_PAY_INFO_SU_QRY_CFV</CF_VIEW_NAME>
        <USED_DB>FALSE</USED_DB>
        <ROWKEY>FC9437C1CE2F45C7A46960B020AEDFAA</ROWKEY>
      </CUSTOM_FIELD_VIEW_ROW>
      <CUSTOM_FIELD_VIEW_ROW>
        <VIEW_NAME>MULTI_CUS_DETAILS_QRY</VIEW_NAME>
        <CF_VIEW_NAME>MULTI_CUS_DETAILS_QRY_CFV</CF_VIEW_NAME>
        <USED_DB>FALSE</USED_DB>
        <ROWKEY>F7AA89484544480F9FCE8EFADF878905</ROWKEY>
      </CUSTOM_FIELD_VIEW_ROW>
      <CUSTOM_FIELD_VIEW_ROW>
        <VIEW_NAME>MULTI_SUP_ADDRESS_QRY</VIEW_NAME>
        <CF_VIEW_NAME>MULTI_SUP_ADDRESS_QRY_CFV</CF_VIEW_NAME>
        <USED_DB>FALSE</USED_DB>
        <ROWKEY>BC4310409B864DE5983A1E80CDA32EBB</ROWKEY>
      </CUSTOM_FIELD_VIEW_ROW>
      <CUSTOM_FIELD_VIEW_ROW>
        <VIEW_NAME>MULTI_SUP_DETAILS_QRY</VIEW_NAME>
        <CF_VIEW_NAME>MULTI_SUP_DETAILS_QRY_CFV</CF_VIEW_NAME>
        <USED_DB>FALSE</USED_DB>
        <ROWKEY>9EB3D91141B345C8A96800475B61ED78</ROWKEY>
      </CUSTOM_FIELD_VIEW_ROW>
      <CUSTOM_FIELD_VIEW_ROW>
        <VIEW_NAME>OPEN_AMOUNT_INFO_SUPP_LOBBY</VIEW_NAME>
        <CF_VIEW_NAME>OPEN_AMOUNT_INFO1972159080_CFV</CF_VIEW_NAME>
        <USED_DB>FALSE</USED_DB>
        <ROWKEY>DDE4C78241A04FD3AD6FDB71707C94A1</ROWKEY>
      </CUSTOM_FIELD_VIEW_ROW>
      <CUSTOM_FIELD_VIEW_ROW>
        <VIEW_NAME>PAYER_INFO_QRY</VIEW_NAME>
        <CF_VIEW_NAME>PAYER_INFO_QRY_CFV</CF_VIEW_NAME>
        <USED_DB>FALSE</USED_DB>
        <ROWKEY>547467BB97224FFDAC3160388CC9A18A</ROWKEY>
      </CUSTOM_FIELD_VIEW_ROW>
      <CUSTOM_FIELD_VIEW_ROW>
        <VIEW_NAME>PAYER_PAY_INFO_CUST</VIEW_NAME>
        <CF_VIEW_NAME>PAYER_PAY_INFO_CUST_CFV</CF_VIEW_NAME>
        <USED_DB>FALSE</USED_DB>
        <ROWKEY>77AA8B9FAA8845CE9E552F327937C843</ROWKEY>
      </CUSTOM_FIELD_VIEW_ROW>
    </CUSTOM_FIELD_VIEW>
  </CUSTOM_FIELD_VIEWS>
</CUSTOM_OBJECT>
