<?xml version="1.0"?>
<CUSTOM_OBJECT>
  <NAME>Period Fully Invoiced</NAME>
  <TYPE>CF_READ_ONLY</TYPE>
  <DESCRIPTION>C550 - Isuru Gunatileka: This field checks if all Invoice Plan Detail Lines have an Invoice No. populated in the Invoice No. field.</DESCRIPTION>
  <CUSTOM_FIELD EXPORT_DEF_VERSION="1">
    <LU>ScSrvContractInvpln</LU>
    <TABLE_NAME>SC_SRV_CONTRACT_INVPLN_CFT</TABLE_NAME>
    <VIEW_NAME>SC_SRV_CONTRACT_INVPLN_CFV</VIEW_NAME>
    <PACKAGE_NAME>SC_SRV_CONTRACT_INVPLN_CFP</PACKAGE_NAME>
    <DEFINITION_MODIFIED_DATE>2020-12-11-16.41.32</DEFINITION_MODIFIED_DATE>
    <EXPORT_DATE>2021-08-13-04.16.40</EXPORT_DATE>
    <USED_DB>TRUE</USED_DB>
    <ROWKEY>60A8F96EF3634CAD8ADB2AFFA0A7596A</ROWKEY>
    <CUSTOM_FIELD_ATTRIBUTE>
      <CUSTOM_FIELD_ATTRIBUTE_ROW>
        <ATTRIBUTE_NAME>PERIOD_FULLY_INVOICED</ATTRIBUTE_NAME>
        <DATA_TYPE_DB>ENUMERATION</DATA_TYPE_DB>
        <FORMAT_DB>UNFORMATTED</FORMAT_DB>
        <DATA_LENGTH>50</DATA_LENGTH>
        <DEFAULT_VALUE_TYPE_DB>ENUMERATION_VALUE</DEFAULT_VALUE_TYPE_DB>
        <DEFAULT_VALUE>FALSE</DEFAULT_VALUE>
        <MANDATORY_DB>FALSE</MANDATORY_DB>
        <INSERTABLE_DB>FALSE</INSERTABLE_DB>
        <UPDATEABLE_DB>FALSE</UPDATEABLE_DB>
        <QUERYABLE_DB>TRUE</QUERYABLE_DB>
        <PRIVATE_DB>FALSE</PRIVATE_DB>
        <LOV_DB>FALSE</LOV_DB>
        <INDEXED_DB>FALSE</INDEXED_DB>
        <PROMPT>Period Fully Invoiced</PROMPT>
        <DEFINITION_MODIFIED_DATE>2021-06-18-12.12.48</DEFINITION_MODIFIED_DATE>
        <CUSTOM_FIELD_TYPE_DB>READ_ONLY_FIELD</CUSTOM_FIELD_TYPE_DB>
        <CUSTOM_FIELD_IMPL_TYPE_DB>SELECT_STATEMENT</CUSTOM_FIELD_IMPL_TYPE_DB>
        <EXPRESSION>Sc_Srv_Contract_Invpln_Cfp.Get_Cf$_Period_Fully_Invoiced( v.CONTRACT_ID, v.DATE_FROM, v.DATE_TO)</EXPRESSION>
        <METADATA>SELECT CASE WHEN t3.period_inv = &apos;TRUE&apos; THEN &apos;TRUE&apos; ELSE &apos;FALSE&apos; END
FROM (
  SELECT LISTAGG(
    CASE 
      WHEN t2.check_col2 = &apos;FALSE&apos; OR t2.period_from_date NOT IN (:DATE_FROM) AND t2.period_to_date NOT IN (:DATE_TO) THEN &apos;&apos; 
      ELSE &apos;TRUE&apos; END, &apos;&apos;) WITHIN GROUP (ORDER BY t2.check_col2) AS period_inv
  FROM (
    SELECT LISTAGG(t1.check_col1, &apos;&apos;) WITHIN GROUP (ORDER BY t1.check_col1) AS check_col2, t1.period_from_date, t1.period_to_date
    FROM (
      SELECT DISTINCT 
      CASE
        WHEN 
          t.period_from_date = :DATE_FROM AND
          t.period_to_date = :DATE_TO AND
          Invoice_API.Get_Invoice_No(t.company, t.invoice_id) IS NULL THEN &apos;FALSE&apos;
      END AS check_col1, Invoice_API.Get_Invoice_No(t.company, t.invoice_id), t.period_from_date, t.period_to_date
      FROM PSC_CONTR_PRODUCT_INVLINE t
      WHERE t.contract_id = :CONTRACT_ID
    ) t1
    GROUP BY t1.period_from_date, t1.period_to_date
  ) t2
) t3</METADATA>
        <LU_REFERENCE>FndBoolean</LU_REFERENCE>
        <UI_OBJECT_DB>CHECKBOX_REVERSED</UI_OBJECT_DB>
        <USED_DB>TRUE</USED_DB>
        <READ_ONLY_EXPRESSION_DB>FALSE</READ_ONLY_EXPRESSION_DB>
        <NOTE>C550 - Isuru Gunatileka: This field checks if all Invoice Plan Detail Lines have an Invoice No. populated in the Invoice No. field.</NOTE>
        <ENABLED_ON_REPORTS_DB>TRUE</ENABLED_ON_REPORTS_DB>
        <CONSTRAINT_TYPE_DB>RESTRICTED</CONSTRAINT_TYPE_DB>
        <LOV_VIEW/>
        <ALTERNATE_KEY_DB>FALSE</ALTERNATE_KEY_DB>
        <ROWKEY>7B4CD04AC1454572BA4223FACBBBC7ED</ROWKEY>
      </CUSTOM_FIELD_ATTRIBUTE_ROW>
    </CUSTOM_FIELD_ATTRIBUTE>
    <TRANSLATIONS>
  </TRANSLATIONS>
    <CUSTOM_FIELD_VIEW>
  </CUSTOM_FIELD_VIEW>
  </CUSTOM_FIELD>
</CUSTOM_OBJECT>
