<?xml version="1.0"?>
<CUSTOM_OBJECT>
  <NAME>Financial Project</NAME>
  <TYPE>CUSTOM_MENU</TYPE>
  <DESCRIPTION>EA - C0527</DESCRIPTION>
  <CUSTOM_MENU EXPORT_DEF_VERSION="1">
    <MENU_ID>34940</MENU_ID>
    <DESCRIPTION>EA - C0527</DESCRIPTION>
    <WINDOW>frmProjectDetailInfo</WINDOW>
    <PROCESS>NONE</PROCESS>
    <ORDERING>11</ORDERING>
    <PARAMETER>frmTabProjAcc</PARAMETER>
    <CUSTOM_MENU_TYPE_DB>2</CUSTOM_MENU_TYPE_DB>
    <BUNDLE_EXECUTION_DB>FALSE</BUNDLE_EXECUTION_DB>
    <PO_ID>frmTabProjAcc</PO_ID>
    <ENABLED_WHEN/>
    <REFRESH_UI>FALSE</REFRESH_UI>
    <EXPORT_DATE>2021-05-27-05.27.50</EXPORT_DATE>
    <DEFINITION_MODIFIED_DATE>2021-05-24-09.30.28</DEFINITION_MODIFIED_DATE>
    <OBJVERSION>20210524114529</OBJVERSION>
    <OBJKEY>6ECB4D608FA446A1A500D7A845D31D8A</OBJKEY>
    <TEXTS>
      <TEXTS_ROW>
        <LANGUAGE_CODE>en</LANGUAGE_CODE>
        <TITLE>Financial Project</TITLE>
        <OBJKEY>6D831F7BDEC140498B3C5BCFE6C76E2E</OBJKEY>
      </TEXTS_ROW>
      <TEXTS_ROW>
        <LANGUAGE_CODE>gb</LANGUAGE_CODE>
        <TITLE>Financial Project</TITLE>
        <OBJKEY>8F9BCC55E427453EBF8E184BDFE9A7B3</OBJKEY>
      </TEXTS_ROW>
    </TEXTS>
    <KEY_TRANSLATIONS>
      <KEY_TRANSLATIONS_ROW>
        <ID>1</ID>
        <SOURCE_KEY_NAME>PROJECT_ID</SOURCE_KEY_NAME>
        <DEST_KEY_NAME>PROJECT_ID</DEST_KEY_NAME>
        <OBJKEY>E033F70DE03F44FEA552451879F88E81</OBJKEY>
      </KEY_TRANSLATIONS_ROW>
    </KEY_TRANSLATIONS>
    <EXPANDABLE_PARAMETERS>
  </EXPANDABLE_PARAMETERS>
  </CUSTOM_MENU>
</CUSTOM_OBJECT>
