<?xml version="1.0"?>
<CUSTOM_OBJECT>
  <NAME>0^CUSTOMER_IDENTITY^IdentityPayInfo</NAME>
  <TYPE>CUSTOM_EVENT_ACTION</TYPE>
  <DESCRIPTION>EA CRIM 562</DESCRIPTION>
  <CUSTOM_EVENT_ACTION EXPORT_DEF_VERSION="2">
    <EVENT_LU_NAME>IdentityPayInfo</EVENT_LU_NAME>
    <EVENT_ID>CUSTOMER_IDENTITY</EVENT_ID>
    <ACTION_NUMBER>0</ACTION_NUMBER>
    <ACTION_ENABLE>TRUE</ACTION_ENABLE>
    <ACTION_PARAMETERS>!FNDSER.EVENT_ACTION_PARAM
$SQL=DECLARE 
-
-company_ VARCHAR2(3200);
-results_ NUMBER;
-
-PRAGMA AUTONOMOUS_TRANSACTION;
-CURSOR get_company IS
-SELECT company
-FROM IDENTITY_PAY_INFO
-WHERE objkey = &apos;&amp;NEW:ROWKEY&apos;;
-
-CURSOR check_exists (company_  IN VARCHAR2) IS
-SELECT 1
-FROM CASH_ACCOUNT
-WHERE objkey = &apos;&amp;NEW:CF$_OVERRIDE_INVOICE&apos;
-AND company = company_ ;
-
-BEGIN 
-IF(&apos;&amp;NEW:CF$_OVERRIDE_INVOICE&apos; is not null)THEN
-OPEN get_company;
-FETCH get_company INTO company_ ;
-CLOSE get_company;
-
-OPEN check_exists(company_);
-FETCH check_exists INTO results_;
-      IF(check_exists%NOTFOUND)THEN 
-      ERROR_SYS.Record_General(&apos;IDENTITYPAYINFO&apos;, &apos;ERROR1: Override Default Invoice/State does not belong to company :P1&apos;, company_);
-      END IF;
-CLOSE check_exists;
-END IF;
-
-COMMIT; 
-END;
$ATTACH=!ATTACHMENTS
</ACTION_PARAMETERS>
    <FND_EVENT_ACTION_TYPE_DB>EXECUTEONLINESQL</FND_EVENT_ACTION_TYPE_DB>
    <CONDITION_TYPE>!EVENT_ACTION_COND_TYPE
$NEW:CF$_OVERRIDE_INVOICE=
$NEW:ROWKEY=
</CONDITION_TYPE>
    <CONDITION_VALUE>!EVENT_ACTION_COND_VALUE
$NEW:CF$_OVERRIDE_INVOICE=
$NEW:ROWKEY=
</CONDITION_VALUE>
    <DESCRIPTION>EA CRIM 562</DESCRIPTION>
    <SUBSCRIBABLE>FALSE</SUBSCRIBABLE>
    <SYSTEM_DEFINED>FALSE</SYSTEM_DEFINED>
    <ROLE/>
    <DEFINITION_MODIFIED_DATE>2021-05-10-11.06.51</DEFINITION_MODIFIED_DATE>
    <OBJKEY>BD9C6A38B14742DD935E3AEB6F75531E</OBJKEY>
  </CUSTOM_EVENT_ACTION>
</CUSTOM_OBJECT>
