<?xml version="1.0"?>
<CUSTOM_OBJECT>
  <NAME>1^PRE_POSTING_ORDER_TYPE^CustOrderType</NAME>
  <TYPE>CUSTOM_EVENT_ACTION</TYPE>
  <DESCRIPTION>C0397 - Finance. To enable pre-postoing code parts based on order types.</DESCRIPTION>
  <CUSTOM_EVENT_ACTION EXPORT_DEF_VERSION="2">
    <EVENT_LU_NAME>CustOrderType</EVENT_LU_NAME>
    <EVENT_ID>PRE_POSTING_ORDER_TYPE</EVENT_ID>
    <ACTION_NUMBER>1</ACTION_NUMBER>
    <ACTION_ENABLE>TRUE</ACTION_ENABLE>
    <ACTION_PARAMETERS>!FNDSER.EVENT_ACTION_PARAM
$SQL=DECLARE
-
-BEGIN
-
-  IF ((&apos;&amp;NEW:CF$_MANDATORY_PRE_POSTING&apos; is null OR
-     &apos;&amp;NEW:CF$_MANDATORY_PRE_POSTING&apos; = &apos;FALSE&apos;) AND
-     (&apos;&amp;NEW:CF$_PROP&apos; = &apos;TRUE&apos; OR &apos;&amp;NEW:CF$_PROJECT&apos; = &apos;TRUE&apos; OR
-     &apos;&amp;NEW:CF$_SITE&apos; = &apos;TRUE&apos; OR &apos;&amp;NEW:CF$_COST_CENT&apos; = &apos;TRUE&apos; OR
-     &apos;&amp;NEW:CF$_CONTRACT&apos; = &apos;TRUE&apos; OR &apos;&amp;NEW:CF$_CODE_G&apos; = &apos;TRUE&apos; OR &apos;&amp;NEW:CF$_INTER_CO&apos; = &apos;TRUE&apos;)) THEN
-    ERROR_SYS.RECORD_GENERAL(&apos;CUSTORDERTYPE&apos;,
-                             &apos;PREPOSTING: Code Parts can not be enabled without enabling Mandatory Pre-Posting Tick Box&apos;);
-
-END IF;
-
-END; 
$ATTACH=!ATTACHMENTS
</ACTION_PARAMETERS>
    <FND_EVENT_ACTION_TYPE_DB>EXECUTEONLINESQL</FND_EVENT_ACTION_TYPE_DB>
    <CONDITION_TYPE>!EVENT_ACTION_COND_TYPE
$NEW:CF$_CODE_G=
$NEW:CF$_CONTRACT=
$NEW:CF$_COST_CENT=
$NEW:CF$_INTER_CO=
$NEW:CF$_MANDATORY_PRE_POSTING=
$NEW:CF$_PROJECT=
$NEW:CF$_PROP=
$NEW:CF$_SITE=
</CONDITION_TYPE>
    <CONDITION_VALUE>!EVENT_ACTION_COND_VALUE
$NEW:CF$_CODE_G=
$NEW:CF$_CONTRACT=
$NEW:CF$_COST_CENT=
$NEW:CF$_INTER_CO=
$NEW:CF$_MANDATORY_PRE_POSTING=
$NEW:CF$_PROJECT=
$NEW:CF$_PROP=
$NEW:CF$_SITE=
</CONDITION_VALUE>
    <DESCRIPTION>C0397 - Finance. To enable pre-postoing code parts based on order types.</DESCRIPTION>
    <SUBSCRIBABLE>FALSE</SUBSCRIBABLE>
    <SYSTEM_DEFINED>FALSE</SYSTEM_DEFINED>
    <ROLE/>
    <DEFINITION_MODIFIED_DATE>2021-03-05-03.28.14</DEFINITION_MODIFIED_DATE>
    <OBJKEY>0A7D6177E5F3449FB748BF8AC51B5CBC</OBJKEY>
  </CUSTOM_EVENT_ACTION>
</CUSTOM_OBJECT>
