<?xml version="1.0"?>
<CUSTOM_OBJECT>
  <NAME>Views -Identity Invoice Info</NAME>
  <TYPE>CF_VIEWS</TYPE>
  <DESCRIPTION>Custom Field Views of Logical Unit Identity Invoice Info</DESCRIPTION>
  <CUSTOM_FIELD_VIEWS EXPORT_DEF_VERSION="1">
    <LU>IdentityInvoiceInfo</LU>
    <TABLE_NAME>IDENTITY_INVOICE_INFO_CFT</TABLE_NAME>
    <VIEW_NAME>IDENTITY_INVOICE_INFO_CFV</VIEW_NAME>
    <PACKAGE_NAME>IDENTITY_INVOICE_INFO_CFP</PACKAGE_NAME>
    <DEFINITION_MODIFIED_DATE>2021-04-16-11.18.48</DEFINITION_MODIFIED_DATE>
    <EXPORT_DATE>2021-05-27-05.27.51</EXPORT_DATE>
    <USED_DB>TRUE</USED_DB>
    <ROWKEY>0551D808BF884B6C881AC40FFBA93586</ROWKEY>
    <CUSTOM_FIELD_VIEW>
      <CUSTOM_FIELD_VIEW_ROW>
        <VIEW_NAME>CONTACT_PERSON_LOV</VIEW_NAME>
        <CF_VIEW_NAME>CONTACT_PERSON_LOV_CFV</CF_VIEW_NAME>
        <USED_DB>FALSE</USED_DB>
        <ROWKEY>6D049011366E4E3FB33110B89FE92FC6</ROWKEY>
      </CUSTOM_FIELD_VIEW_ROW>
      <CUSTOM_FIELD_VIEW_ROW>
        <VIEW_NAME>CUSTOMER_ADDRESS_AV</VIEW_NAME>
        <CF_VIEW_NAME>CUSTOMER_ADDRESS_AV_CFV</CF_VIEW_NAME>
        <USED_DB>FALSE</USED_DB>
        <ROWKEY>8B9EE1122F0241D597997820D4C0B389</ROWKEY>
      </CUSTOM_FIELD_VIEW_ROW>
      <CUSTOM_FIELD_VIEW_ROW>
        <VIEW_NAME>C_SUPP_TAX_WITHHOLD_ANALYSIS</VIEW_NAME>
        <CF_VIEW_NAME>C_SUPP_TAX_WITHH1674058563_CFV</CF_VIEW_NAME>
        <USED_DB>FALSE</USED_DB>
        <ROWKEY>DE1BB65DB8FB4625AE74703D23C6AF40</ROWKEY>
      </CUSTOM_FIELD_VIEW_ROW>
      <CUSTOM_FIELD_VIEW_ROW>
        <VIEW_NAME>IDENTITY_INVOICE_INFO_CUST</VIEW_NAME>
        <CF_VIEW_NAME>IDENTITY_INVOICE_INFO_CUST_CFV</CF_VIEW_NAME>
        <USED_DB>FALSE</USED_DB>
        <ROWKEY>C684D0B8690243B39255B86F08AEE9F2</ROWKEY>
      </CUSTOM_FIELD_VIEW_ROW>
      <CUSTOM_FIELD_VIEW_ROW>
        <VIEW_NAME>IDENTITY_INVOICE_INFO_PUB</VIEW_NAME>
        <CF_VIEW_NAME>IDENTITY_INVOICE_INFO_PUB_CFV</CF_VIEW_NAME>
        <USED_DB>FALSE</USED_DB>
        <ROWKEY>20074BAA4E4A4E3D82D61C8E7A54B574</ROWKEY>
      </CUSTOM_FIELD_VIEW_ROW>
      <CUSTOM_FIELD_VIEW_ROW>
        <VIEW_NAME>IDENTITY_INVOICE_INFO_SUPP</VIEW_NAME>
        <CF_VIEW_NAME>IDENTITY_INVOICE_INFO_SUPP_CFV</CF_VIEW_NAME>
        <USED_DB>FALSE</USED_DB>
        <ROWKEY>C9D04FE6F85249F197DE677C19236A89</ROWKEY>
      </CUSTOM_FIELD_VIEW_ROW>
      <CUSTOM_FIELD_VIEW_ROW>
        <VIEW_NAME>MATCHING_LEVEL_LOV</VIEW_NAME>
        <CF_VIEW_NAME>MATCHING_LEVEL_LOV_CFV</CF_VIEW_NAME>
        <USED_DB>FALSE</USED_DB>
        <ROWKEY>485B04C4C19947B09E8799BB5887E2BB</ROWKEY>
      </CUSTOM_FIELD_VIEW_ROW>
      <CUSTOM_FIELD_VIEW_ROW>
        <VIEW_NAME>PERSONS_PER_CUSTOMER_LOV</VIEW_NAME>
        <CF_VIEW_NAME>PERSONS_PER_CUSTOMER_LOV_CFV</CF_VIEW_NAME>
        <USED_DB>FALSE</USED_DB>
        <ROWKEY>E78AC40A9A9A4544B4743A4E5D4A2FD4</ROWKEY>
      </CUSTOM_FIELD_VIEW_ROW>
      <CUSTOM_FIELD_VIEW_ROW>
        <VIEW_NAME>SUPPLIER_ADDRESS_AV</VIEW_NAME>
        <CF_VIEW_NAME>SUPPLIER_ADDRESS_AV_CFV</CF_VIEW_NAME>
        <USED_DB>FALSE</USED_DB>
        <ROWKEY>CE4C5F8437D2455FB062F2752B73DA84</ROWKEY>
      </CUSTOM_FIELD_VIEW_ROW>
      <CUSTOM_FIELD_VIEW_ROW>
        <VIEW_NAME>TAX_CERTIFICATE_FORM_LOV</VIEW_NAME>
        <CF_VIEW_NAME>TAX_CERTIFICATE_FORM_LOV_CFV</CF_VIEW_NAME>
        <USED_DB>FALSE</USED_DB>
        <ROWKEY>C8846D896DB54FA19A267E7AE4DE3BED</ROWKEY>
      </CUSTOM_FIELD_VIEW_ROW>
    </CUSTOM_FIELD_VIEW>
  </CUSTOM_FIELD_VIEWS>
</CUSTOM_OBJECT>
