<?xml version="1.0"?>
<CUSTOM_OBJECT>
  <NAME>Allow Manual Follow Up</NAME>
  <TYPE>CF_READ_ONLY</TYPE>
  <DESCRIPTION>C0343 R2</DESCRIPTION>
  <CUSTOM_FIELD EXPORT_DEF_VERSION="1">
    <LU>InvoiceHeaderNotes</LU>
    <TABLE_NAME>INVOICE_HEADER_NOTES_CFT</TABLE_NAME>
    <VIEW_NAME>INVOICE_HEADER_NOTES_CFV</VIEW_NAME>
    <PACKAGE_NAME>INVOICE_HEADER_NOTES_CFP</PACKAGE_NAME>
    <DEFINITION_MODIFIED_DATE>2021-02-09-02.36.09</DEFINITION_MODIFIED_DATE>
    <EXPORT_DATE>2021-08-19-10.08.24</EXPORT_DATE>
    <USED_DB>TRUE</USED_DB>
    <ROWKEY>19E0B3FAC98544EFADF96704879AE8A3</ROWKEY>
    <CUSTOM_FIELD_ATTRIBUTE>
      <CUSTOM_FIELD_ATTRIBUTE_ROW>
        <ATTRIBUTE_NAME>ALLOW_MANUAL_FOLLOW_UP</ATTRIBUTE_NAME>
        <DATA_TYPE_DB>ENUMERATION</DATA_TYPE_DB>
        <FORMAT_DB>UNFORMATTED</FORMAT_DB>
        <DATA_LENGTH>50</DATA_LENGTH>
        <DEFAULT_VALUE_TYPE_DB>ENUMERATION_VALUE</DEFAULT_VALUE_TYPE_DB>
        <DEFAULT_VALUE>FALSE</DEFAULT_VALUE>
        <MANDATORY_DB>FALSE</MANDATORY_DB>
        <INSERTABLE_DB>FALSE</INSERTABLE_DB>
        <UPDATEABLE_DB>FALSE</UPDATEABLE_DB>
        <QUERYABLE_DB>TRUE</QUERYABLE_DB>
        <PRIVATE_DB>FALSE</PRIVATE_DB>
        <LOV_DB>FALSE</LOV_DB>
        <INDEXED_DB>FALSE</INDEXED_DB>
        <PROMPT>Allow Manual Follow Up</PROMPT>
        <DEFINITION_MODIFIED_DATE>2021-07-23-10.07.13</DEFINITION_MODIFIED_DATE>
        <CUSTOM_FIELD_TYPE_DB>READ_ONLY_FIELD</CUSTOM_FIELD_TYPE_DB>
        <CUSTOM_FIELD_IMPL_TYPE_DB>REFERENCED_VALUE</CUSTOM_FIELD_IMPL_TYPE_DB>
        <EXPRESSION>Invoice_Header_Notes_Cfp.Get_CF$_Allow_Manual_Follow_Up(v.objkey)</EXPRESSION>
        <METADATA>InvoiceHeaderNotes=&gt;CreditNoteStatus(Note_Status_Id).Cf$_Allow_Manual_Follow_Up</METADATA>
        <LU_REFERENCE>FndBoolean</LU_REFERENCE>
        <UI_OBJECT_DB>CHECKBOX_REVERSED</UI_OBJECT_DB>
        <USED_DB>TRUE</USED_DB>
        <READ_ONLY_EXPRESSION_DB>FALSE</READ_ONLY_EXPRESSION_DB>
        <NOTE>C0343 R2</NOTE>
        <ENABLED_ON_REPORTS_DB>TRUE</ENABLED_ON_REPORTS_DB>
        <CONSTRAINT_TYPE_DB>RESTRICTED</CONSTRAINT_TYPE_DB>
        <LOV_VIEW/>
        <ALTERNATE_KEY_DB>FALSE</ALTERNATE_KEY_DB>
        <ROWKEY>5F966DABADFA406E852DFF287F91C720</ROWKEY>
      </CUSTOM_FIELD_ATTRIBUTE_ROW>
    </CUSTOM_FIELD_ATTRIBUTE>
    <TRANSLATIONS>
  </TRANSLATIONS>
    <CUSTOM_FIELD_VIEW>
      <CUSTOM_FIELD_VIEW_ROW>
        <VIEW_NAME>INVOICE_HEADER_NOTES_QRY</VIEW_NAME>
        <CF_VIEW_NAME>INVOICE_HEADER_NOTES_QRY_CFV</CF_VIEW_NAME>
        <USED_DB>FALSE</USED_DB>
        <ROWKEY>F382DB9088A743848918C5FC051169D0</ROWKEY>
      </CUSTOM_FIELD_VIEW_ROW>
    </CUSTOM_FIELD_VIEW>
  </CUSTOM_FIELD>
</CUSTOM_OBJECT>
