<?xml version="1.0"?>
<CUSTOM_OBJECT>
  <NAME>0^CIS_REMINDER^ManSuppInvoice</NAME>
  <TYPE>CUSTOM_EVENT_ACTION</TYPE>
  <DESCRIPTION>Checking for CIS verification.
C0606.</DESCRIPTION>
  <CUSTOM_EVENT_ACTION EXPORT_DEF_VERSION="2">
    <EVENT_LU_NAME>ManSuppInvoice</EVENT_LU_NAME>
    <EVENT_ID>CIS_REMINDER</EVENT_ID>
    <ACTION_NUMBER>0</ACTION_NUMBER>
    <ACTION_ENABLE>TRUE</ACTION_ENABLE>
    <ACTION_PARAMETERS>!FNDSER.EVENT_ACTION_PARAM
$SQL=DECLARE
-  is_cis_supplier_ VARCHAR2(10);
-  
-  CURSOR Get_Cis_Supplier IS
-    SELECT  v.CF$_CIS_SUPPLIER_DB 
-    FROM IDENTITY_INVOICE_INFO_CFV v
-    WHERE v.IDENTITY = &apos;&amp;NEW:IDENTITY&apos;;
-
-BEGIN
-  OPEN Get_Cis_Supplier;
-  FETCH Get_Cis_Supplier INTO is_cis_supplier_;
-  CLOSE Get_Cis_Supplier;
-
-  IF is_cis_supplier_ = &apos;TRUE&apos; THEN
-    Client_SYS.Add_Warning(&apos;ManSuppInvoice&apos;, &apos;CIS Supplier – Please ensure the Income Type for Labour and Material are split correctly.&apos;);
-  END IF;
-END;
$ATTACH=!ATTACHMENTS
</ACTION_PARAMETERS>
    <FND_EVENT_ACTION_TYPE_DB>EXECUTEONLINESQL</FND_EVENT_ACTION_TYPE_DB>
    <CONDITION_TYPE>!EVENT_ACTION_COND_TYPE
$NEW:IDENTITY=
</CONDITION_TYPE>
    <CONDITION_VALUE>!EVENT_ACTION_COND_VALUE
$NEW:IDENTITY=
</CONDITION_VALUE>
    <DESCRIPTION>Checking for CIS verification.
C0606.</DESCRIPTION>
    <SUBSCRIBABLE>FALSE</SUBSCRIBABLE>
    <SYSTEM_DEFINED>FALSE</SYSTEM_DEFINED>
    <ROLE/>
    <DEFINITION_MODIFIED_DATE>2021-05-11-06.44.12</DEFINITION_MODIFIED_DATE>
    <OBJKEY>4CD6B4380F91437892709AB7E3662042</OBJKEY>
  </CUSTOM_EVENT_ACTION>
</CUSTOM_OBJECT>
