<?xml version="1.0"?>
<CUSTOM_OBJECT>
  <NAME>Invoice Header Notes Extension</NAME>
  <TYPE>CUSTOM_LU</TYPE>
  <DESCRIPTION>C0343 - Prageeth Gangabada</DESCRIPTION>
  <CUSTOM_LU EXPORT_DEF_VERSION="1">
    <LU>InvoiceHeaderNotesExt</LU>
    <TABLE_NAME>INVOICE_HEADER_NOTES_EXT_CLT</TABLE_NAME>
    <VIEW_NAME>INVOICE_HEADER_NOTES_EXT_CLV</VIEW_NAME>
    <PACKAGE_NAME>INVOICE_HEADER_NOTES_EXT_CLP</PACKAGE_NAME>
    <MODULE>CONFIG</MODULE>
    <DEFINITION_MODIFIED_DATE>2021-02-24-06.07.18</DEFINITION_MODIFIED_DATE>
    <EXPORT_DATE>2021-07-23-07.18.44</EXPORT_DATE>
    <USED_DB>TRUE</USED_DB>
    <NOTE>C0343 - Prageeth Gangabada</NOTE>
    <PROMPT>Invoice Header Notes Extension</PROMPT>
    <CREATE_PROJECTION_DB>TRUE</CREATE_PROJECTION_DB>
    <ROWKEY>9928C13FAC4F414EA8D99E1DAF2F5123</ROWKEY>
    <CUSTOM_FIELD_ATTRIBUTE>
      <CUSTOM_FIELD_ATTRIBUTE_ROW>
        <ATTRIBUTE_NAME>BULK_UPDATE_USER</ATTRIBUTE_NAME>
        <DATA_TYPE_DB>STRING</DATA_TYPE_DB>
        <FORMAT_DB>UNFORMATTED</FORMAT_DB>
        <DATA_LENGTH>100</DATA_LENGTH>
        <DEFAULT_VALUE_TYPE_DB>CSV</DEFAULT_VALUE_TYPE_DB>
        <DEFAULT_VALUE>#USER_ID#</DEFAULT_VALUE>
        <MANDATORY_DB>FALSE</MANDATORY_DB>
        <INSERTABLE_DB>TRUE</INSERTABLE_DB>
        <UPDATEABLE_DB>TRUE</UPDATEABLE_DB>
        <QUERYABLE_DB>TRUE</QUERYABLE_DB>
        <PRIVATE_DB>TRUE</PRIVATE_DB>
        <LOV_DB>FALSE</LOV_DB>
        <INDEXED_DB>FALSE</INDEXED_DB>
        <PROMPT>Bulk Update User</PROMPT>
        <DEFINITION_MODIFIED_DATE>2021-02-24-03.51.13</DEFINITION_MODIFIED_DATE>
        <CUSTOM_FIELD_TYPE_DB>PERSISTENT_FIELD</CUSTOM_FIELD_TYPE_DB>
        <CUSTOM_FIELD_IMPL_TYPE_DB>NOT_APPLICABLE</CUSTOM_FIELD_IMPL_TYPE_DB>
        <EXPRESSION/>
        <METADATA/>
        <LU_REFERENCE/>
        <UI_OBJECT_DB>DEFAULT</UI_OBJECT_DB>
        <USED_DB>TRUE</USED_DB>
        <READ_ONLY_EXPRESSION_DB>FALSE</READ_ONLY_EXPRESSION_DB>
        <NOTE/>
        <ENABLED_ON_REPORTS_DB>TRUE</ENABLED_ON_REPORTS_DB>
        <CONSTRAINT_TYPE_DB>RESTRICTED</CONSTRAINT_TYPE_DB>
        <LOV_VIEW/>
        <ALTERNATE_KEY_DB>FALSE</ALTERNATE_KEY_DB>
        <ROWKEY>B67D85FC5C5848F1AF3C0CB6569B817A</ROWKEY>
      </CUSTOM_FIELD_ATTRIBUTE_ROW>
      <CUSTOM_FIELD_ATTRIBUTE_ROW>
        <ATTRIBUTE_NAME>HEADER_NOTE_OBJKEY</ATTRIBUTE_NAME>
        <DATA_TYPE_DB>STRING</DATA_TYPE_DB>
        <FORMAT_DB>UNFORMATTED</FORMAT_DB>
        <DATA_LENGTH>100</DATA_LENGTH>
        <DEFAULT_VALUE_TYPE_DB>NO_DEFAULT_VALUE</DEFAULT_VALUE_TYPE_DB>
        <DEFAULT_VALUE/>
        <MANDATORY_DB>FALSE</MANDATORY_DB>
        <INSERTABLE_DB>TRUE</INSERTABLE_DB>
        <UPDATEABLE_DB>TRUE</UPDATEABLE_DB>
        <QUERYABLE_DB>TRUE</QUERYABLE_DB>
        <PRIVATE_DB>TRUE</PRIVATE_DB>
        <LOV_DB>FALSE</LOV_DB>
        <INDEXED_DB>FALSE</INDEXED_DB>
        <PROMPT>Header Note Objkey</PROMPT>
        <DEFINITION_MODIFIED_DATE>2021-02-15-12.03.04</DEFINITION_MODIFIED_DATE>
        <CUSTOM_FIELD_TYPE_DB>PERSISTENT_FIELD</CUSTOM_FIELD_TYPE_DB>
        <CUSTOM_FIELD_IMPL_TYPE_DB>NOT_APPLICABLE</CUSTOM_FIELD_IMPL_TYPE_DB>
        <EXPRESSION/>
        <METADATA/>
        <LU_REFERENCE/>
        <UI_OBJECT_DB>DEFAULT</UI_OBJECT_DB>
        <USED_DB>TRUE</USED_DB>
        <READ_ONLY_EXPRESSION_DB>FALSE</READ_ONLY_EXPRESSION_DB>
        <NOTE/>
        <ENABLED_ON_REPORTS_DB>TRUE</ENABLED_ON_REPORTS_DB>
        <CONSTRAINT_TYPE_DB>RESTRICTED</CONSTRAINT_TYPE_DB>
        <LOV_VIEW/>
        <ALTERNATE_KEY_DB>TRUE</ALTERNATE_KEY_DB>
        <ROWKEY>72E0E8FBB53848FFB36DDA1FD65ED19B</ROWKEY>
      </CUSTOM_FIELD_ATTRIBUTE_ROW>
    </CUSTOM_FIELD_ATTRIBUTE>
    <TRANSLATIONS>
  </TRANSLATIONS>
  </CUSTOM_LU>
</CUSTOM_OBJECT>
