<?xml version="1.0"?>
<CUSTOM_OBJECT>
  <NAME>0^CHECK_PERIOD_ALLOCATION^PeriodAllocation</NAME>
  <TYPE>CUSTOM_EVENT_ACTION</TYPE>
  <DESCRIPTION>CRIM 580 </DESCRIPTION>
  <CUSTOM_EVENT_ACTION EXPORT_DEF_VERSION="2">
    <EVENT_LU_NAME>PeriodAllocation</EVENT_LU_NAME>
    <EVENT_ID>CHECK_PERIOD_ALLOCATION</EVENT_ID>
    <ACTION_NUMBER>0</ACTION_NUMBER>
    <ACTION_ENABLE>TRUE</ACTION_ENABLE>
    <ACTION_PARAMETERS>!FNDSER.EVENT_ACTION_PARAM
$SQL=DECLARE
-
-objkey_ VARCHAR2(3200);
-objversion_ VARCHAR2(3200);
-info_ VARCHAR2(3200);
-attr_ VARCHAR2(3200);
-
-CURSOR get_objid IS
-SELECT objkey, objversion 
-FROM E_A_PERIOD_ALLOCATION_CLV
-WHERE CF$_VOUCHER_TYPE = &apos;&amp;NEW:VOUCHER_TYPE&apos;
-AND CF$_VOUCHER_NO = &apos;&amp;NEW:VOUCHER_NO&apos;
-AND CF$_ROW_NO = &apos;&amp;NEW:ROW_NO&apos; 
-AND CF$_COMPANY = &apos;&amp;NEW:COMPANY&apos;
-AND CF$_ALLOC_YEAR =  &apos;&amp;NEW:ALLOC_YEAR&apos; 
-AND CF$_ALLOC_PERIOD =  &apos;&amp;NEW:ALLOC_PERIOD&apos;
-AND CF$_ACCOUNTING_YEAR =  &apos;&amp;NEW:ACCOUNTING_YEAR&apos;;
-
-BEGIN
-
-OPEN get_objid;
-FETCH get_objid INTO objkey_, objversion_;
-CLOSE get_objid;
-
-Client_Sys.Add_To_Attr(&apos;CF$_COMPANY&apos;, &apos;&amp;NEW:COMPANY&apos; , attr_);
-Client_Sys.Add_To_Attr(&apos;CF$_VOUCHER_TYPE&apos;, &apos;&amp;NEW:VOUCHER_TYPE&apos; , attr_);
-Client_Sys.Add_To_Attr(&apos;CF$_VOUCHER_NO&apos;, &apos;&amp;NEW:VOUCHER_NO&apos; , attr_);
-Client_Sys.Add_To_Attr(&apos;CF$_ROW_NO&apos;, &apos;&amp;NEW:ROW_NO&apos; , attr_);
-Client_Sys.Add_To_Attr(&apos;CF$_ALLOC_YEAR&apos;, &apos;&amp;NEW:ALLOC_YEAR&apos; , attr_);
-Client_Sys.Add_To_Attr(&apos;CF$_ALLOC_PERIOD&apos;, &apos;&amp;NEW:ALLOC_PERIOD&apos; , attr_);
-Client_Sys.Add_To_Attr(&apos;CF$_ACCOUNTING_YEAR&apos;, &apos;&amp;NEW:ACCOUNTING_YEAR&apos; , attr_);
-Client_Sys.Add_To_Attr(&apos;CF$_PERIOD_ALLOCATION&apos;, &apos;Y&apos; , attr_);
-
-IF(objkey_ is null and objversion_ is null) THEN
-    E_A_PERIOD_ALLOCATION_CLP.New__(info_,  objkey_ , objversion_ , attr_, &apos;DO&apos;);
-ELSE
-    E_A_PERIOD_ALLOCATION_CLP.Modify__(info_,  objkey_ , objversion_ , attr_,  &apos;DO&apos;);
-END IF;
-
-END; 
$ATTACH=!ATTACHMENTS
</ACTION_PARAMETERS>
    <FND_EVENT_ACTION_TYPE_DB>EXECUTEONLINESQL</FND_EVENT_ACTION_TYPE_DB>
    <CONDITION_TYPE>!EVENT_ACTION_COND_TYPE
$NEW:ACCOUNTING_YEAR=
$NEW:ALLOC_PERIOD=
$NEW:ALLOC_YEAR=
$NEW:COMPANY=
$NEW:ROW_NO=
$NEW:VOUCHER_NO=
$NEW:VOUCHER_TYPE=
</CONDITION_TYPE>
    <CONDITION_VALUE>!EVENT_ACTION_COND_VALUE
$NEW:ACCOUNTING_YEAR=
$NEW:ALLOC_PERIOD=
$NEW:ALLOC_YEAR=
$NEW:COMPANY=
$NEW:ROW_NO=
$NEW:VOUCHER_NO=
$NEW:VOUCHER_TYPE=
</CONDITION_VALUE>
    <DESCRIPTION>CRIM 580 </DESCRIPTION>
    <SUBSCRIBABLE>FALSE</SUBSCRIBABLE>
    <SYSTEM_DEFINED>FALSE</SYSTEM_DEFINED>
    <ROLE/>
    <DEFINITION_MODIFIED_DATE>2021-05-27-05.09.37</DEFINITION_MODIFIED_DATE>
    <OBJKEY>5C02DA9CC20C4A33B9F69B10E24D8157</OBJKEY>
  </CUSTOM_EVENT_ACTION>
</CUSTOM_OBJECT>
