<?xml version="1.0"?>
<CUSTOM_OBJECT>
  <NAME>Bulk Update Notes</NAME>
  <TYPE>CUSTOM_MENU</TYPE>
  <DESCRIPTION>C0343 - Prageeth Gangabada</DESCRIPTION>
  <CUSTOM_MENU EXPORT_DEF_VERSION="1">
    <MENU_ID>831000</MENU_ID>
    <DESCRIPTION>C0343 - Prageeth Gangabada</DESCRIPTION>
    <WINDOW>frmInvHeaderNotes</WINDOW>
    <PROCESS>NONE</PROCESS>
    <ORDERING>1</ORDERING>
    <PARAMETER>DECLARE
   company_ VARCHAR2(20);
   identity_ VARCHAR2(20);
BEGIN
   company_ := &amp;COMPANY;
   identity_ := &amp;IDENTITY;

   C_EA_Customization_Util_API.Bulk_Update_Invoice_Header_Notes__(company_,identity_);
END;</PARAMETER>
    <CUSTOM_MENU_TYPE_DB>12</CUSTOM_MENU_TYPE_DB>
    <BUNDLE_EXECUTION_DB>FALSE</BUNDLE_EXECUTION_DB>
    <PO_ID>frmInvHeaderNotes</PO_ID>
    <ENABLED_WHEN/>
    <REFRESH_UI>TRUE</REFRESH_UI>
    <EXPORT_DATE>2021-05-27-05.27.50</EXPORT_DATE>
    <DEFINITION_MODIFIED_DATE>2021-02-25-03.35.10</DEFINITION_MODIFIED_DATE>
    <OBJVERSION>20210510114844</OBJVERSION>
    <OBJKEY>5259D40BC1B147EE98447BA3D5F350A7</OBJKEY>
    <TEXTS>
      <TEXTS_ROW>
        <LANGUAGE_CODE>en</LANGUAGE_CODE>
        <TITLE>Bulk Update Notes</TITLE>
        <OBJKEY>1334325534B0401AA833DF124E6E73FB</OBJKEY>
      </TEXTS_ROW>
    </TEXTS>
    <KEY_TRANSLATIONS>
  </KEY_TRANSLATIONS>
    <EXPANDABLE_PARAMETERS>
  </EXPANDABLE_PARAMETERS>
  </CUSTOM_MENU>
</CUSTOM_OBJECT>
