<?xml version="1.0"?>
<CUSTOM_OBJECT>
  <NAME>Views -Company Def Invoice Type</NAME>
  <TYPE>CF_VIEWS</TYPE>
  <DESCRIPTION>Custom Field Views of Logical Unit Company Def Invoice Type</DESCRIPTION>
  <CUSTOM_FIELD_VIEWS EXPORT_DEF_VERSION="1">
    <LU>CompanyDefInvoiceType</LU>
    <TABLE_NAME>COMPANY_DEF_INVOICE_TYPE_CFT</TABLE_NAME>
    <VIEW_NAME>COMPANY_DEF_INVOICE_TYPE_CFV</VIEW_NAME>
    <PACKAGE_NAME>COMPANY_DEF_INVOICE_TYPE_CFP</PACKAGE_NAME>
    <DEFINITION_MODIFIED_DATE>2021-03-22-01.36.01</DEFINITION_MODIFIED_DATE>
    <EXPORT_DATE>2021-05-27-05.27.51</EXPORT_DATE>
    <USED_DB>TRUE</USED_DB>
    <ROWKEY>8CE0DF03EB644782BC215E66381798B2</ROWKEY>
    <CUSTOM_FIELD_VIEW>
      <CUSTOM_FIELD_VIEW_ROW>
        <VIEW_NAME>COMPANY_DEF_INVOICE_TYPE_PUB</VIEW_NAME>
        <CF_VIEW_NAME>COMPANY_DEF_INVOI461080733_CFV</CF_VIEW_NAME>
        <USED_DB>FALSE</USED_DB>
        <ROWKEY>8A30E15D2F6D4084B7DBFCB67B72B15F</ROWKEY>
      </CUSTOM_FIELD_VIEW_ROW>
    </CUSTOM_FIELD_VIEW>
  </CUSTOM_FIELD_VIEWS>
</CUSTOM_OBJECT>
