<?xml version="1.0"?>
<CUSTOM_OBJECT>
  <NAME>Bulk Update Notes</NAME>
  <TYPE>CUSTOM_MENU</TYPE>
  <DESCRIPTION>C0343 - Prageeth Gangabada</DESCRIPTION>
  <CUSTOM_MENU EXPORT_DEF_VERSION="1">
    <MENU_ID>831000</MENU_ID>
    <DESCRIPTION>C0343 - Prageeth Gangabada</DESCRIPTION>
    <WINDOW>frmInvHeaderNotes</WINDOW>
    <PROCESS>NONE</PROCESS>
    <ORDERING>1</ORDERING>
    <PARAMETER>DECLARE
   company_ VARCHAR2(20);
   identity_ VARCHAR2(20);
BEGIN
   company_ := &amp;COMPANY;
   identity_ := &amp;IDENTITY;

   C_EA_Customization_Util_API.Bulk_Update_Invoice_Header_Notes__(company_,identity_);
END;</PARAMETER>
    <CUSTOM_MENU_TYPE_DB>12</CUSTOM_MENU_TYPE_DB>
    <BUNDLE_EXECUTION_DB>FALSE</BUNDLE_EXECUTION_DB>
    <PO_ID>frmInvHeaderNotes</PO_ID>
    <ENABLED_WHEN/>
    <REFRESH_UI>TRUE</REFRESH_UI>
    <EXPORT_DATE>2021-07-23-04.35.57</EXPORT_DATE>
    <DEFINITION_MODIFIED_DATE>2021-07-19-14.10.47</DEFINITION_MODIFIED_DATE>
    <OBJVERSION>20210331125603</OBJVERSION>
    <OBJKEY>EF533E99B67E4AB5998FBDC739525B34</OBJKEY>
    <TEXTS>
      <TEXTS_ROW>
        <LANGUAGE_CODE>en</LANGUAGE_CODE>
        <TITLE>Bulk Update Notes</TITLE>
        <OBJKEY>9ED7553CBFFB457BBF1B2BE9CF151D70</OBJKEY>
      </TEXTS_ROW>
      <TEXTS_ROW>
        <LANGUAGE_CODE>gb</LANGUAGE_CODE>
        <TITLE>Bulk Update Notes</TITLE>
        <OBJKEY>EDD386E4FB5243CEBEF7C549B1A5CCDE</OBJKEY>
      </TEXTS_ROW>
    </TEXTS>
    <KEY_TRANSLATIONS>
  </KEY_TRANSLATIONS>
    <EXPANDABLE_PARAMETERS>
  </EXPANDABLE_PARAMETERS>
  </CUSTOM_MENU>
</CUSTOM_OBJECT>
