<?xml version="1.0"?>
<CUSTOM_OBJECT>
  <NAME>Views -Identity Pay Info</NAME>
  <TYPE>CF_VIEWS</TYPE>
  <DESCRIPTION>Custom Field Views of Logical Unit Identity Pay Info</DESCRIPTION>
  <CUSTOM_FIELD_VIEWS EXPORT_DEF_VERSION="1">
    <LU>IdentityPayInfo</LU>
    <TABLE_NAME>IDENTITY_PAY_INFO_CFT</TABLE_NAME>
    <VIEW_NAME>IDENTITY_PAY_INFO_CFV</VIEW_NAME>
    <PACKAGE_NAME>IDENTITY_PAY_INFO_CFP</PACKAGE_NAME>
    <DEFINITION_MODIFIED_DATE>2020-12-21-14.49.20</DEFINITION_MODIFIED_DATE>
    <EXPORT_DATE>2021-05-27-05.27.51</EXPORT_DATE>
    <USED_DB>TRUE</USED_DB>
    <ROWKEY>977CBBD49FBC479EB2A6987C8EDC1F20</ROWKEY>
    <CUSTOM_FIELD_VIEW>
      <CUSTOM_FIELD_VIEW_ROW>
        <VIEW_NAME>BASIC_CUSTOMER_INFO_AV</VIEW_NAME>
        <CF_VIEW_NAME>BASIC_CUSTOMER_INFO_AV_CFV</CF_VIEW_NAME>
        <USED_DB>FALSE</USED_DB>
        <ROWKEY>73ECC7FD0CF24A55A3B271F89425788A</ROWKEY>
      </CUSTOM_FIELD_VIEW_ROW>
      <CUSTOM_FIELD_VIEW_ROW>
        <VIEW_NAME>BASIC_SUPPLIER_INFO_AV</VIEW_NAME>
        <CF_VIEW_NAME>BASIC_SUPPLIER_INFO_AV_CFV</CF_VIEW_NAME>
        <USED_DB>FALSE</USED_DB>
        <ROWKEY>C6A7E8A2D2054DFA91D8DB4774F28326</ROWKEY>
      </CUSTOM_FIELD_VIEW_ROW>
      <CUSTOM_FIELD_VIEW_ROW>
        <VIEW_NAME>IDENTITY_PAY_INFO_ALL</VIEW_NAME>
        <CF_VIEW_NAME>IDENTITY_PAY_INFO_ALL_CFV</CF_VIEW_NAME>
        <USED_DB>FALSE</USED_DB>
        <ROWKEY>49D1A7B2CEAC4D9D9FF9AC4119A56D0A</ROWKEY>
      </CUSTOM_FIELD_VIEW_ROW>
      <CUSTOM_FIELD_VIEW_ROW>
        <VIEW_NAME>IDENTITY_PAY_INFO_CUST</VIEW_NAME>
        <CF_VIEW_NAME>IDENTITY_PAY_INFO_CUST_CFV</CF_VIEW_NAME>
        <USED_DB>FALSE</USED_DB>
        <ROWKEY>D568F37818B94BB6808F5A267656BD27</ROWKEY>
      </CUSTOM_FIELD_VIEW_ROW>
      <CUSTOM_FIELD_VIEW_ROW>
        <VIEW_NAME>IDENTITY_PAY_INFO_CUST_NETTING</VIEW_NAME>
        <CF_VIEW_NAME>IDENTITY_PAY_INFO_43278788_CFV</CF_VIEW_NAME>
        <USED_DB>FALSE</USED_DB>
        <ROWKEY>8D72E35A675C464980EEC34347B9467F</ROWKEY>
      </CUSTOM_FIELD_VIEW_ROW>
      <CUSTOM_FIELD_VIEW_ROW>
        <VIEW_NAME>IDENTITY_PAY_INFO_CU_QRY</VIEW_NAME>
        <CF_VIEW_NAME>IDENTITY_PAY_INFO_CU_QRY_CFV</CF_VIEW_NAME>
        <USED_DB>FALSE</USED_DB>
        <ROWKEY>90EED6187B1641C3B7DC42A2952E266B</ROWKEY>
      </CUSTOM_FIELD_VIEW_ROW>
      <CUSTOM_FIELD_VIEW_ROW>
        <VIEW_NAME>IDENTITY_PAY_INFO_LOV</VIEW_NAME>
        <CF_VIEW_NAME>IDENTITY_PAY_INFO_LOV_CFV</CF_VIEW_NAME>
        <USED_DB>FALSE</USED_DB>
        <ROWKEY>1907069276214465BCF12C6A0A715C29</ROWKEY>
      </CUSTOM_FIELD_VIEW_ROW>
      <CUSTOM_FIELD_VIEW_ROW>
        <VIEW_NAME>IDENTITY_PAY_INFO_SUPP</VIEW_NAME>
        <CF_VIEW_NAME>IDENTITY_PAY_INFO_SUPP_CFV</CF_VIEW_NAME>
        <USED_DB>FALSE</USED_DB>
        <ROWKEY>2ACF8BB0D64D43CC9B8D4E70A0ACF4A6</ROWKEY>
      </CUSTOM_FIELD_VIEW_ROW>
      <CUSTOM_FIELD_VIEW_ROW>
        <VIEW_NAME>IDENTITY_PAY_INFO_SU_QRY</VIEW_NAME>
        <CF_VIEW_NAME>IDENTITY_PAY_INFO_SU_QRY_CFV</CF_VIEW_NAME>
        <USED_DB>FALSE</USED_DB>
        <ROWKEY>CB97A9599B8B4E24B5526F2D44B2BF7E</ROWKEY>
      </CUSTOM_FIELD_VIEW_ROW>
      <CUSTOM_FIELD_VIEW_ROW>
        <VIEW_NAME>MULTI_CUS_DETAILS_QRY</VIEW_NAME>
        <CF_VIEW_NAME>MULTI_CUS_DETAILS_QRY_CFV</CF_VIEW_NAME>
        <USED_DB>FALSE</USED_DB>
        <ROWKEY>DA452537E87C43069E4DCAE8AE0DADF2</ROWKEY>
      </CUSTOM_FIELD_VIEW_ROW>
      <CUSTOM_FIELD_VIEW_ROW>
        <VIEW_NAME>MULTI_SUP_ADDRESS_QRY</VIEW_NAME>
        <CF_VIEW_NAME>MULTI_SUP_ADDRESS_QRY_CFV</CF_VIEW_NAME>
        <USED_DB>FALSE</USED_DB>
        <ROWKEY>BC6BE253D1074D45BEFC904352019998</ROWKEY>
      </CUSTOM_FIELD_VIEW_ROW>
      <CUSTOM_FIELD_VIEW_ROW>
        <VIEW_NAME>MULTI_SUP_DETAILS_QRY</VIEW_NAME>
        <CF_VIEW_NAME>MULTI_SUP_DETAILS_QRY_CFV</CF_VIEW_NAME>
        <USED_DB>FALSE</USED_DB>
        <ROWKEY>A5B2F27F858D4AD290B0EF0F9B185B52</ROWKEY>
      </CUSTOM_FIELD_VIEW_ROW>
      <CUSTOM_FIELD_VIEW_ROW>
        <VIEW_NAME>OPEN_AMOUNT_INFO_SUPP_LOBBY</VIEW_NAME>
        <CF_VIEW_NAME>OPEN_AMOUNT_INFO1972159080_CFV</CF_VIEW_NAME>
        <USED_DB>FALSE</USED_DB>
        <ROWKEY>A5BB65384BD14E488CA3DBA088420069</ROWKEY>
      </CUSTOM_FIELD_VIEW_ROW>
      <CUSTOM_FIELD_VIEW_ROW>
        <VIEW_NAME>PAYER_INFO_QRY</VIEW_NAME>
        <CF_VIEW_NAME>PAYER_INFO_QRY_CFV</CF_VIEW_NAME>
        <USED_DB>FALSE</USED_DB>
        <ROWKEY>9DD69A21962F4AFC8A9DF8B9EACE4BD0</ROWKEY>
      </CUSTOM_FIELD_VIEW_ROW>
      <CUSTOM_FIELD_VIEW_ROW>
        <VIEW_NAME>PAYER_PAY_INFO_CUST</VIEW_NAME>
        <CF_VIEW_NAME>PAYER_PAY_INFO_CUST_CFV</CF_VIEW_NAME>
        <USED_DB>FALSE</USED_DB>
        <ROWKEY>8653E23596B04AB8A01BC0697B55C87C</ROWKEY>
      </CUSTOM_FIELD_VIEW_ROW>
    </CUSTOM_FIELD_VIEW>
  </CUSTOM_FIELD_VIEWS>
</CUSTOM_OBJECT>
