<?xml version="1.0"?>
<CUSTOM_OBJECT>
  <NAME>Views -Receipt Info</NAME>
  <TYPE>CF_VIEWS</TYPE>
  <DESCRIPTION>Custom Field Views of Logical Unit Receipt Info</DESCRIPTION>
  <CUSTOM_FIELD_VIEWS EXPORT_DEF_VERSION="1">
    <LU>ReceiptInfo</LU>
    <TABLE_NAME>RECEIPT_INFO_CFT</TABLE_NAME>
    <VIEW_NAME>RECEIPT_INFO_CFV</VIEW_NAME>
    <PACKAGE_NAME>RECEIPT_INFO_CFP</PACKAGE_NAME>
    <DEFINITION_MODIFIED_DATE>2021-06-09-09.57.32</DEFINITION_MODIFIED_DATE>
    <EXPORT_DATE>2021-08-13-04.16.38</EXPORT_DATE>
    <USED_DB>TRUE</USED_DB>
    <ROWKEY>F03BE0C28F22415F99E1B7309F2E6654</ROWKEY>
    <CUSTOM_FIELD_VIEW>
      <CUSTOM_FIELD_VIEW_ROW>
        <VIEW_NAME>RECEIPT_NON_INV_TRANS_HIST</VIEW_NAME>
        <CF_VIEW_NAME>RECEIPT_NON_INV_TRANS_HIST_CFV</CF_VIEW_NAME>
        <USED_DB>FALSE</USED_DB>
        <ROWKEY>ED7683ADB05C4F34893BB35B37C5329E</ROWKEY>
      </CUSTOM_FIELD_VIEW_ROW>
      <CUSTOM_FIELD_VIEW_ROW>
        <VIEW_NAME>RECEIPT_NON_INV_TRANS_HISTORY</VIEW_NAME>
        <CF_VIEW_NAME>RECEIPT_NON_INV_2884665564_CFV</CF_VIEW_NAME>
        <USED_DB>FALSE</USED_DB>
        <ROWKEY>81D49AF38FD845A1ABCB024D86DC6663</ROWKEY>
      </CUSTOM_FIELD_VIEW_ROW>
      <CUSTOM_FIELD_VIEW_ROW>
        <VIEW_NAME>RECEIPT_REFERENCE</VIEW_NAME>
        <CF_VIEW_NAME>RECEIPT_REFERENCE_CFV</CF_VIEW_NAME>
        <USED_DB>TRUE</USED_DB>
        <ROWKEY>52CF055BF84F4378A866B936382476B7</ROWKEY>
      </CUSTOM_FIELD_VIEW_ROW>
      <CUSTOM_FIELD_VIEW_ROW>
        <VIEW_NAME>RECEIPT_REFERENCE_INV_PART</VIEW_NAME>
        <CF_VIEW_NAME>RECEIPT_REFERENCE_INV_PART_CFV</CF_VIEW_NAME>
        <USED_DB>FALSE</USED_DB>
        <ROWKEY>CEDDD8605F114EAF893A6F26FE1DDAB7</ROWKEY>
      </CUSTOM_FIELD_VIEW_ROW>
      <CUSTOM_FIELD_VIEW_ROW>
        <VIEW_NAME>RECEIVABLE_OBJECT_INFO</VIEW_NAME>
        <CF_VIEW_NAME>RECEIVABLE_OBJECT_INFO_CFV</CF_VIEW_NAME>
        <USED_DB>FALSE</USED_DB>
        <ROWKEY>FA6D8B37C8724F9CAD4D140A03FF446A</ROWKEY>
      </CUSTOM_FIELD_VIEW_ROW>
    </CUSTOM_FIELD_VIEW>
  </CUSTOM_FIELD_VIEWS>
</CUSTOM_OBJECT>
