<?xml version="1.0"?>
<CUSTOM_OBJECT>
  <NAME>CIS_REMINDER</NAME>
  <TYPE>CUSTOM_EVENT</TYPE>
  <DESCRIPTION>C0606.</DESCRIPTION>
  <CUSTOM_EVENT EXPORT_DEF_VERSION="1">
    <EVENT_LU_NAME>ManSuppInvoice</EVENT_LU_NAME>
    <EVENT_ID>CIS_REMINDER</EVENT_ID>
    <EVENT_DESCRIPTION>C0606.</EVENT_DESCRIPTION>
    <EVENT_ENABLE>TRUE</EVENT_ENABLE>
    <EVENT_TABLE_NAME>INVOICE_TAB</EVENT_TABLE_NAME>
    <MODIFIED_ATTRIBUTES/>
    <EVENT_TYPE_DB>CUSTOM</EVENT_TYPE_DB>
    <NEW_ROW_DB>TRUE</NEW_ROW_DB>
    <MODIFY_ROW_DB>FALSE</MODIFY_ROW_DB>
    <REMOVE_ROW_DB>FALSE</REMOVE_ROW_DB>
    <EVENT_TRIGGER_TYPE_DB>BEFORE</EVENT_TRIGGER_TYPE_DB>
    <DEFINITION_MODIFIED_DATE>2021-05-11-06.43.52</DEFINITION_MODIFIED_DATE>
    <OBJKEY>8A242944685444DD9074658B8F675216</OBJKEY>
    <EVENT_PARAMETERS>
      <EVENT_PARAMETERS_ROW>
        <ID>IDENTITY</ID>
        <ID_TYPE>STRING</ID_TYPE>
        <PLSQL_METHOD/>
        <CURRENT_VALUE_DB>FALSE</CURRENT_VALUE_DB>
        <NEW_VALUE_DB>TRUE</NEW_VALUE_DB>
      </EVENT_PARAMETERS_ROW>
    </EVENT_PARAMETERS>
  </CUSTOM_EVENT>
</CUSTOM_OBJECT>
