<?xml version="1.0"?>
<CUSTOM_OBJECT>
  <NAME>Project//Financial Project...</NAME>
  <TYPE>CUSTOM_MENU</TYPE>
  <DESCRIPTION>EA - C0528</DESCRIPTION>
  <CUSTOM_MENU EXPORT_DEF_VERSION="1">
    <MENU_ID>197278</MENU_ID>
    <DESCRIPTION>EA - C0528</DESCRIPTION>
    <WINDOW>frmSalesContract_Ext</WINDOW>
    <PROCESS>NONE</PROCESS>
    <ORDERING>4</ORDERING>
    <PARAMETER>frmTabProjAcc</PARAMETER>
    <CUSTOM_MENU_TYPE_DB>2</CUSTOM_MENU_TYPE_DB>
    <BUNDLE_EXECUTION_DB>FALSE</BUNDLE_EXECUTION_DB>
    <PO_ID>frmTabProjAcc</PO_ID>
    <ENABLED_WHEN/>
    <REFRESH_UI>FALSE</REFRESH_UI>
    <EXPORT_DATE>2021-07-30-05.20.25</EXPORT_DATE>
    <DEFINITION_MODIFIED_DATE>2021-07-09-09.15.16</DEFINITION_MODIFIED_DATE>
    <OBJVERSION>20210718145645</OBJVERSION>
    <OBJKEY>6A67DD802DF2448D854B500FAF3DE657</OBJKEY>
    <TEXTS>
      <TEXTS_ROW>
        <LANGUAGE_CODE>en</LANGUAGE_CODE>
        <TITLE>Project//Financial Project...</TITLE>
        <OBJKEY>877472F8B2164BE0942EF170A225E700</OBJKEY>
      </TEXTS_ROW>
      <TEXTS_ROW>
        <LANGUAGE_CODE>gb</LANGUAGE_CODE>
        <TITLE>Project//Financial Project...</TITLE>
        <OBJKEY>03278B89598744E2A156F89B9F6B4AB9</OBJKEY>
      </TEXTS_ROW>
    </TEXTS>
    <KEY_TRANSLATIONS>
      <KEY_TRANSLATIONS_ROW>
        <ID>1</ID>
        <SOURCE_KEY_NAME>COMPANY</SOURCE_KEY_NAME>
        <DEST_KEY_NAME>COMPANY</DEST_KEY_NAME>
        <OBJKEY>892306718BBA47D1882615005EA7BD8B</OBJKEY>
      </KEY_TRANSLATIONS_ROW>
      <KEY_TRANSLATIONS_ROW>
        <ID>2</ID>
        <SOURCE_KEY_NAME>CONTRACT_NO</SOURCE_KEY_NAME>
        <DEST_KEY_NAME>PROJECT_ID</DEST_KEY_NAME>
        <OBJKEY>4BDFA88638A54B9CAE95BAEEA6DD5867</OBJKEY>
      </KEY_TRANSLATIONS_ROW>
    </KEY_TRANSLATIONS>
    <EXPANDABLE_PARAMETERS>
  </EXPANDABLE_PARAMETERS>
  </CUSTOM_MENU>
</CUSTOM_OBJECT>
