<?xml version="1.0"?>
<CUSTOM_OBJECT>
  <NAME>Financial Project</NAME>
  <TYPE>CUSTOM_MENU</TYPE>
  <DESCRIPTION>EA - C0527</DESCRIPTION>
  <CUSTOM_MENU EXPORT_DEF_VERSION="1">
    <MENU_ID>34940</MENU_ID>
    <DESCRIPTION>EA - C0527</DESCRIPTION>
    <WINDOW>frmProjectDetailInfo</WINDOW>
    <PROCESS>NONE</PROCESS>
    <ORDERING>11</ORDERING>
    <PARAMETER>frmTabProjAcc</PARAMETER>
    <CUSTOM_MENU_TYPE_DB>2</CUSTOM_MENU_TYPE_DB>
    <BUNDLE_EXECUTION_DB>FALSE</BUNDLE_EXECUTION_DB>
    <PO_ID>frmTabProjAcc</PO_ID>
    <ENABLED_WHEN/>
    <REFRESH_UI>FALSE</REFRESH_UI>
    <EXPORT_DATE>2021-07-29-06.09.17</EXPORT_DATE>
    <DEFINITION_MODIFIED_DATE>2021-05-24-09.30.28</DEFINITION_MODIFIED_DATE>
    <OBJVERSION>20210524093028</OBJVERSION>
    <OBJKEY>D63EC277DF4D461A858877F73F97C0BC</OBJKEY>
    <TEXTS>
      <TEXTS_ROW>
        <LANGUAGE_CODE>en</LANGUAGE_CODE>
        <TITLE>Financial Project</TITLE>
        <OBJKEY>A95B1F85E7F74AC98D646CAADC2D2519</OBJKEY>
      </TEXTS_ROW>
      <TEXTS_ROW>
        <LANGUAGE_CODE>gb</LANGUAGE_CODE>
        <TITLE>Financial Project</TITLE>
        <OBJKEY>E7FAE19F656A4B2C881D47CBC45B2A18</OBJKEY>
      </TEXTS_ROW>
    </TEXTS>
    <KEY_TRANSLATIONS>
      <KEY_TRANSLATIONS_ROW>
        <ID>1</ID>
        <SOURCE_KEY_NAME>PROJECT_ID</SOURCE_KEY_NAME>
        <DEST_KEY_NAME>PROJECT_ID</DEST_KEY_NAME>
        <OBJKEY>920DC123177A4B8C937CAD4A1DE66B87</OBJKEY>
      </KEY_TRANSLATIONS_ROW>
    </KEY_TRANSLATIONS>
    <EXPANDABLE_PARAMETERS>
  </EXPANDABLE_PARAMETERS>
  </CUSTOM_MENU>
</CUSTOM_OBJECT>
