<?xml version="1.0"?>
<CUSTOM_OBJECT>
  <NAME>INVOICE_HEADER_NOTE_DATE2</NAME>
  <TYPE>CUSTOM_EVENT</TYPE>
  <DESCRIPTION>EA - C0392
This event updates the &quot;Follow Up Date&quot; of invoice header notes depending on the selected &quot;Query Note&quot;</DESCRIPTION>
  <CUSTOM_EVENT EXPORT_DEF_VERSION="1">
    <EVENT_LU_NAME>InvoiceHeaderNotes</EVENT_LU_NAME>
    <EVENT_ID>INVOICE_HEADER_NOTE_DATE2</EVENT_ID>
    <EVENT_DESCRIPTION>EA - C0392
This event updates the &quot;Follow Up Date&quot; of invoice header notes depending on the selected &quot;Query Note&quot;</EVENT_DESCRIPTION>
    <EVENT_ENABLE>TRUE</EVENT_ENABLE>
    <EVENT_TABLE_NAME>INVOICE_HEADER_NOTES_CFT</EVENT_TABLE_NAME>
    <MODIFIED_ATTRIBUTES>CF$_QUERY_ID</MODIFIED_ATTRIBUTES>
    <EVENT_TYPE_DB>CUSTOM</EVENT_TYPE_DB>
    <NEW_ROW_DB>TRUE</NEW_ROW_DB>
    <MODIFY_ROW_DB>TRUE</MODIFY_ROW_DB>
    <REMOVE_ROW_DB>FALSE</REMOVE_ROW_DB>
    <EVENT_TRIGGER_TYPE_DB>AFTER</EVENT_TRIGGER_TYPE_DB>
    <DEFINITION_MODIFIED_DATE>2021-08-04-17.54.12</DEFINITION_MODIFIED_DATE>
    <OBJKEY>399C4C8C72A140038BB24E2E6F079313</OBJKEY>
    <EVENT_PARAMETERS>
      <EVENT_PARAMETERS_ROW>
        <ID>CF$_QUERY_ID</ID>
        <ID_TYPE>STRING</ID_TYPE>
        <PLSQL_METHOD/>
        <CURRENT_VALUE_DB>FALSE</CURRENT_VALUE_DB>
        <NEW_VALUE_DB>TRUE</NEW_VALUE_DB>
      </EVENT_PARAMETERS_ROW>
      <EVENT_PARAMETERS_ROW>
        <ID>ROWKEY</ID>
        <ID_TYPE>STRING</ID_TYPE>
        <PLSQL_METHOD/>
        <CURRENT_VALUE_DB>FALSE</CURRENT_VALUE_DB>
        <NEW_VALUE_DB>TRUE</NEW_VALUE_DB>
      </EVENT_PARAMETERS_ROW>
    </EVENT_PARAMETERS>
  </CUSTOM_EVENT>
</CUSTOM_OBJECT>
