<?xml version="1.0"?>
<CUSTOM_OBJECT>
  <NAME>11^PDF_REPORT_CREATED^PrintJob</NAME>
  <TYPE>CUSTOM_EVENT_ACTION</TYPE>
  <DESCRIPTION>C0556-ENTJASMIP</DESCRIPTION>
  <CUSTOM_EVENT_ACTION EXPORT_DEF_VERSION="2">
    <EVENT_LU_NAME>PrintJob</EVENT_LU_NAME>
    <EVENT_ID>PDF_REPORT_CREATED</EVENT_ID>
    <ACTION_NUMBER>11</ACTION_NUMBER>
    <ACTION_ENABLE>TRUE</ACTION_ENABLE>
    <ACTION_PARAMETERS>!FNDSER.EVENT_ACTION_PARAM
$TO=&amp;PDF_PARAMETER_1
$CC=
$BCC=
$FROM=
$SUBJECT=PDF file for Payment Advice report for result key &amp;RESULT_KEY is ready
$SENDER=MAIL_SENDER1
$MESSAGE=The archieved PDF file for Payment Advice report is ready and is attached in this mail.
$ATTACH=!ATTACHMENTS
-$ATTACHMENT=!FILE
--$FILENAME=&amp;PDF_FILE
--$DESCRIPTION=&amp;PDF_FILE
</ACTION_PARAMETERS>
    <FND_EVENT_ACTION_TYPE_DB>MAIL</FND_EVENT_ACTION_TYPE_DB>
    <CONDITION_TYPE>!EVENT_ACTION_COND_TYPE
$EVENT_DATETIME=
$LANGUAGE_CODE=
$LAYOUT_NAME=
$MAIL_SUBJECT=
$MAIL_TEXT=
$NOTES=
$PDF_FILE=
$PDF_FILE_NAME=
$PDF_FILE_SENT_TO=
$PDF_PARAMETER_1=
$PDF_PARAMETER_10=
$PDF_PARAMETER_11=
$PDF_PARAMETER_12=
$PDF_PARAMETER_13=
$PDF_PARAMETER_14=
$PDF_PARAMETER_15=
$PDF_PARAMETER_2=
$PDF_PARAMETER_3=
$PDF_PARAMETER_4=
$PDF_PARAMETER_5=
$PDF_PARAMETER_6=
$PDF_PARAMETER_7=
$PDF_PARAMETER_8=
$PDF_PARAMETER_9=
$PRINTER_ID=
$PRINT_JOB_ID=
$REPLY_TO_USER=
$REPORT_ID==
$REPORT_PARAMETERS=
$REPORT_TITLE=
$REPORT_TITLE_TRANS=
$REPORT_VARIABLES=
$RESULT_KEY=
$STATUS=
$USER_DESCRIPTION=
$USER_IDENTITY=
$USER_MAIL_ADDRESS=
$USER_MOBILE_PHONE=
</CONDITION_TYPE>
    <CONDITION_VALUE>!EVENT_ACTION_COND_VALUE
$EVENT_DATETIME=
$LANGUAGE_CODE=
$LAYOUT_NAME=
$MAIL_SUBJECT=
$MAIL_TEXT=
$NOTES=
$PDF_FILE=
$PDF_FILE_NAME=
$PDF_FILE_SENT_TO=
$PDF_PARAMETER_1=
$PDF_PARAMETER_10=
$PDF_PARAMETER_11=
$PDF_PARAMETER_12=
$PDF_PARAMETER_13=
$PDF_PARAMETER_14=
$PDF_PARAMETER_15=
$PDF_PARAMETER_2=
$PDF_PARAMETER_3=
$PDF_PARAMETER_4=
$PDF_PARAMETER_5=
$PDF_PARAMETER_6=
$PDF_PARAMETER_7=
$PDF_PARAMETER_8=
$PDF_PARAMETER_9=
$PRINTER_ID=
$PRINT_JOB_ID=
$REPLY_TO_USER=
$REPORT_ID=UNIFORM_PAYMENT_ADVICE_REP
$REPORT_PARAMETERS=
$REPORT_TITLE=
$REPORT_TITLE_TRANS=
$REPORT_VARIABLES=
$RESULT_KEY=
$STATUS=
$USER_DESCRIPTION=
$USER_IDENTITY=
$USER_MAIL_ADDRESS=
$USER_MOBILE_PHONE=
</CONDITION_VALUE>
    <DESCRIPTION>C0556-ENTJASMIP</DESCRIPTION>
    <SUBSCRIBABLE>FALSE</SUBSCRIBABLE>
    <SYSTEM_DEFINED>FALSE</SYSTEM_DEFINED>
    <ROLE/>
    <DEFINITION_MODIFIED_DATE>2021-07-28-13.05.11</DEFINITION_MODIFIED_DATE>
    <OBJKEY>47A50E267ADD4CC7A71BBBA5AA4F1701</OBJKEY>
  </CUSTOM_EVENT_ACTION>
</CUSTOM_OBJECT>
