﻿<Counter>
  <Author>IFS RnD</Author>
  <LastModified>2020-03-23-12.35.54</LastModified>
  <Locked>true</Locked>
  <Title>MAINTENANCE TRANSACTIONS</Title>
  <Footer>erroneous postings</Footer>
  <BackgroundOpacity>0.8</BackgroundOpacity>
  <Name>FI Erroneous Maintenance Posting</Name>
  <ID>7c216748-39bc-48d3-bbed-686b0117b4d5</ID>
  <CustomUrl>ifsapf:tbwJtTaskPostingAnalysis?COMPANY=$COMPANY$</CustomUrl>
  <FormMappings />
  <DataSourceId>f4f86478-77ec-43d6-9804-2fe01d713282</DataSourceId>
  <ColumnMapping>
    <MappedColumns>
      <MappedColumn>
        <Column>COUNT(transaction_id)</Column>
        <ConditionalFormats />
      </MappedColumn>
    </MappedColumns>
  </ColumnMapping>
</Counter>