﻿<SQLDataSource>
  <Author>IFS RnD</Author>
  <LastModified>2015-08-24-11.18.46</LastModified>
  <Locked>true</Locked>
  <Name>FI Manual Vouchers to Approve</Name>
  <ID>fc91fdaf-f65c-4cee-910f-080b0b2a1b74</ID>
  <Select>
    <DataColumn>
      <Column>COUNT(voucher_no)</Column>
      <Name>Voucher No</Name>
      <DataType>Number</DataType>
    </DataColumn>
  </Select>
  <Where>company = '$COMPANY$' AND objstate IN ('Waiting', 'AwaitingApproval')</Where>
  <View>VOUCHER_APPROVAL</View>
</SQLDataSource>