﻿<?xml version="1.0" encoding="UTF-8"?>
<Page xmlns:xsi="http://www.w3.org/2001/XMLSchema-instance" xmlns:xsd="http://www.w3.org/2001/XMLSchema">
  <Author>IFS RnD</Author>
  <LastModified>2021-04-15-10.09.48</LastModified>
  <Locked>true</Locked>
  <Layout>
    <Groups>
      <Group>
        <Elements>
          <Element id="e6c8619b-eb0d-4225-8945-10b9ba865a4b" column="0" row="0" columnspan="1" rowspan="1" />
          <Element id="5e68ff14-8e65-4a8a-b6d8-73e81b8520c5" column="1" row="0" columnspan="1" rowspan="1" />
        </Elements>
      </Group>
      <Group>
        <Elements>
          <Element id="5c51b48b-3c4f-42a0-b608-5c9dcc533995" column="0" row="0" columnspan="1" rowspan="1" />
          <Element id="ce10a53b-c02f-4f57-82e4-bab9b1081d03" column="1" row="0" columnspan="1" rowspan="1" />
        </Elements>
      </Group>
      <Group>
        <Elements>
          <Element id="cd42cf8c-9adb-4092-8d70-7cb38506cc1e" column="0" row="0" columnspan="1" rowspan="1" />
          <Element id="f826fe62-4760-416d-a3bd-337a7510a6ff" column="1" row="0" columnspan="1" rowspan="1" />
        </Elements>
      </Group>
      <Group>
        <Elements>
          <Element id="b0f5be4c-2af4-4f32-95a8-7a5d0b888662" column="0" row="0" columnspan="1" rowspan="1" />
          <Element id="86c997f4-7e66-48ab-a896-dce6cfa17baf" column="1" row="0" columnspan="1" rowspan="1" />
        </Elements>
      </Group>
      <Group>
        <Elements>
          <Element id="7c216748-39bc-48d3-bbed-686b0117b4d5" column="0" row="0" columnspan="1" rowspan="1" />
          <Element id="663e605a-1fc3-4f96-95bf-c6ca60f2bce6" column="1" row="0" columnspan="1" rowspan="1" />
        </Elements>
      </Group>
      <Group>
        <Elements>
          <Element id="ded84572-a020-4a2c-9d17-32eceed13534" column="0" row="0" columnspan="4" rowspan="2" />
        </Elements>
      </Group>
      <Group>
        <Elements>
          <Element id="b7798a07-eca8-457a-ba69-8aca00ade620" column="0" row="0" columnspan="2" rowspan="1" />
          <Element id="b5413f16-466b-4b9a-a3ea-1c77d04c8b5a" column="2" row="0" columnspan="2" rowspan="1" />
        </Elements>
      </Group>
      <Group>
        <Elements>
          <Element id="3def07a1-4b48-48ac-be6a-ee11e2e54884" column="0" row="0" columnspan="4" rowspan="1" />
        </Elements>
      </Group>
      <Group>
        <Elements>
          <Element id="7fed0368-1910-44f8-9ebd-e9da42c95f27" column="0" row="0" columnspan="4" rowspan="1" />
        </Elements>
      </Group>
      <Group>
        <Elements />
        <IsSeparator>true</IsSeparator>
      </Group>
      <Group>
        <Elements>
          <Element id="67115b94-dc8f-4470-a670-02f4dfe6a3ec" column="2" row="0" columnspan="2" rowspan="1" />
          <Element id="94c91fc6-6418-40e7-b429-50406cb3cae1" column="2" row="1" columnspan="2" rowspan="1" />
          <Element id="433eb7f3-4e21-423a-9e9d-d26b10351154" column="0" row="0" columnspan="2" rowspan="2" />
        </Elements>
      </Group>
      <Group>
        <Elements>
          <Element id="1e4e5305-70e7-4527-a298-187679f96579" column="2" row="0" columnspan="1" rowspan="1" />
          <Element id="38a2cf79-ae64-4da8-9de0-1d3c83d589d1" column="3" row="0" columnspan="1" rowspan="1" />
          <Element id="0f7126ad-224d-42dd-980c-17d3023fd211" column="0" row="0" columnspan="2" rowspan="1" />
        </Elements>
      </Group>
      <Group>
        <Elements>
          <Element id="ab193803-ac01-4d70-873a-2e168fdb1970" column="2" row="0" columnspan="2" rowspan="1" />
          <Element id="5eaa69b1-68c3-40f7-a736-8abaa210bad4" column="0" row="0" columnspan="2" rowspan="1" />
        </Elements>
      </Group>
      <Group>
        <Elements>
          <Element id="44656795-300a-4569-82c0-f67ca93dc6bd" column="0" row="0" columnspan="2" rowspan="1" />
          <Element id="bf96670a-f125-458b-b4dc-ce6fbf25dad5" column="2" row="0" columnspan="1" rowspan="1" />
          <Element id="cc3453be-1c92-4144-b00d-85823f63453b" column="3" row="0" columnspan="1" rowspan="1" />
        </Elements>
      </Group>
    </Groups>
  </Layout>
  <DataSources>
    <DataSource id="9c08e98e-b657-4524-a80e-c0b1465e7429" />
    <DataSource id="2d188028-c998-4b5d-a9e1-ced82552f7fd" />
    <DataSource id="8ab8891d-0cea-47c7-b99f-4401ceb823a4" />
    <DataSource id="bb6afe1a-711f-4ba4-a395-a8ae63d1b416" />
    <DataSource id="fc91fdaf-f65c-4cee-910f-080b0b2a1b74" />
    <DataSource id="01ad632f-cb7a-47a8-996a-7d076a27df45" />
    <DataSource id="3c5ddc06-1533-43fa-ae0f-9fe86a791452" />
    <DataSource id="9abe7a39-91b3-4d8d-8c18-5d3ffa7bce6e" />
    <DataSource id="45227b55-f7c9-4d55-b9d6-365bcb187d04" />
    <DataSource id="f4f86478-77ec-43d6-9804-2fe01d713282" />
    <DataSource id="368586d1-eaad-4ae4-8eb4-fd41f247c2c4" />
    <DataSource id="2146fc74-300c-4103-a8bf-68a4640466c8" />
    <DataSource id="b388cbfe-0a98-4194-9658-5b9c7024bb0a" />
    <DataSource id="ff43b258-fa0d-4df2-bee1-3d8436bc5f4a" />
    <DataSource id="65b862b4-bc8e-4269-be44-2b04fbcbd16f" />
    <DataSource id="7b07d7a5-6bd4-42ca-89df-5f62fe32207c" />
    <DataSource id="e12787df-65bc-414c-b8a7-a4ae7d3b2c4a" />
    <DataSource id="e8590239-bde5-4990-9eaf-704d13d5c86a" />
    <DataSource id="e7b7fbbd-5378-4626-8d09-0490b7959c7f" />
    <DataSource id="582b2027-03c6-4f68-8790-177726604ae7" />
    <DataSource id="e8e5a0e5-c04d-4622-8606-7d1774fec8c7" />
  </DataSources>
  <Parameters>
    <Parameter>
      <Name>COMPANY</Name>
      <Description>Company</Description>
      <DefaultValue>#DEFAULT_COMPANY#</DefaultValue>
    </Parameter>
    <Parameter>
      <Name>CASH_FLOW_ANALYSIS_ID</Name>
      <Description>Cash Flow Analysis Id</Description>
    </Parameter>
    <Parameter>
      <Name>PROGRAM_ID</Name>
      <Description>Program ID</Description>
    </Parameter>
  </Parameters>
  <Filters />
  <PageTitle>Tunstall Financial Accounts Lobby #TODAY#</PageTitle>
  <PageId>459f5bd9-f0c8-464e-a4a8-e4749be369fa</PageId>
  <Foreground>#FF4B4A4D</Foreground>
  <Image>pack://application:,,,/Ifs.Fnd.CompositePageRenderer;component/Images/Page/page_backdrop_02.jpg</Image>
  <Translations />
</Page>