﻿<Counter>
  <Author>IFS RnD</Author>
  <LastModified>2015-08-24-11.06.45</LastModified>
  <Locked>true</Locked>
  <Title>INVENTORY TRANSACTIONS</Title>
  <Footer>erroneous postings</Footer>
  <BackgroundOpacity>0.8</BackgroundOpacity>
  <Name>FI Erroneous Inventory Transactions</Name>
  <ID>b0f5be4c-2af4-4f32-95a8-7a5d0b888662</ID>
  <CustomUrl>ifsapf:tbwGenInvtran?COMPANY=$COMPANY$</CustomUrl>
  <FormMappings />
  <DataSourceId>2146fc74-300c-4103-a8bf-68a4640466c8</DataSourceId>
  <ColumnMapping>
    <MappedColumns>
      <MappedColumn>
        <Column>COUNT(1)</Column>
        <ConditionalFormats />
      </MappedColumn>
    </MappedColumns>
  </ColumnMapping>
  <UseThousandSeparator>true</UseThousandSeparator>
</Counter>