﻿<List>
  <Author>IFS RnD</Author>
  <LastModified>2015-08-24-10.56.00</LastModified>
  <Locked>true</Locked>
  <ColumnSpan>2</ColumnSpan>
  <Title>ADD INVESTMENT IN PROGRESS</Title>
  <Background>#FFFFFFFF</Background>
  <BackgroundOpacity>0.8</BackgroundOpacity>
  <Foreground>#FF4B4A4D</Foreground>
  <Name>FI Add Investment - Progress</Name>
  <ID>b5413f16-466b-4b9a-a3ea-1c77d04c8b5a</ID>
  <CustomUrl>ifsapf:tbwAddInvestmentDetails?COMPANY=$COMPANY$</CustomUrl>
  <FormMappings />
  <DataSourceId>2d188028-c998-4b5d-a9e1-ced82552f7fd</DataSourceId>
  <ColumnMapping>
    <MappedColumns>
      <MappedColumn>
        <Column>object_id</Column>
        <Name>Object ID</Name>
        <DisplayName>Object ID</DisplayName>
        <IsNavigateParam>false</IsNavigateParam>
        <NavigateTarget>object_id</NavigateTarget>
        <ConditionalFormats />
      </MappedColumn>
      <MappedColumn>
        <Column>SUM(amount)</Column>
        <Name>Add Investment Amount</Name>
        <DisplayName>Amount</DisplayName>
        <IsNavigateParam>false</IsNavigateParam>
        <NavigateTarget>SUM(amount)</NavigateTarget>
        <ConditionalFormats />
      </MappedColumn>
    </MappedColumns>
    <ShowColumnHeaders>true</ShowColumnHeaders>
  </ColumnMapping>
</List>