﻿<Counter>
  <Author>IFS RnD</Author>
  <CopiedFrom>5c51b48b-3c4f-42a0-b608-5c9dcc533995</CopiedFrom>
  <LastModified>2015-08-24-11.11.37</LastModified>
  <Locked>true</Locked>
  <Title>Q VOUCHERS TO UPDATE</Title>
  <BackgroundOpacity>0.8</BackgroundOpacity>
  <Name>FI Not Updated Q Vouchers</Name>
  <ID>ce10a53b-c02f-4f57-82e4-bab9b1081d03</ID>
  <CustomUrl>ifsapf:tbwQueryVoucher?COMPANY=$COMPANY$</CustomUrl>
  <FormMappings />
  <DataSourceId>3c5ddc06-1533-43fa-ae0f-9fe86a791452</DataSourceId>
  <ColumnMapping>
    <MappedColumns>
      <MappedColumn>
        <Column>COUNT(voucher_no)</Column>
        <ConditionalFormats />
      </MappedColumn>
    </MappedColumns>
  </ColumnMapping>
</Counter>