﻿<Counter>
  <Author>IFS RnD</Author>
  <LastModified>2015-08-24-11.05.42</LastModified>
  <Locked>true</Locked>
  <Title>DISTRIBUTION &amp; MANUFACTURING TRANSACTIONS</Title>
  <Footer>erroneous postings</Footer>
  <BackgroundOpacity>0.8</BackgroundOpacity>
  <Name>FI Erroneous Distribution and Manufacturing Posting</Name>
  <ID>86c997f4-7e66-48ab-a896-dce6cfa17baf</ID>
  <CustomUrl>ifsapf:tbwAccounting?COMPANY=$COMPANY$</CustomUrl>
  <FormMappings />
  <DataSourceId>45227b55-f7c9-4d55-b9d6-365bcb187d04</DataSourceId>
  <ColumnMapping>
    <MappedColumns>
      <MappedColumn>
        <Column>COUNT(accounting_id)</Column>
        <ConditionalFormats />
      </MappedColumn>
    </MappedColumns>
  </ColumnMapping>
</Counter>