﻿<Text>
  <Author>IFS RnD</Author>
  <LastModified>2015-08-24-10.59.57</LastModified>
  <Locked>true</Locked>
  <Title>ACCOUNTS RECEIVABLE LOBBY</Title>
  <BackgroundOpacity>0.8</BackgroundOpacity>
  <Name>FI Link to Accounts Receivable Lobby</Name>
  <ID>bf96670a-f125-458b-b4dc-ce6fbf25dad5</ID>
  <CustomUrl>ifswin:Ifs.Fnd.CompositePageRenderer.PageContainer?page_id=22b26ac7-63f5-499c-a8ab-2655acbe78b1</CustomUrl>
  <FormMappings />
  <BodyText>

View...



   </BodyText>
  <FontSize>13</FontSize>
  <HorizontalAlignment>Center</HorizontalAlignment>
</Text>