﻿<Text>
  <Author>IFS RnD</Author>
  <CopiedFrom>3e093651-abc1-447a-84f9-507a3d3511a6</CopiedFrom>
  <Keywords>regulatory reporting, general accounting</Keywords>
  <DescriptiveText>This is a manually entered text element</DescriptiveText>
  <LastModified>2015-08-24-11.00.16</LastModified>
  <Locked>true</Locked>
  <ColumnSpan>2</ColumnSpan>
  <Title>REPORTING</Title>
  <BackgroundOpacity>0.8</BackgroundOpacity>
  <ImageOpacity>0.1</ImageOpacity>
  <Name>FI Regulatory Reporting, GA</Name>
  <ID>ab193803-ac01-4d70-873a-2e168fdb1970</ID>
  <FormMappings />
  <BodyText>
Payment Booking, 29th May       
Period Close, 03rd June 
Tax Claim, 10th June   </BodyText>
  <FontSize>13</FontSize>
</Text>