﻿<SQLDataSource>
  <Author>IFS RnD</Author>
  <CopiedFrom>1cb67209-502f-4ce9-a378-c5e8a6a24cc6</CopiedFrom>
  <LastModified>2015-08-24-11.14.41</LastModified>
  <Locked>true</Locked>
  <Name>FI All Transactions Waiting to be Transferred Distribution/Manufactoring</Name>
  <ID>e8590239-bde5-4990-9eaf-704d13d5c86a</ID>
  <Select>
    <DataColumn>
      <Column>ext_trans_type</Column>
      <Name>Type</Name>
    </DataColumn>
    <DataColumn>
      <Column>&amp;AO.Acc_Period_Close_Util_API.Get_Not_Transferred_Count_('$COMPANY$', ext_trans_type_db)</Column>
      <Name>Count</Name>
      <DataType>Number</DataType>
    </DataColumn>
  </Select>
  <Where />
  <View>ACC_PER_EXT_TRANS_TYPE_LOBBY</View>
  <OrderBy />
</SQLDataSource>