﻿<Counter>
  <Author>IFS RnD</Author>
  <LastModified>2015-08-24-10.57.17</LastModified>
  <Locked>true</Locked>
  <Title>VOUCHERS TO UPDATE</Title>
  <BackgroundOpacity>0.8</BackgroundOpacity>
  <Name>FI Not Updated Vouchers - All</Name>
  <ID>5c51b48b-3c4f-42a0-b608-5c9dcc533995</ID>
  <CustomUrl>ifsapf:tbwQueryVoucher?COMPANY=$COMPANY$</CustomUrl>
  <FormMappings />
  <DataSourceId>8ab8891d-0cea-47c7-b99f-4401ceb823a4</DataSourceId>
  <ColumnMapping>
    <MappedColumns>
      <MappedColumn>
        <Column>COUNT(voucher_no)</Column>
        <ConditionalFormats />
      </MappedColumn>
    </MappedColumns>
  </ColumnMapping>
</Counter>