﻿<List>
  <Author>IFS RnD</Author>
  <LastModified>2015-08-24-11.02.33</LastModified>
  <Locked>true</Locked>
  <ColumnSpan>2</ColumnSpan>
  <Title>DEPRECIATION PROPOSALS</Title>
  <Background>#FFFFFFFF</Background>
  <BackgroundOpacity>0.8</BackgroundOpacity>
  <Foreground>#FF4B4A4D</Foreground>
  <Name>FI Depreciation Proposals - Created, Authorized</Name>
  <ID>b7798a07-eca8-457a-ba69-8aca00ade620</ID>
  <CustomUrl>ifsapf:frmDeprProposalDetail?COMPANY=$COMPANY$</CustomUrl>
  <FormMappings />
  <DataSourceId>9c08e98e-b657-4524-a80e-c0b1465e7429</DataSourceId>
  <ColumnMapping>
    <MappedColumns>
      <MappedColumn>
        <Column>proposal_id</Column>
        <Name>Proposal ID</Name>
        <DisplayName>Proposal ID</DisplayName>
        <NavigateTarget>proposal_id</NavigateTarget>
        <ConditionalFormats />
      </MappedColumn>
      <MappedColumn>
        <Column>state</Column>
        <Name>State</Name>
        <DisplayName>Status</DisplayName>
        <Width>15</Width>
        <IsNavigateParam>false</IsNavigateParam>
        <NavigateTarget>state</NavigateTarget>
        <ConditionalFormats />
      </MappedColumn>
      <MappedColumn>
        <Column>creation_date</Column>
        <Name>Creation Date</Name>
        <DisplayName>Creation Date</DisplayName>
        <IsNavigateParam>false</IsNavigateParam>
        <NavigateTarget>creation_date</NavigateTarget>
        <ConditionalFormats />
      </MappedColumn>
    </MappedColumns>
    <ShowColumnHeaders>true</ShowColumnHeaders>
  </ColumnMapping>
</List>