﻿<SQLDataSource>
  <Author>IFS RnD</Author>
  <LastModified>2015-08-24-11.21.34</LastModified>
  <Locked>true</Locked>
  <Name>FI Vouchers with Errors - All</Name>
  <ID>bb6afe1a-711f-4ba4-a395-a8ae63d1b416</ID>
  <Select>
    <DataColumn>
      <Column>COUNT(voucher_no)</Column>
      <Name>Count</Name>
      <DataType>Number</DataType>
    </DataColumn>
  </Select>
  <Where>company = '$COMPANY$' AND objstate = 'Error' AND voucher_updated_db ='N'</Where>
  <View>VOUCHER</View>
</SQLDataSource>