﻿<List>
  <Author>IFS RnD</Author>
  <CopiedFrom>3def07a1-4b48-48ac-be6a-ee11e2e54884</CopiedFrom>
  <LastModified>2017-05-30-10.09.55</LastModified>
  <Locked>true</Locked>
  <ColumnSpan>4</ColumnSpan>
  <Title>CASHFLOW ANALYSIS - NEXT MONTH</Title>
  <Background>#FF4B4A4D</Background>
  <BackgroundOpacity>0.8</BackgroundOpacity>
  <Name>FI Cashflow Analysis - Next Month</Name>
  <ID>7fed0368-1910-44f8-9ebd-e9da42c95f27</ID>
  <FormMappings />
  <DataSourceId>7b07d7a5-6bd4-42ca-89df-5f62fe32207c</DataSourceId>
  <ColumnMapping>
    <MappedColumns>
      <MappedColumn>
        <Column>source_id</Column>
        <Name>Source ID</Name>
        <DisplayName>Source ID</DisplayName>
        <Width>30</Width>
        <NavigateTarget>source_id</NavigateTarget>
        <ConditionalFormats />
      </MappedColumn>
      <MappedColumn>
        <Column>&amp;AO.Cfa_Analyse_Temp_Api.Get_Total_Acc_Curr_Amount('$COMPANY$', '$CASH_FLOW_ANALYSIS_ID$', source_id, 'In', trunc(SYSDATE), trunc(ADD_MONTHS(SYSDATE, 1)))</Column>
        <Name>Inflow</Name>
        <DisplayName>Inflow</DisplayName>
        <Width>15</Width>
        <IsNavigateParam>false</IsNavigateParam>
        <NavigateTarget>&amp;AO.Cfa_Analyse_Temp_Api.Get_Total_Acc_Curr_Amount('$COMPANY$', '$CASH_FLOW_ANALYSIS_ID$', source_id, 'In', trunc(SYSDATE), trunc(ADD_MONTHS(SYSDATE, 1)))</NavigateTarget>
        <ConditionalFormats />
      </MappedColumn>
      <MappedColumn>
        <Column>(&amp;AO.Cfa_Analyse_Temp_Api.Get_Total_Acc_Curr_Amount('$COMPANY$', '$CASH_FLOW_ANALYSIS_ID$', source_id, 'Out', trunc(SYSDATE), trunc(ADD_MONTHS(SYSDATE, 1))) ) * (-1)</Column>
        <Name>Outflow</Name>
        <DisplayName>Outflow</DisplayName>
        <Width>15</Width>
        <IsNavigateParam>false</IsNavigateParam>
        <NavigateTarget>(&amp;AO.Cfa_Analyse_Temp_Api.Get_Total_Acc_Curr_Amount('$COMPANY$', '$CASH_FLOW_ANALYSIS_ID$', source_id, 'Out', trunc(SYSDATE), trunc(ADD_MONTHS(SYSDATE, 1))) ) * (-1)</NavigateTarget>
        <ConditionalFormats />
      </MappedColumn>
      <MappedColumn>
        <Column>&amp;AO.Cfa_Analyse_Temp_Api.Get_Total_Acc_Curr_Amount('$COMPANY$', '$CASH_FLOW_ANALYSIS_ID$', source_id, 'In', trunc(SYSDATE), trunc(ADD_MONTHS(SYSDATE, 1))) + &amp;AO.Cfa_Analyse_Temp_Api.Get_Total_Acc_Curr_Amount('$COMPANY$', '$CASH_FLOW_ANALYSIS_ID$', source_id, 'Out', trunc(SYSDATE), trunc(ADD_MONTHS(SYSDATE, 1)))</Column>
        <Name>Net Cashflow</Name>
        <DisplayName>Net Cashflow</DisplayName>
        <IsNavigateParam>false</IsNavigateParam>
        <NavigateTarget>&amp;AO.Cfa_Analyse_Temp_Api.Get_Total_Acc_Curr_Amount('$COMPANY$', '$CASH_FLOW_ANALYSIS_ID$', source_id, 'In', trunc(SYSDATE), trunc(ADD_MONTHS(SYSDATE, 1))) + &amp;AO.Cfa_Analyse_Temp_Api.Get_Total_Acc_Curr_Amount('$COMPANY$', '$CASH_FLOW_ANALYSIS_ID$', source_id, 'Out', trunc(SYSDATE), trunc(ADD_MONTHS(SYSDATE, 1)))</NavigateTarget>
        <ConditionalFormats />
      </MappedColumn>
      <MappedColumn>
        <Column>&amp;AO.Cfa_Analyse_Source_Api.Get_Generation_Date('$COMPANY$', '$CASH_FLOW_ANALYSIS_ID$', source_id)</Column>
        <Name>Generation Date</Name>
        <DisplayName>Generation Date</DisplayName>
        <IsNavigateParam>false</IsNavigateParam>
        <NavigateTarget>&amp;AO.Cfa_Analyse_Source_Api.Get_Generation_Date('$COMPANY$', '$CASH_FLOW_ANALYSIS_ID$', source_id)</NavigateTarget>
        <ConditionalFormats />
      </MappedColumn>
    </MappedColumns>
    <ShowColumnHeaders>true</ShowColumnHeaders>
  </ColumnMapping>
</List>