﻿<SQLDataSource>
  <Author>IFS RnD</Author>
  <LastModified>2015-08-24-11.18.04</LastModified>
  <Locked>true</Locked>
  <Name>FI Goods Delivered Not Invoiced, Amount</Name>
  <ID>ff43b258-fa0d-4df2-bee1-3d8436bc5f4a</ID>
  <Select>
    <DataColumn>
      <Column>SUM(&amp;AO.Customer_Order_Line_Api.Get_Sale_Price_Incl_Tax_Total(order_no, line_no, rel_no, line_item_no))</Column>
      <Name>Total Gross Amount</Name>
      <DataType>Currency</DataType>
    </DataColumn>
  </Select>
  <Where>contract IN (SELECT contract FROM &amp;AO.site_public WHERE company = '$COMPANY$') AND objstate = 'Delivered' AND EXISTS (SELECT 1 FROM &amp;AO.user_allowed_site_pub WHERE contract = site)</Where>
  <View>CUSTOMER_ORDER_LINE</View>
  <OrderBy />
  <GroupBy />
</SQLDataSource>