﻿<SQLDataSource>
  <Author>IFS RnD</Author>
  <LastModified>2015-08-24-11.20.41</LastModified>
  <Locked>true</Locked>
  <Name>FI Preliminary Account Matching</Name>
  <ID>e7b7fbbd-5378-4626-8d09-0490b7959c7f</ID>
  <Select>
    <DataColumn>
      <Column>account</Column>
      <Name>Account</Name>
    </DataColumn>
    <DataColumn>
      <Column>account_desc</Column>
      <Name>Account Description</Name>
    </DataColumn>
    <DataColumn>
      <Column>matching_no</Column>
      <Name>Matching No</Name>
    </DataColumn>
    <DataColumn>
      <Column>SUM(amount)</Column>
      <Name>Amount</Name>
      <DataType>Currency</DataType>
    </DataColumn>
  </Select>
  <Where>COMPANY = '$COMPANY$' AND MATCHING_NO LIKE 'PR%' AND SIMULATION_VOUCHER = 'FALSE'</Where>
  <View>GEN_LED_VOUCHER_ROW_ACC_MATCH</View>
  <OrderBy>account ASC, matching_no ASC</OrderBy>
  <GroupBy>account, account_desc, matching_no</GroupBy>
</SQLDataSource>