﻿<List>
  <Author>IFS RnD</Author>
  <LastModified>2015-08-24-11.04.46</LastModified>
  <Locked>true</Locked>
  <ColumnSpan>2</ColumnSpan>
  <Title>TAX PROPOSALS IN PROGRESS</Title>
  <BackgroundOpacity>0.8</BackgroundOpacity>
  <Name>FI Tax Proposals in Progress</Name>
  <ID>67115b94-dc8f-4470-a670-02f4dfe6a3ec</ID>
  <CustomUrl>ifsapf:tbwTaxProposal?COMPANY=$COMPANY$</CustomUrl>
  <FormMappings />
  <DataSourceId>01ad632f-cb7a-47a8-996a-7d076a27df45</DataSourceId>
  <ColumnMapping>
    <MappedColumns>
      <MappedColumn>
        <Column>proposal_id</Column>
        <Name>Proposal Id</Name>
        <DisplayName>ID</DisplayName>
        <Width>10</Width>
        <NavigateTarget>proposal_id</NavigateTarget>
        <ConditionalFormats />
      </MappedColumn>
      <MappedColumn>
        <Column>tax_report_no</Column>
        <Name>Tax Report No</Name>
        <DisplayName>Report No</DisplayName>
        <Width>30</Width>
        <IsNavigateParam>false</IsNavigateParam>
        <NavigateTarget>tax_report_no</NavigateTarget>
        <ConditionalFormats />
      </MappedColumn>
      <MappedColumn>
        <Column>state</Column>
        <Name>State</Name>
        <DisplayName>Status</DisplayName>
        <IsNavigateParam>false</IsNavigateParam>
        <NavigateTarget>state</NavigateTarget>
        <ConditionalFormats />
      </MappedColumn>
    </MappedColumns>
    <ShowColumnHeaders>true</ShowColumnHeaders>
  </ColumnMapping>
</List>