﻿<SQLDataSource>
  <Author>IFS RnD</Author>
  <CopiedFrom>ff43b258-fa0d-4df2-bee1-3d8436bc5f4a</CopiedFrom>
  <LastModified>2015-08-24-11.18.08</LastModified>
  <Locked>true</Locked>
  <Name>FI Goods Delivered Not Invoiced, Count</Name>
  <ID>b388cbfe-0a98-4194-9658-5b9c7024bb0a</ID>
  <Select>
    <DataColumn>
      <Column>COUNT(distinct(order_no))</Column>
      <Name>Count</Name>
      <DataType>Number</DataType>
    </DataColumn>
  </Select>
  <Where>contract IN (SELECT contract FROM &amp;AO.site_public WHERE company = '$COMPANY$') AND objstate = 'Delivered' AND EXISTS (SELECT 1 FROM &amp;AO.user_allowed_site_pub WHERE contract = site)</Where>
  <View>CUSTOMER_ORDER_LINE</View>
  <OrderBy />
  <GroupBy />
</SQLDataSource>