﻿<List>
  <Author>ifsapp</Author>
  <LastModified>2021-04-15-09.44.57</LastModified>
  <RowSpan>2</RowSpan>
  <ColumnSpan>2</ColumnSpan>
  <Title>Requires Finance Project Approval</Title>
  <Background>#FF4B4A4D</Background>
  <Name>Initialized_Projects</Name>
  <ID>433eb7f3-4e21-423a-9e9d-d26b10351154</ID>
  <CustomUrl>ifsapf:frmProjectDetailInfo</CustomUrl>
  <PassDataToForm>false</PassDataToForm>
  <FormMappings />
  <DataSourceId>e8e5a0e5-c04d-4622-8606-7d1774fec8c7</DataSourceId>
  <ColumnMapping>
    <MappedColumns>
      <MappedColumn>
        <Column>PROJECT_ID</Column>
        <Name>Project ID</Name>
        <DisplayName>Project ID</DisplayName>
        <Width>10</Width>
        <NavigateTarget>PROJECT_ID</NavigateTarget>
        <ConditionalFormats />
      </MappedColumn>
      <MappedColumn>
        <Column>NAME</Column>
        <Name>Project Name</Name>
        <DisplayName>Project Name</DisplayName>
        <IsNavigateParam>false</IsNavigateParam>
        <NavigateTarget>NAME</NavigateTarget>
        <ConditionalFormats />
      </MappedColumn>
      <MappedColumn>
        <Column>PLAN_START</Column>
        <Name>Project Planned Start Date</Name>
        <DisplayName>Project Planned Start Date</DisplayName>
        <Width>10</Width>
        <IsNavigateParam>false</IsNavigateParam>
        <NavigateTarget>PLAN_START</NavigateTarget>
        <ConditionalFormats />
      </MappedColumn>
    </MappedColumns>
    <ShowColumnHeaders>true</ShowColumnHeaders>
  </ColumnMapping>
</List>