﻿<SQLDataSource>
  <Author>IFS RnD</Author>
  <CopiedFrom>8ab8891d-0cea-47c7-b99f-4401ceb823a4</CopiedFrom>
  <LastModified>2015-08-24-11.19.43</LastModified>
  <Locked>true</Locked>
  <Name>FI Not Updated Q Vouchers</Name>
  <ID>3c5ddc06-1533-43fa-ae0f-9fe86a791452</ID>
  <Select>
    <DataColumn>
      <Column>COUNT(voucher_no)</Column>
      <Name>Count</Name>
      <DataType>Number</DataType>
    </DataColumn>
  </Select>
  <Where>company = '$COMPANY$' AND voucher_type = 'Q' AND voucher_updated_db   = 'N'</Where>
  <View>VOUCHER</View>
</SQLDataSource>