﻿<Counter>
  <Author>IFS RnD</Author>
  <LastModified>2015-08-24-11.07.48</LastModified>
  <Locked>true</Locked>
  <Title>NO OF ORDERS DELIVERED NOT INVOICED</Title>
  <BackgroundOpacity>0.8</BackgroundOpacity>
  <Name>FI Orders Delivered Not Invoiced</Name>
  <ID>cd42cf8c-9adb-4092-8d70-7cb38506cc1e</ID>
  <CustomUrl>ifsapf:tbwOverviewCustOrdLine?COMPANY=$COMPANY$</CustomUrl>
  <FormMappings />
  <DataSourceId>b388cbfe-0a98-4194-9658-5b9c7024bb0a</DataSourceId>
  <ColumnMapping>
    <MappedColumns>
      <MappedColumn>
        <Column>COUNT(distinct(order_no))</Column>
        <ConditionalFormats />
      </MappedColumn>
    </MappedColumns>
  </ColumnMapping>
</Counter>