﻿<SQLDataSource>
  <Author>IFS RnD</Author>
  <LastModified>2017-05-30-10.03.48</LastModified>
  <Locked>true</Locked>
  <Name>FI Cashflow Analysis - All</Name>
  <ID>582b2027-03c6-4f68-8790-177726604ae7</ID>
  <Select>
    <DataColumn>
      <Column>source_id</Column>
      <Name>Source ID</Name>
    </DataColumn>
    <DataColumn>
      <Column>&amp;AO.Cfa_Analyse_Temp_Api.Get_Total_Acc_Curr_Amount('$COMPANY$', '$CASH_FLOW_ANALYSIS_ID$', source_id, 'In', trunc(SYSDATE))</Column>
      <Name>Inflow</Name>
      <DataType>Currency</DataType>
    </DataColumn>
    <DataColumn>
      <Column>(&amp;AO.Cfa_Analyse_Temp_Api.Get_Total_Acc_Curr_Amount('$COMPANY$', '$CASH_FLOW_ANALYSIS_ID$', source_id, 'Out', trunc(SYSDATE)) ) * (-1)</Column>
      <Name>Outflow</Name>
      <DataType>Currency</DataType>
    </DataColumn>
    <DataColumn>
      <Column>&amp;AO.Cfa_Analyse_Temp_Api.Get_Total_Acc_Curr_Amount('$COMPANY$', '$CASH_FLOW_ANALYSIS_ID$', source_id, 'In', trunc(SYSDATE)) + &amp;AO.Cfa_Analyse_Temp_Api.Get_Total_Acc_Curr_Amount('$COMPANY$', '$CASH_FLOW_ANALYSIS_ID$', source_id, 'Out', trunc(SYSDATE))</Column>
      <Name>Net Cashflow</Name>
      <DataType>Currency</DataType>
    </DataColumn>
    <DataColumn>
      <Column>&amp;AO.Cfa_Analyse_Source_Api.Get_Generation_Date('$COMPANY$', '$CASH_FLOW_ANALYSIS_ID$', source_id)</Column>
      <Name>Generation Date</Name>
      <DataType>Date</DataType>
    </DataColumn>
  </Select>
  <Where>system_defined_db = 'TRUE'</Where>
  <View>CFA_SOURCE</View>
</SQLDataSource>