﻿<List>
  <Author>IFS RnD</Author>
  <LastModified>2015-08-24-11.03.02</LastModified>
  <Locked>true</Locked>
  <RowSpan>2</RowSpan>
  <ColumnSpan>4</ColumnSpan>
  <Title>FIXED ASSETS OVERVIEW</Title>
  <Background>#FFFFFFFF</Background>
  <BackgroundOpacity>0.8</BackgroundOpacity>
  <Foreground>#FF4B4A4D</Foreground>
  <Name>FI Fixed Assets Overview</Name>
  <ID>ded84572-a020-4a2c-9d17-32eceed13534</ID>
  <CustomUrl>ifsapf:tbwQueryMethodSum?COMPANY=$COMPANY$</CustomUrl>
  <FormMappings />
  <DataSourceId>9abe7a39-91b3-4d8d-8c18-5d3ffa7bce6e</DataSourceId>
  <ColumnMapping>
    <MappedColumns>
      <MappedColumn>
        <Column>book_id</Column>
        <Name>Book ID</Name>
        <DisplayName>Book</DisplayName>
        <Width>13</Width>
        <NavigateTarget>book_id</NavigateTarget>
        <ConditionalFormats />
      </MappedColumn>
      <MappedColumn>
        <Column>object_group_id</Column>
        <Name>Object Group</Name>
        <DisplayName>Obj. Grp.</DisplayName>
        <Width>12</Width>
        <NavigateTarget>object_group_id</NavigateTarget>
        <ConditionalFormats />
      </MappedColumn>
      <MappedColumn>
        <Column>SUM(book_acq_value)</Column>
        <Name>Acq. Value</Name>
        <DisplayName>Acq. Value</DisplayName>
        <Width>15</Width>
        <IsNavigateParam>false</IsNavigateParam>
        <NavigateTarget>SUM(book_acq_value)</NavigateTarget>
        <ConditionalFormats />
      </MappedColumn>
      <MappedColumn>
        <Column>SUM(acc_depr_prev_year + acc_depr_curr_year)</Column>
        <Name>Acc. Depreciation</Name>
        <DisplayName>Acc. Depr.</DisplayName>
        <Width>15</Width>
        <IsNavigateParam>false</IsNavigateParam>
        <NavigateTarget>SUM(acc_depr_prev_year + acc_depr_curr_year)</NavigateTarget>
        <ConditionalFormats />
      </MappedColumn>
      <MappedColumn>
        <Column>SUM(DECODE(fully_depreciated, 'TRUE', (acc_depr_prev_year + acc_depr_curr_year + salvage_value + (non_depr_base_value * base_value / 100) + total_reductions), 0))</Column>
        <Name>Fully Depriciated Amount</Name>
        <DisplayName>Fully Depr Asst. Amt.</DisplayName>
        <Width>30</Width>
        <IsNavigateParam>false</IsNavigateParam>
        <NavigateTarget>SUM(DECODE(fully_depreciated, 'TRUE', (acc_depr_prev_year + acc_depr_curr_year + salvage_value + (non_depr_base_value * base_value / 100) + total_reductions), 0))</NavigateTarget>
        <ConditionalFormats />
      </MappedColumn>
      <MappedColumn>
        <Column>SUM(base_value - acc_depr_prev_year - acc_depr_curr_year)</Column>
        <Name>Net Book Value</Name>
        <DisplayName>Net Book Value</DisplayName>
        <IsNavigateParam>false</IsNavigateParam>
        <NavigateTarget>SUM(base_value - acc_depr_prev_year - acc_depr_curr_year)</NavigateTarget>
        <ConditionalFormats />
      </MappedColumn>
    </MappedColumns>
    <ShowColumnHeaders>true</ShowColumnHeaders>
  </ColumnMapping>
</List>