﻿<SQLDataSource>
  <Author>IFS RnD</Author>
  <LastModified>2017-06-27-11.20.39</LastModified>
  <Locked>true</Locked>
  <Name>FI Erroneous Inventory Transactions</Name>
  <ID>2146fc74-300c-4103-a8bf-68a4640466c8</ID>
  <Select>
    <DataColumn>
      <Column>COUNT(1)</Column>
      <Name>Count</Name>
      <DataType>Number</DataType>
    </DataColumn>
  </Select>
  <Where>contract IN (SELECT contract FROM &amp;AO.site_public WHERE company = '$COMPANY$') AND EXISTS (SELECT 1 FROM &amp;AO.user_allowed_site_pub WHERE contract = site) AND accounting_id IN (SELECT accounting_id FROM &amp;AO.MPCCOM_ACCOUNTING WHERE status_code = '99')</Where>
  <View>INVENTORY_TRANSACTION_HIST2</View>
</SQLDataSource>